reviewId,content,score,thumbsUpCount,at,source,thread,id,primary_tag,secondary_tag,categories_mentioned,explored_new,sentiment
541b416c-5c94-4b7d-aa5e-8602167be0ed,"Yeah, I should congratulate this app and the company for delivering Damaged products to their customers.",1.0,0.0,2026-07-15 12:09:44,play_store,,541b416c-5c94-4b7d-aa5e-8602167be0ed,SERVICE_NOISE,,[],False,negative
07679f5a-4ead-4297-be3a-fa83b6c1716d,"Absolutely pathetic customer service. Received a punctured, leaking packet of dahi, and their support team completely refused to help, claiming the ""delivery photo looks fine."" It’s a joke. They are literally willing to lose a returning customer permanently over a ₹23 item. If they cannot take responsibility for damaged food items, there is no point in using this app. Deleting immediately and switching to competitors who actually value their users. Unreliable and deeply disappointing",1.0,0.0,2026-07-15 12:07:56,play_store,,07679f5a-4ead-4297-be3a-fa83b6c1716d,SERVICE_NOISE,TRUST_QUALITY,['dairy'],False,negative
7e07bc3f-e1a5-481b-8048-162a25f4cb76,poor customer care service,2.0,0.0,2026-07-15 11:53:09,play_store,,7e07bc3f-e1a5-481b-8048-162a25f4cb76,SERVICE_NOISE,,[],False,negative
b3a978f8-e534-4611-8999-05a47980bbb0,"Title: Quick resolution by the escalation team! Initially received a tampered and half-empty product, and the chat support was completely useless. However, once I emailed their Grievance team, they resolved the issue instantly and processed my refund within hours. Chat support needs better training, but the higher escalation team is highly professional and responsible. Thanks for restoring my trust, Zepto!",5.0,0.0,2026-07-15 11:22:39,play_store,,b3a978f8-e534-4611-8999-05a47980bbb0,SERVICE_NOISE,,[],False,mixed
a3739c7e-4fae-40b8-9757-fd64789b9f22,one of the worst in quick commerence,1.0,0.0,2026-07-15 11:21:19,play_store,,a3739c7e-4fae-40b8-9757-fd64789b9f22,SERVICE_NOISE,,[],False,negative
23d1e11d-98e3-407a-a98c-edafbb622a4e,ok ok not so good not so bad,3.0,0.0,2026-07-15 11:10:35,play_store,,23d1e11d-98e3-407a-a98c-edafbb622a4e,SERVICE_NOISE,,[],False,mixed
6306d99b-cd60-46a7-a455-9e10f7488c13,fast and good service center near hai is only zepto zepto zepto zepto zepto zepto service center.,1.0,0.0,2026-07-15 11:04:38,play_store,,6306d99b-cd60-46a7-a455-9e10f7488c13,SERVICE_NOISE,,[],False,positive
249f83ad-67ea-4ff3-83f6-aaa2dc8b862c,"Paced an order recently and reported that an item is missing and they kept repeating as below. For Exo Ginger & Lemon Anti Bacterial Dishwash Liquid | Tough Grease Removal with Power of Bio-EnzymesThank you for sharing your concern. Upon reviewing the delivery details, after a thorough review of your order, we can confirm that all items were delivered in full. Unfortunately, we will not be able to process your request further. We appreciate your understanding.Pathetic and pop corn is too salty.",1.0,0.0,2026-07-15 11:04:16,play_store,,249f83ad-67ea-4ff3-83f6-aaa2dc8b862c,SERVICE_NOISE,,['household'],False,negative
06aa9153-9b2e-4c4d-82f3-cf433ef71c1d,they suppose to pick up the item from me but they didn't do it but not given the refund they know how to cheat customer,1.0,0.0,2026-07-15 10:59:05,play_store,,06aa9153-9b2e-4c4d-82f3-cf433ef71c1d,SERVICE_NOISE,,[],False,negative
ac298854-32e1-4540-ba09-da6e25b55b35,good & fast delivery.,5.0,0.0,2026-07-15 10:45:56,play_store,,ac298854-32e1-4540-ba09-da6e25b55b35,SERVICE_NOISE,,[],False,positive
d7f04616-e709-411a-9850-2d7086aa874f,Very worst company no quick customer support. They are cheating with customers by delivering the wrong products and playing very nice with customers I want to delete this and my account has no response. I will uninstall and delete this Zepto.,1.0,0.0,2026-07-15 10:42:20,play_store,,d7f04616-e709-411a-9850-2d7086aa874f,SERVICE_NOISE,,[],False,negative
e54ea284-2cdd-4cf7-a692-c85aeef108f8,really trusted 💯 thank you zomato ❤️,5.0,0.0,2026-07-15 10:24:44,play_store,,e54ea284-2cdd-4cf7-a692-c85aeef108f8,SERVICE_NOISE,,[],False,positive
f92c1f20-5b84-4efb-b09e-46c9931a0c1a,"shows 5 minute delivery , make 30 minutes by delaying time...greater noida",1.0,0.0,2026-07-15 10:10:02,play_store,,f92c1f20-5b84-4efb-b09e-46c9931a0c1a,SERVICE_NOISE,,[],False,negative
689ccd28-d297-4869-809a-ef9c416855a4,scamming products are not up to mark no option to return product or exchange,1.0,0.0,2026-07-15 09:53:30,play_store,,689ccd28-d297-4869-809a-ef9c416855a4,SERVICE_NOISE,TRUST_QUALITY,[],False,negative
d2489b25-b485-4b7f-a600-d2427563a4df,good quality good service,1.0,0.0,2026-07-15 09:49:49,play_store,,d2489b25-b485-4b7f-a600-d2427563a4df,SERVICE_NOISE,,[],False,positive
0f7956de-aeca-40a9-94fd-a8330729f7e1,"Rating: 1/5 ⭐ My recent experience with Zepto was extremely disappointing. The service failed to meet even basic expectations in terms of delivery and product quality. More concerning was the poor quality of the products received. Some items were not fresh, and the overall quality fell well below what customers should reasonably expect. The packaging was also unsatisfactory, raising concerns about product handling and quality checks before dispatch.",1.0,0.0,2026-07-15 09:45:07,play_store,,0f7956de-aeca-40a9-94fd-a8330729f7e1,TRUST_QUALITY,,[],False,negative
6ced8ab5-0f3c-418f-9f72-58b2020007a6,I'm not able to login in zepto lite,1.0,0.0,2026-07-15 09:37:10,play_store,,6ced8ab5-0f3c-418f-9f72-58b2020007a6,SERVICE_NOISE,,[],False,negative
95027d5a-7f6b-4463-8e87-ef32ea976a9b,fast deliver best rate thanks zepto,5.0,0.0,2026-07-15 09:36:50,play_store,,95027d5a-7f6b-4463-8e87-ef32ea976a9b,SERVICE_NOISE,,[],False,positive
f5adcb99-63b2-408e-86d1-542e09f9e8b6,most unreliable 10min delivery service.. never delivers before 25min.. even when app shows delivery in 6 or 7 mins. u cant trust them with last min deliveries,1.0,0.0,2026-07-15 09:26:24,play_store,,f5adcb99-63b2-408e-86d1-542e09f9e8b6,SERVICE_NOISE,,[],False,negative
859528cc-f519-4ca4-b115-64e4d0fb78a3,referal code not show...,1.0,0.0,2026-07-15 09:16:57,play_store,,859528cc-f519-4ca4-b115-64e4d0fb78a3,SERVICE_NOISE,,[],False,negative
e6ef598b-a6a2-4ec3-96b8-c68e812339a5,no option for cancelation. You can tell delivery agent but till then it's too late. Need serious improvements in app & system.,1.0,0.0,2026-07-15 09:14:05,play_store,,e6ef598b-a6a2-4ec3-96b8-c68e812339a5,SERVICE_NOISE,,[],False,negative
4d0fddd3-7f8a-4d8e-8438-653e77e7ecb8,thnks for refund thnks zepto.,5.0,0.0,2026-07-15 09:08:07,play_store,,4d0fddd3-7f8a-4d8e-8438-653e77e7ecb8,SERVICE_NOISE,,[],False,positive
5306554a-50fb-4248-a646-1504508f55fd,"Never order fruit and vegetables from them. They will send you spoiled, rotten item and then do not issue replacement or refund for any product. their chat and email support is pathetic.",1.0,0.0,2026-07-15 09:08:02,play_store,,5306554a-50fb-4248-a646-1504508f55fd,TRUST_QUALITY,,"['fruits', 'vegetables']",False,negative
eca57ff1-c0fc-4a8d-8835-73b11a5a690a,"Orders are now automatically moved to COD mode and you can't cancel it once your order it even within 10 seconds. Only order cancellation is possible at your door step, waste of time & fuel only.",1.0,0.0,2026-07-15 09:02:49,play_store,,eca57ff1-c0fc-4a8d-8835-73b11a5a690a,SERVICE_NOISE,,[],False,negative
379c8701-9ef5-4e08-a91d-f9153666fef8,"The stupidest app ever, also the delivery persons of zepto are mindless. please do not use the app for ordering anything. A simple order will take more than an hour at least.",1.0,0.0,2026-07-15 08:56:51,play_store,,379c8701-9ef5-4e08-a91d-f9153666fef8,SERVICE_NOISE,,[],False,negative
18161a00-bad7-4484-a727-f34155e2cde9,always excellent service provided,5.0,0.0,2026-07-15 08:20:15,play_store,,18161a00-bad7-4484-a727-f34155e2cde9,SERVICE_NOISE,,[],False,positive
625ed4b4-f468-4df2-ab81-9df83b76d3ad,Zepto is getting worse now. Most of the items are either missing or different from what i ordered. This is now routine practice. I don't know about others but I'm facing it.,2.0,0.0,2026-07-15 08:07:40,play_store,,625ed4b4-f468-4df2-ab81-9df83b76d3ad,SERVICE_NOISE,,[],False,negative
9ded51b2-6111-458d-ab58-21ddb629ef81,You sent me an expired product. And what kind of policy is this that only allows a 500 MB photo? I will never recommend anyone to use this app. You're just wasting your customers' money.,1.0,0.0,2026-07-15 08:06:11,play_store,,9ded51b2-6111-458d-ab58-21ddb629ef81,TRUST_QUALITY,,[],False,negative
a027c78e-597b-4e7f-840c-763870bc6e48,Good Service but Not verification bill,5.0,0.0,2026-07-15 07:57:12,play_store,,a027c78e-597b-4e7f-840c-763870bc6e48,SERVICE_NOISE,,[],False,mixed
79c208a6-26b4-44de-bba7-1e36d57d8fc6,"this app if trash these people delivered rotten and spoiled items and didn't Even exchange and return it why cause it's open like how the hell we are supposed to know it's not rotten by looking at packaging and on top of that they don't have a way to connect with them except a virtual assistant this app is just a fraud don't even deserve 1 star,waste of money. don't install this app they don't even provide any solution even in email just go and buy things from the Stores this app is a scam.",1.0,0.0,2026-07-15 07:48:42,play_store,,79c208a6-26b4-44de-bba7-1e36d57d8fc6,TRUST_QUALITY,,[],False,negative
904422a0-d90f-4a68-be1f-f39f2611aee7,its so reasonable that beyond my imagination,5.0,0.0,2026-07-15 07:47:42,play_store,,904422a0-d90f-4a68-be1f-f39f2611aee7,SERVICE_NOISE,,[],False,positive
911abde7-f2d5-4744-85ac-a26241693463,Makes your daily life easy by delivering the things which you want within minutes. Products are fresh clean nd well packed,5.0,0.0,2026-07-15 07:28:57,play_store,,911abde7-f2d5-4744-85ac-a26241693463,SERVICE_NOISE,,[],False,positive
12124dfc-6bb4-4bf4-ad65-ec9db7496e0b,Don't buy a dairy product in zepto. zepto team not accepting mistake and dairy product quality was not good.,2.0,0.0,2026-07-15 07:13:18,play_store,,12124dfc-6bb4-4bf4-ad65-ec9db7496e0b,TRUST_QUALITY,SERVICE_NOISE,['dairy'],False,negative
3128f51e-7633-479e-a78f-e4734809b472,received spoiled milk of 4 packets,1.0,0.0,2026-07-15 07:12:55,play_store,,3128f51e-7633-479e-a78f-e4734809b472,TRUST_QUALITY,,['dairy'],False,negative
15ab0116-b473-40ae-b8c6-7548fd6e1b11,It's amazing for me..,5.0,0.0,2026-07-15 06:45:38,play_store,,15ab0116-b473-40ae-b8c6-7548fd6e1b11,SERVICE_NOISE,,[],False,positive
2136caea-88c5-4a5a-a17c-3afc92227591,I don't understand why there's no option to leave a message for the delivery partner. This feels like poor customer service.,2.0,0.0,2026-07-15 06:00:20,play_store,,2136caea-88c5-4a5a-a17c-3afc92227591,SERVICE_NOISE,,[],False,negative
b6c7761d-e75d-4811-962d-b1c3d6ff8039,"The service is awful, no proper customer care support for inconvenience. Worse experience , uninstalling now.",1.0,0.0,2026-07-15 01:21:37,play_store,,b6c7761d-e75d-4811-962d-b1c3d6ff8039,SERVICE_NOISE,,[],False,negative
6dbe468f-0a61-42ae-b92d-feaaf939800e,Worse experience!!!! they don't take accountability for their services and product. I would not recommend this app to anyone,1.0,0.0,2026-07-15 01:13:29,play_store,,6dbe468f-0a61-42ae-b92d-feaaf939800e,SERVICE_NOISE,,[],False,negative
1215609e-019f-413d-8ceb-457bd540550a,"I ordered item from zepto but the item is missing i cantact zepto help they told in delivery person already taken the photo in the photo the item are there , but I didn't see the delivery person take any photo , because he didn't taken any photo infront me ,I think what if the delivery person steal my item because i didn't receive the item it's truly missing , but I don't want any replacemet or refund either Please solve the problem ,please enquiry the delivery person and also I'm not using app",1.0,0.0,2026-07-15 01:03:42,play_store,,1215609e-019f-413d-8ceb-457bd540550a,SERVICE_NOISE,,[],False,negative
ad0dd10f-1ccd-46a7-9c77-c350a668f373,"""ZEPTO..Deliver in hours"" ..I could not see less than one star here so I have to give min 1 star ...worst app ever ..If delivery Agnes is not available at my area then why you accept my order ??? also wanted 1 hr ....guys please don't call in trap ..it's a nonsense business.. Also zero customer support ...They put one BOt there to resolve customer problem...it's repeating same sentence again that's more frustrating",1.0,0.0,2026-07-15 01:01:11,play_store,,ad0dd10f-1ccd-46a7-9c77-c350a668f373,SERVICE_NOISE,,[],False,negative
133ffb81-a618-43dc-a22b-1f7c43827851,very annoying app..always i orderd anything they show timing 10min 24 min but they delivered after 1 hour sometimes 45 min s later never they delivered proper time..disgusting app...sometimes rider called ask for cancellation,1.0,0.0,2026-07-15 00:53:25,play_store,,133ffb81-a618-43dc-a22b-1f7c43827851,SERVICE_NOISE,,[],False,negative
e655eb9e-9f05-445a-af68-ca126e46990c,ab ye aap bekaar ho gai ha. inke pass staff rakhne ke liye paise nahi ha tabhi to ye order 5 min ka bol kar 30 min me late ha in se acha to blinkit ha . or agar koi itam kharab ho to use change bhi nahi karte froud ha saare,1.0,0.0,2026-07-15 00:50:05,play_store,,e655eb9e-9f05-445a-af68-ca126e46990c,SERVICE_NOISE,TRUST_QUALITY,[],False,negative
094ee8a8-93cc-4f8c-9944-2c37f13263e5,worst application I suggest no one use this application,1.0,0.0,2026-07-15 00:46:39,play_store,,094ee8a8-93cc-4f8c-9944-2c37f13263e5,SERVICE_NOISE,,[],False,negative
42d631ec-d413-4cce-9b36-8bab4d6f4ec0,मशरूम खराब निकले अंदर से काले काले ब्लैक ब्लैक हमारा पैसा वापस करो,1.0,0.0,2026-07-15 00:42:00,play_store,,42d631ec-d413-4cce-9b36-8bab4d6f4ec0,TRUST_QUALITY,,['vegetables'],False,negative
3afbfb21-ed98-4c87-86ee-f8f42fab1552,services are very quick.ontime availablity Thanks for giving us best products and services,5.0,0.0,2026-07-15 00:31:20,play_store,,3afbfb21-ed98-4c87-86ee-f8f42fab1552,SERVICE_NOISE,,[],False,positive
3841acb7-6478-42b2-b435-79919a8796f0,order anything which is supposed to be cold it arrives really dirty. order yoghurt it arrived with rat feces stuck to it. Fssai should shut these stores down .,1.0,0.0,2026-07-15 00:23:35,play_store,,3841acb7-6478-42b2-b435-79919a8796f0,TRUST_QUALITY,,['yoghurt'],False,negative
c196210f-4534-4a76-8243-fb5e44d9c4a5,bad experience wrong item delevery or melted icecream delever and give me a coupon of perfume for refund,1.0,0.0,2026-07-15 00:22:57,play_store,,c196210f-4534-4a76-8243-fb5e44d9c4a5,SERVICE_NOISE,,['icecream'],False,negative
e8817fe1-f442-463a-a1e8-20c6e5c98766,some time issu with proper solution...to product .. manufacturing..issu.. overall best service pls maintain low amount dilver...99 rupees dilivery free . customer is 100% zepto compair prices low.,4.0,0.0,2026-07-15 00:08:17,play_store,,e8817fe1-f442-463a-a1e8-20c6e5c98766,PRICE_VALUE,,[],False,positive
deca1351-27dd-437e-9d13-75b44b6711c9,"Worst in terms of grievance redressal I recieved expired and curdled milk but did not recieve any refund. They said the product is under expiry and meets their quality standards....I mean what company had expired product under their quality standards. Have recieved expired milk in blinkit as well, did not even took them two minutes to process the refund",1.0,0.0,2026-07-14 23:49:52,play_store,,deca1351-27dd-437e-9d13-75b44b6711c9,TRUST_QUALITY,SERVICE_NOISE,['milk'],False,negative
dfa55f78-de49-4c2d-aa59-83c534ef889e,"⭐⭐⭐⭐⭐ Excellent experience with Zepto! The delivery was super fast, the products were fresh, and everything arrived neatly packed. The app is easy to use, prices are reasonable, and the delivery partner was polite and professional. It's very convenient for last-minute grocery needs. Highly recommended!",5.0,0.0,2026-07-14 23:38:34,play_store,,dfa55f78-de49-4c2d-aa59-83c534ef889e,SERVICE_NOISE,,[],False,positive
b7636013-6972-4260-a265-bc8acce721ad,zepto cafe issues not so resolving of we are ordering from zepto cafe we need a option for the preferences about food or instruction we want to give to the store and help desk was not at all satisfying theres no hope of resolving issues of the customers zepto needs to be more updated,2.0,0.0,2026-07-14 23:36:57,play_store,,b7636013-6972-4260-a265-bc8acce721ad,SERVICE_NOISE,,[],False,negative
2bbb3b2b-bc5f-4395-a30a-d4b8a6612e08,GOOD PACKAGING & VERY FAST DELIVERY 🫶🏻,5.0,0.0,2026-07-14 23:36:03,play_store,,2bbb3b2b-bc5f-4395-a30a-d4b8a6612e08,SERVICE_NOISE,,[],False,positive
df49f3c3-3c50-4bef-a7cd-ec846eaf93e9,worst night delivery experience. don't deliver the order and won't give option to cancel . ordered at 11 and come at 1 when slept,1.0,0.0,2026-07-14 23:34:56,play_store,,df49f3c3-3c50-4bef-a7cd-ec846eaf93e9,SERVICE_NOISE,,[],False,negative
a08ca67b-1072-4c70-b0d2-ae2bb4858ae2,"False advertising and deliberate lack of customer support. The app keeps advertising cashback but never actually credited it to my bank. If you're not going to stand up the promotional offer, then don't use it for your marketing. There's no way to contact costumer support either.",1.0,0.0,2026-07-14 23:32:42,play_store,,a08ca67b-1072-4c70-b0d2-ae2bb4858ae2,SERVICE_NOISE,,[],False,negative
93ab73cf-31e6-4ab1-a707-14c7b709828b,Don't use it.I received wrong product and they rejected replacement request.Already mail sent.,1.0,0.0,2026-07-14 23:29:31,play_store,,93ab73cf-31e6-4ab1-a707-14c7b709828b,SERVICE_NOISE,,[],False,negative
eb78b7ac-b299-408e-bdb6-61b725e821a8,very fast delivery I like it,5.0,0.0,2026-07-14 23:27:58,play_store,,eb78b7ac-b299-408e-bdb6-61b725e821a8,SERVICE_NOISE,,[],False,positive
cdf86615-6c77-4c93-8018-e1ec2dd94efa,"bad experience, deley delivery, bad product, melt 🍦 delivery",1.0,0.0,2026-07-14 23:26:13,play_store,,cdf86615-6c77-4c93-8018-e1ec2dd94efa,SERVICE_NOISE,,[],False,negative
ca28796b-4118-4dab-80d0-141276441d28,Never going to buy from Zepto. Zepto doesn't keep the promises and instead blames customer for their bad services. It's better to use Blink it or Big Basket.,1.0,0.0,2026-07-14 23:22:17,play_store,,ca28796b-4118-4dab-80d0-141276441d28,SERVICE_NOISE,,[],False,negative
8babd18e-1940-43fb-80fe-0bdfcb06f0e8,"pathetic experience. everytime they are sending another brand product while i have ordered tata moong daal they sent fortune moong daal. this happened more than 4-5 times now. also help support closed the chat while i vlearly said i need replacement still they haven't observed. abdolutely rubbish app, just uninstalling this. instamart and blinkit experience is much better.",1.0,0.0,2026-07-14 23:19:33,play_store,,8babd18e-1940-43fb-80fe-0bdfcb06f0e8,SERVICE_NOISE,,['moong daal'],False,negative
f476cee8-03dc-4a9f-9a8a-fae104dd63a6,Pathetic app please do not download... no customer support,1.0,0.0,2026-07-14 23:15:17,play_store,,f476cee8-03dc-4a9f-9a8a-fae104dd63a6,SERVICE_NOISE,,[],False,negative
2459d06f-acd2-44e6-b6bf-ff023ee41c73,"This app is very good. Most apps charge ₹99 to unlock free delivery, but this app offers free delivery for only ₹49.",5.0,0.0,2026-07-14 23:11:35,play_store,,2459d06f-acd2-44e6-b6bf-ff023ee41c73,PRICE_VALUE,,[],False,positive
7dafd93e-70ec-4e7c-9256-fb51a2286acb,very frustrating experience from Zepto customer service..chatbot is extremely frustrating no human assistance at all whatso ever .. why is d team so apathetic.. i don't see any changes at all even after repeated concerns raised ..Zap is like same repeated looped response n even in d night ..very very disappointed ..earlier I had shared poor quality milk supplies no one called or responded in a positive manner...!,1.0,3.0,2026-07-14 23:01:47,play_store,,7dafd93e-70ec-4e7c-9256-fb51a2286acb,SERVICE_NOISE,TRUST_QUALITY,['milk'],False,negative
6728eb86-486a-4948-a2c9-c85660418bde,Good platform for quick delivery with best price and quality.,5.0,0.0,2026-07-14 22:49:03,play_store,,6728eb86-486a-4948-a2c9-c85660418bde,SERVICE_NOISE,,[],False,positive
ff492101-5ce4-4a07-a3e0-549881b1c4ec,slowest delivery out of all the others in South East Delhi. ordered once and trying never again,1.0,0.0,2026-07-14 22:43:27,play_store,,ff492101-5ce4-4a07-a3e0-549881b1c4ec,SERVICE_NOISE,,[],False,negative
971c0103-4c06-43a9-a2b6-990c5e933eb5,"Actually its a good app, but cancelling order option may need sometimes. As I accidentally clicked instant order button, while I'm adding items to cart, the order got placed, there's no cancel option or customer support chat not providing cancelling process. Need some modification in this.",3.0,0.0,2026-07-14 22:43:13,play_store,,971c0103-4c06-43a9-a2b6-990c5e933eb5,SERVICE_NOISE,,[],False,mixed
1d100e6b-c939-48ed-bf1f-4ad8d628e0e8,"so sweet zepto ***सर्विस,",5.0,0.0,2026-07-14 22:34:27,play_store,,1d100e6b-c939-48ed-bf1f-4ad8d628e0e8,SERVICE_NOISE,,[],False,positive
4660e2e0-3ffc-4ad0-bc64-bcac39ff2734,"bloody scammist, 1st no COD , 2nd it's past 40 mins and my order hasn't come , the rider not picking up phone, customer care is bot which only says 2 mins for past 40 mins. there is no option to really reach out for help . I have zepto pass and this is how they treat with customer. I have noted and took screenshot of all the chats . and I am putting up a complaint in consumer forum. there will be no conversation anymore. see u in the forum court.",1.0,0.0,2026-07-14 22:30:45,play_store,,4660e2e0-3ffc-4ad0-bc64-bcac39ff2734,SERVICE_NOISE,,[],False,negative
bf1cea99-68bb-4009-b323-6e15ff38ac23,this app useful for our life,5.0,0.0,2026-07-14 22:30:02,play_store,,bf1cea99-68bb-4009-b323-6e15ff38ac23,SERVICE_NOISE,,[],False,positive
00775791-d960-4cc4-b75a-eaba670c5d03,"Very disappointing customer service. I received rotten vegetables in my prepaid order and immediately shared clear photos as proof. Despite this, my refund was denied because the seller claimed the products were in good condition when dispatched. Customers should not have to pay for damaged or spoiled items they receive. The company relies only on the seller's internal verification and ignores the customer's evidence. This experience has made me lose trust in the service. worst customer service",1.0,0.0,2026-07-14 22:27:58,play_store,,00775791-d960-4cc4-b75a-eaba670c5d03,TRUST_QUALITY,SERVICE_NOISE,['vegetables'],False,negative
c8620611-49cf-43d6-8ad7-58eaeed271d5,referral code not showing.,1.0,0.0,2026-07-14 22:18:01,play_store,,c8620611-49cf-43d6-8ad7-58eaeed271d5,SERVICE_NOISE,,[],False,negative
c3c9baa8-f431-4881-885a-c2e229563f6b,when I order print out of 2 pages of the same pdf I get two different prints They gave me someone else's print The only good thing is that they refund quick or else not at all recommend for print outs..... Zepto you shall upgrade your printing service,2.0,0.0,2026-07-14 22:12:20,play_store,,c3c9baa8-f431-4881-885a-c2e229563f6b,SERVICE_NOISE,,[],False,negative
137bba9d-ec92-4d43-abda-de382bd41ec8,Put voice search yaar,5.0,0.0,2026-07-14 22:04:09,play_store,,137bba9d-ec92-4d43-abda-de382bd41ec8,SERVICE_NOISE,,[],False,negative
1e915bd7-53e7-4332-ad0e-ce700d7202e0,bekar 3rd class online platform,1.0,0.0,2026-07-14 21:55:52,play_store,,1e915bd7-53e7-4332-ad0e-ce700d7202e0,SERVICE_NOISE,,[],False,negative
f049a52d-df6d-4189-8ce4-207c854b51cc,"Zepto, you sent an item without packaging even though i didn't opt for no packaging option. You suck. NEVER GOING TO ORDER AGAIN. Charge more for packaging. But no, you had to take the slimy route. I will pay 30 percent extra to other apps then use this app. NEVER AGAIN.",1.0,0.0,2026-07-14 21:45:00,play_store,,f049a52d-df6d-4189-8ce4-207c854b51cc,SERVICE_NOISE,,[],False,negative
e15fdcbf-0eff-4add-9c37-2f6ba29d3098,"I ordered 2 units of a product but the package I received only contained 1 unit. Customer care closed my request stating the items were ""delivered,"" but they failed to verify the physical contents and weight of the shipped package. I have my proof also.",1.0,0.0,2026-07-14 21:43:04,play_store,,e15fdcbf-0eff-4add-9c37-2f6ba29d3098,SERVICE_NOISE,,[],False,negative
c61e1fd9-06d5-47e8-a56c-88829d0f4cff,worst app the delivery agent doesn't answer my call n my order was never delivered to me it was only showing arrived arrived rubbish customer service is of no use,1.0,0.0,2026-07-14 21:38:28,play_store,,c61e1fd9-06d5-47e8-a56c-88829d0f4cff,SERVICE_NOISE,,[],False,negative
fcf8812e-f5bd-4298-a073-e5803ce9d844,"I have more support queries, returns and refunds than the number of satisfied delivery experience. Reasons: wrong items, infested items, spoiled items, rotten items, and the support is a joke. The chatbot straight away rejects your queries. Executives say you should check your items before giving the otp to the rider, who refuses to walk up to the door, stands on the street and keep on shouting that we should give him the otp right away before checking the products as he got another order.",1.0,0.0,2026-07-14 21:35:48,play_store,,fcf8812e-f5bd-4298-a073-e5803ce9d844,TRUST_QUALITY,SERVICE_NOISE,[],False,negative
18a1e9f4-12ce-4247-81ff-181786a6e8fc,always send near expiry product Bread supply fungus bread . Very bad experience. Customer support not available and not reply,1.0,0.0,2026-07-14 21:32:20,play_store,,18a1e9f4-12ce-4247-81ff-181786a6e8fc,TRUST_QUALITY,,['bread'],False,negative
cb9ae4a3-4f38-4abd-a454-bf70f3bcb180,"pathetic app, pathetic delivery system.",1.0,0.0,2026-07-14 21:14:43,play_store,,cb9ae4a3-4f38-4abd-a454-bf70f3bcb180,SERVICE_NOISE,,[],False,negative
f6e80d36-4bba-4f27-9173-f4e1af26efab,"I am giving you a poor rating because the delivery time is too long, and Zepto is selling the product at MRP without offering any discount. This was a disappointing experience.",1.0,0.0,2026-07-14 21:05:08,play_store,,f6e80d36-4bba-4f27-9173-f4e1af26efab,PRICE_VALUE,SERVICE_NOISE,[],False,negative
46317498-f383-4e8c-9e83-5656166bc0ee,very poor service no any proper banking system or no any customer support number very useless app thoooo,1.0,0.0,2026-07-14 21:04:40,play_store,,46317498-f383-4e8c-9e83-5656166bc0ee,SERVICE_NOISE,,[],False,negative
866e8401-4a9a-4a0d-8d3b-666136600948,you don't deserve this 1 star also and your service is very 3class never gona be order from this app.,1.0,0.0,2026-07-14 20:59:11,play_store,,866e8401-4a9a-4a0d-8d3b-666136600948,SERVICE_NOISE,,[],False,negative
b400a512-82cc-42b9-bece-3412737f8000,"I have been using Zepto for more than a year and have always been a loyal customer. Unfortunately, today I had a very disappointing experience with your customer support. While I was speaking with one of your customer care executives, she said to me, ""Sir, aap kya bol rahe ho, mujhe kuch samajh nahi aa raha hai. Aapko bolna nahi aata hai kya?"" I was shocked and asked her, ""What are you talking about? Is this how you speak to your customers?"" and she cut the phone",1.0,0.0,2026-07-14 20:41:26,play_store,,b400a512-82cc-42b9-bece-3412737f8000,SERVICE_NOISE,,[],False,negative
56404b3a-1b27-4516-aff5-8d7974a4aa92,excellent wonderful in zepto to blinkit in so much better than all in delivery charges is going good 👍 keep it up zepto brand,5.0,0.0,2026-07-14 20:36:08,play_store,,56404b3a-1b27-4516-aff5-8d7974a4aa92,SERVICE_NOISE,,[],False,positive
cc492c36-7a01-4d27-8996-b8a7acea0512,in my area there is no offer for 100 rupees free delivery,1.0,0.0,2026-07-14 20:32:24,play_store,,cc492c36-7a01-4d27-8996-b8a7acea0512,SERVICE_NOISE,,[],False,negative
c3ebafe9-0d65-4a66-aee6-b3970ed4782a,there having issue not having rafferal option on th app,1.0,0.0,2026-07-14 20:23:52,play_store,,c3ebafe9-0d65-4a66-aee6-b3970ed4782a,SERVICE_NOISE,,[],False,negative
0d49309a-840f-4b79-9d7d-5b08a83421c9,Very Good Easy to operate Merchandise Mobile App l,5.0,0.0,2026-07-14 20:19:47,play_store,,0d49309a-840f-4b79-9d7d-5b08a83421c9,SERVICE_NOISE,,[],False,positive
d7ec9111-db0e-4628-b0a7-a24298bd0350,"This third-class app doesn't have a customer support. The delivery people keep on missing the items in every order. The only response you get from the bot chat and bot email support is ""The concern has been thoroughly reviewed by the seller and it has been verified that the product delivered matches the details mentioned on the platform and order placed. Unfortunately, the request for a refund or exchange cannot be processed for this order."" Welcome to the world of useless bots...",1.0,1.0,2026-07-14 20:11:45,play_store,,d7ec9111-db0e-4628-b0a7-a24298bd0350,SERVICE_NOISE,,[],False,negative
11461d0d-a060-4712-8957-2fea3f59f5ad,very good delivery boy behaviour,5.0,0.0,2026-07-14 20:03:20,play_store,,11461d0d-a060-4712-8957-2fea3f59f5ad,SERVICE_NOISE,,[],False,positive
8e6fff04-041d-4d01-b935-44ae1980ca22,delivery not available in nadargul area,2.0,0.0,2026-07-14 19:58:11,play_store,,8e6fff04-041d-4d01-b935-44ae1980ca22,SERVICE_NOISE,,[],False,negative
e3e53902-c465-43ac-ba53-1f5c017da768,Help and support is not working,4.0,0.0,2026-07-14 19:47:45,play_store,,e3e53902-c465-43ac-ba53-1f5c017da768,SERVICE_NOISE,,[],False,negative
60be0f0f-f1d0-413a-8846-b81db5acaf69,"After that I ordered the product from the app and also gave a review. If I give a bad review in other apps, they either ask me to return the product and the customer support is good, but in this app I am getting a complaint about a bad product.but there is no customer support here, nothing, I am very disappointed",1.0,0.0,2026-07-14 19:47:06,play_store,,60be0f0f-f1d0-413a-8846-b81db5acaf69,SERVICE_NOISE,TRUST_QUALITY,[],False,negative
c54ee2e7-b95b-4d99-8134-10049af8e5a5,"this app has become useless and unable to deliver the complete order. Furthermore, they started deliver rotten items and refuse to take responsibility for it....",1.0,0.0,2026-07-14 19:42:40,play_store,,c54ee2e7-b95b-4d99-8134-10049af8e5a5,TRUST_QUALITY,SERVICE_NOISE,[],False,negative
685ec29e-f4ad-4860-8f8f-48d2c1351b4a,VERY BAD AAP IN THE WORLD GIVE EXPIRE PRODUCT TO CUSTOMER AND VERY BAD CUSTOMER CARE SUPPORT NEVER TRY THIS APP!,1.0,0.0,2026-07-14 19:37:47,play_store,,685ec29e-f4ad-4860-8f8f-48d2c1351b4a,TRUST_QUALITY,SERVICE_NOISE,[],False,negative
05630c66-4583-4a08-8bce-6b54b4760996,don't buy vegetable and Icecream from zepto bad experience quality of vegetable pick very bad and smelly and icecream totaly melt complain about icecream but no solution or no action taken,1.0,0.0,2026-07-14 19:24:43,play_store,,05630c66-4583-4a08-8bce-6b54b4760996,TRUST_QUALITY,SERVICE_NOISE,"['vegetables', 'ice cream']",False,negative
4405449d-34f7-4bde-b950-77b630bc97d5,very nice good I am very impressed I am very happy it's ok,5.0,0.0,2026-07-14 19:20:54,play_store,,4405449d-34f7-4bde-b950-77b630bc97d5,SERVICE_NOISE,,[],False,positive
722fe91d-96ba-4a4e-8138-db723ba0436d,worst service. don't use it.,1.0,0.0,2026-07-14 19:14:34,play_store,,722fe91d-96ba-4a4e-8138-db723ba0436d,SERVICE_NOISE,,[],False,negative
1d7a0fc5-862e-41a1-a234-d1bc7f924dfe,best app for lazy person😅,5.0,0.0,2026-07-14 19:12:42,play_store,,1d7a0fc5-862e-41a1-a234-d1bc7f924dfe,SERVICE_NOISE,,[],False,positive
9b2a9f59-2898-41e8-8ef7-030336a93837,very frustrated service for this zepto I have received incomplete product and they were said ki hum process nhi kr skte h mai isse recommended nhi krungi aap yaha se order kre because agr bekar item received hua toh return nhi hoga aap blinkit and other app ki service le skte h vo bhutt accha h customer service k mamle m,1.0,0.0,2026-07-14 19:08:58,play_store,,9b2a9f59-2898-41e8-8ef7-030336a93837,SERVICE_NOISE,,[],False,negative
655ac17c-40a8-4623-82be-20205c84b708,worst customer service ever,1.0,0.0,2026-07-14 18:53:20,play_store,,655ac17c-40a8-4623-82be-20205c84b708,SERVICE_NOISE,,[],False,negative
57e5c4b2-efd8-4d6b-b507-3032e10f006a,"Hi Team, Please ensure your customer care executives receive proper training before they interact directly with customers. I'm not sure whether the executive I spoke with was able to understand my request clearly. Today, I contacted your customer support regarding a product quality issue. The executive kept telling me that I needed to contact the brand. I then asked him to share the brand's contact details, but instead of helping, he simply kept repeating that I should contact the brand withou",1.0,0.0,2026-07-14 18:51:35,play_store,,57e5c4b2-efd8-4d6b-b507-3032e10f006a,SERVICE_NOISE,TRUST_QUALITY,[],False,negative
29eb5c4c-f8eb-4033-9cd9-66e6b10ec153,issue resolved. thank you,5.0,0.0,2026-07-14 18:51:01,play_store,,29eb5c4c-f8eb-4033-9cd9-66e6b10ec153,SERVICE_NOISE,,[],False,positive
a9db35a4-e7db-420e-8d31-c1f08c8786d2,They send bad products and don't provide support.,1.0,0.0,2026-07-14 18:44:04,play_store,,a9db35a4-e7db-420e-8d31-c1f08c8786d2,SERVICE_NOISE,TRUST_QUALITY,[],False,negative
a20da246-29d2-4ace-9e74-70e6c52a72e1,very good offers as expected and great delivery keep it up,5.0,0.0,2026-07-14 18:43:50,play_store,,a20da246-29d2-4ace-9e74-70e6c52a72e1,SERVICE_NOISE,,[],False,positive
b526a39c-956e-49bb-bec8-92c7a762dcc5,very good app for shopping,5.0,0.0,2026-07-14 18:33:41,play_store,,b526a39c-956e-49bb-bec8-92c7a762dcc5,SERVICE_NOISE,,[],False,positive
3fa7b442-897d-47c0-9c5d-058b7ee88819,it is a very good app,5.0,0.0,2026-07-14 18:33:35,play_store,,3fa7b442-897d-47c0-9c5d-058b7ee88819,SERVICE_NOISE,,[],False,positive
62c5b9ca-0233-44e7-bb62-0353615a6ef5,Excellent app. It is on my high priority!!,5.0,0.0,2026-07-14 18:32:11,play_store,,62c5b9ca-0233-44e7-bb62-0353615a6ef5,SERVICE_NOISE,,[],False,positive
53e123e4-62b1-4e98-96c6-442ef279c27f,"Customer service is pathetic, they don't even respond to your queries or requests. Just keep on repeating their same lines.",1.0,0.0,2026-07-14 18:30:44,play_store,,53e123e4-62b1-4e98-96c6-442ef279c27f,SERVICE_NOISE,,[],False,negative
7a919441-4a8a-4cdc-925b-907d8b569abe,damage product received,1.0,0.0,2026-07-14 18:30:30,play_store,,7a919441-4a8a-4cdc-925b-907d8b569abe,SERVICE_NOISE,,[],False,negative
71ac1d07-c040-43ed-b8e0-59e43ffd25d9,bad delivery experience,1.0,0.0,2026-07-14 18:25:51,play_store,,71ac1d07-c040-43ed-b8e0-59e43ffd25d9,SERVICE_NOISE,,[],False,negative
5d23f881-f9ba-483b-96a3-d58774f5051e,This is the worst app I have ever used they don't deliver your products at all and also the the delivery partner don't ever pick up the calls too.,1.0,0.0,2026-07-14 18:20:10,play_store,,5d23f881-f9ba-483b-96a3-d58774f5051e,SERVICE_NOISE,,[],False,negative
bf86635e-eac6-42bf-9f4b-ef4261a50a5f,referal option not coming..very Disappointed,1.0,0.0,2026-07-14 18:13:19,play_store,,bf86635e-eac6-42bf-9f4b-ef4261a50a5f,SERVICE_NOISE,,[],False,negative
a21d6d3a-efaa-4916-8a73-076eb47d9b28,"I urge people to UNINSTALL THIS APP, this is the ONLY WAY TO KEEP THEM GROUNDED. They never fail to disappoint, everyday bringing something worse, now they have started to adopt zomato's tactics to avoid genuine complaints regarding products (write email to raise your issue!), they are selling old stocks, rotten products, one can't even talk to their representatives, earlier they exported money by charging unnecessary tax/fee... Blinkit is no doubt expensive but doesn't experiment with us!!",1.0,0.0,2026-07-14 18:07:29,play_store,,a21d6d3a-efaa-4916-8a73-076eb47d9b28,TRUST_QUALITY,SERVICE_NOISE,[],False,negative
8cdebc6f-2aa3-4074-a864-907970da77ec,I have received damage product,1.0,0.0,2026-07-14 18:01:23,play_store,,8cdebc6f-2aa3-4074-a864-907970da77ec,SERVICE_NOISE,,[],False,negative
f179a6c2-9600-4b63-b7f9-3cf7e8e7557c,good service.dislike service blinkt Instamart or both,5.0,0.0,2026-07-14 17:58:29,play_store,,f179a6c2-9600-4b63-b7f9-3cf7e8e7557c,SERVICE_NOISE,,[],False,mixed
dda7ddd0-5eec-42fb-a39e-fe6056f5ce13,Items damaged vegetable😡👎,1.0,0.0,2026-07-14 17:48:27,play_store,,dda7ddd0-5eec-42fb-a39e-fe6056f5ce13,TRUST_QUALITY,,['vegetables'],False,negative
c33c7abd-a260-4238-aa9e-819eb34d3df1,its really a worst app they will sell products which is having expiry date in 1 day Daily i order 3 to 4 liters of milk with in day milk is cudling more then 200 rupees milk i order but it is cudling No response from Zepto really its diagusting many times products are missing in order but no response jab sahi sw kaam karne nai aata why u people have open the app to make peoples in loss,1.0,0.0,2026-07-14 17:48:22,play_store,,c33c7abd-a260-4238-aa9e-819eb34d3df1,TRUST_QUALITY,HABIT_AUTOPILOT,['milk'],False,negative
79f3ba6c-3ec3-4320-a67b-82eb229fabc9,delivered expired product,1.0,0.0,2026-07-14 17:40:23,play_store,,79f3ba6c-3ec3-4320-a67b-82eb229fabc9,TRUST_QUALITY,,[],False,negative
3f166e1f-42e3-41b3-84e1-a473eff097a8,verry nice experience,4.0,0.0,2026-07-14 17:35:11,play_store,,3f166e1f-42e3-41b3-84e1-a473eff097a8,SERVICE_NOISE,,[],False,positive
e50a59b8-a856-40f2-aca9-c1c52af77728,one day I ordered a 80rs chocolate for my birthday but I received 20rs chocolate and also I ordered a mint pack for 30rs but they gave me a rotten pack I was very disappointed,1.0,0.0,2026-07-14 17:22:21,play_store,,e50a59b8-a856-40f2-aca9-c1c52af77728,TRUST_QUALITY,,['snacks'],False,negative
41890357-0174-439d-8615-b2b0aff879a7,There is no language support than Hindi/English. For their clearance they neva response for scheduled order and very worst support team that they literally delaying till the order arrives.,1.0,0.0,2026-07-14 17:17:29,play_store,,41890357-0174-439d-8615-b2b0aff879a7,SERVICE_NOISE,,[],False,negative
5f837e02-2a31-43b5-a530-38c868d6489d,uninstalling it. even though zepto is cheaper than blinkit in all aspects. but the constant notifications are a hassle. u really to change that.,1.0,0.0,2026-07-14 17:15:36,play_store,,5f837e02-2a31-43b5-a530-38c868d6489d,SERVICE_NOISE,PRICE_VALUE,[],False,negative
e6bbc5e8-a281-4780-968f-6a4eba25dc8e,more MRP is listed on the app of products then actual MRP printed on the product packaging,1.0,0.0,2026-07-14 17:11:19,play_store,,e6bbc5e8-a281-4780-968f-6a4eba25dc8e,PRICE_VALUE,,[],False,negative
f2f27438-ba97-4fed-86d0-0b48569a140c,hire more riders to better experience,5.0,0.0,2026-07-14 16:55:46,play_store,,f2f27438-ba97-4fed-86d0-0b48569a140c,SERVICE_NOISE,,[],False,negative
36619faa-37f2-41b2-b17a-21ffb0495349,Friends please don't use this app.... They sent many expired products and torn products but not at all accepted and not refund my money back.... this happen many times with me.... finally I uninstall this worst app & never ever going to use this one ... go for any other delivery app but not zepto 😡,1.0,0.0,2026-07-14 16:44:17,play_store,,36619faa-37f2-41b2-b17a-21ffb0495349,TRUST_QUALITY,SERVICE_NOISE,[],False,negative
92fcafaf-42f1-4409-848c-050f2a5ba798,This is helpful for urgency 👍,1.0,0.0,2026-07-14 16:43:55,play_store,,92fcafaf-42f1-4409-848c-050f2a5ba798,MENTAL_MODEL,,[],False,positive
5051b83b-99d7-4fe4-8c9f-5af2cdb37974,it's good good sometime bad 👍,4.0,0.0,2026-07-14 16:31:24,play_store,,5051b83b-99d7-4fe4-8c9f-5af2cdb37974,SERVICE_NOISE,,[],False,mixed
32b5f9ed-b4f1-43f6-9191-98c7c5a2f9ea,"I have faced terrible experience with zepto, especially with icream they are selling rotten ice cream and not accepting instead despite giving proof they are not refunding my money",1.0,0.0,2026-07-14 16:22:33,play_store,,32b5f9ed-b4f1-43f6-9191-98c7c5a2f9ea,TRUST_QUALITY,SERVICE_NOISE,['ice cream'],False,negative
cc226492-c37c-463b-a51c-3038bfd0f620,"My zepto refferal link not showing problem, please fix this problem",1.0,0.0,2026-07-14 16:20:58,play_store,,cc226492-c37c-463b-a51c-3038bfd0f620,SERVICE_NOISE,,[],False,negative
0505f2c4-382c-4024-94e7-910f13a3df60,they did not help with our issues,1.0,0.0,2026-07-14 16:09:34,play_store,,0505f2c4-382c-4024-94e7-910f13a3df60,SERVICE_NOISE,,[],False,negative
86ea8732-6171-4693-942f-e3209944f8e8,customer service is very poor,1.0,0.0,2026-07-14 16:06:14,play_store,,86ea8732-6171-4693-942f-e3209944f8e8,SERVICE_NOISE,,[],False,negative
53389b3e-96fd-4a38-a7e9-1c6e5474f30d,The delivery takes atleast a minimum of 10 to 30 minutes over the ETA. Not even once they are ON time.,1.0,0.0,2026-07-14 15:55:54,play_store,,53389b3e-96fd-4a38-a7e9-1c6e5474f30d,SERVICE_NOISE,,[],False,negative
6d8e569e-8f6e-4985-8c56-4dcd3108ce4c,They take more than 5 days for refund... such a waste of time... no direct chat available for checking with customer support... pathetic service,1.0,0.0,2026-07-14 15:50:51,play_store,,6d8e569e-8f6e-4985-8c56-4dcd3108ce4c,SERVICE_NOISE,,[],False,negative
727c1cb0-f83d-4793-b56c-d024c0e7f238,I haven't received my order for 3 hours so I cancelled the order,1.0,0.0,2026-07-14 15:50:23,play_store,,727c1cb0-f83d-4793-b56c-d024c0e7f238,SERVICE_NOISE,,[],False,negative
485639e5-6270-43a4-a15b-fa84a9474851,I will never order ice cream from this pathetic app. I have ordered 2 ice cream cones both are melted and I want to exchange them but no options were on the app. Neither for return or or for exchange and when we have issues with the product they ask to add photos each time and postpone refund process worst and pathetic experience,1.0,0.0,2026-07-14 15:32:55,play_store,,485639e5-6270-43a4-a15b-fa84a9474851,TRUST_QUALITY,SERVICE_NOISE,['ice cream'],False,negative
e66004e0-e894-475e-94a4-dddc585d7e1d,amazing app better then other app because it's not get any charges rather then original price so I love this app for my daily uses.....,5.0,0.0,2026-07-14 15:26:44,play_store,,e66004e0-e894-475e-94a4-dddc585d7e1d,PRICE_VALUE,HABIT_AUTOPILOT,[],False,positive
481c6bfd-0811-4838-a646-ccb010a2cf56,First delivery. Good one,5.0,0.0,2026-07-14 15:26:33,play_store,,481c6bfd-0811-4838-a646-ccb010a2cf56,SERVICE_NOISE,,[],False,positive
17c00a4c-4910-46c7-8606-e6c8783c570c,What's the point of sending the same product in an exchange order???? You guys think customers are stupid!,1.0,0.0,2026-07-14 15:23:53,play_store,,17c00a4c-4910-46c7-8606-e6c8783c570c,SERVICE_NOISE,,[],False,negative
2d8fff1b-f5b0-4d25-a6c6-291f0934f927,they are scammers sended me wrong product and then not even seeing my complaint,1.0,0.0,2026-07-14 15:01:54,play_store,,2d8fff1b-f5b0-4d25-a6c6-291f0934f927,SERVICE_NOISE,,[],False,negative
79165e49-25aa-4479-9696-fecd4997abe0,good app for cash on delivery,5.0,0.0,2026-07-14 14:51:37,play_store,,79165e49-25aa-4479-9696-fecd4997abe0,SERVICE_NOISE,,[],False,positive
a3cd7803-0764-40b7-9449-a525bd4f6137,"whenever I want to order something, the delivery is just not available, the store is under maintenance, the coustomer service is terrible, they don't even responds,",2.0,0.0,2026-07-14 14:51:22,play_store,,a3cd7803-0764-40b7-9449-a525bd4f6137,SERVICE_NOISE,,[],False,negative
5369997b-7dfd-47ca-aeac-2d112871d655,meri sister ne mere liye ice cream ka dibba order Kiya tha adha dibba aya khula hua or kharab bhi tha msg mein baat Kiya koi solution nhi diya mujhe same ice cream ka dibba chahiye warna paise return chahiye warna mein zepto use karne ke liye sabhi ko mana krunga mein nhi chahata koi or nuksaan bhugate very poor experience 😖,1.0,0.0,2026-07-14 14:46:59,play_store,,5369997b-7dfd-47ca-aeac-2d112871d655,TRUST_QUALITY,SERVICE_NOISE,['ice cream'],False,negative
b4408ac2-5d7c-4eae-aafe-9ca28ee7a253,"I did not receive my order. When I contacted the delivery partner, he said the order had already been delivered. I asked who received it, but he could not tell me. He said he asked for my name at the location and handed the order to someone, but my medical store is on the roadside and there is no security guard or reception. Delivering an order to an unknown person without confirming the customer's identity is unacceptable. I am very disappointed with this experience and will not order again it",1.0,0.0,2026-07-14 14:44:44,play_store,,b4408ac2-5d7c-4eae-aafe-9ca28ee7a253,SERVICE_NOISE,,[],False,negative
9033ebbb-4371-4b16-be8f-9cfaff9b3b4f,bad delevery bad packing,1.0,0.0,2026-07-14 14:34:49,play_store,,9033ebbb-4371-4b16-be8f-9cfaff9b3b4f,SERVICE_NOISE,,[],False,negative
36a617af-2cef-4a39-bda8-87e5946cbada,very poor exprience raha ice cream ka dibba open Or adha dibba hi kharab tha jab shikayat kiya koi response nhi mila na koi return na koi proper solution diya mein bilkul suggest nhi karungi ki koi zepto use kare or nuksaan bhugte ..Kharab ice cream ke dibbe ke badale paise return ya mujhe same ice cream ka dibba diya jaye warna mein zepto delete kar rahi hu Or sabhi ko mana karungi koi zepto se saman order nhi kare 😡😡😡😡,1.0,0.0,2026-07-14 14:31:10,play_store,,36a617af-2cef-4a39-bda8-87e5946cbada,TRUST_QUALITY,SERVICE_NOISE,['ice cream'],False,negative
d2fd94e3-59c8-4ba3-8900-04dd950468ae,completed 5yreas with 5 star service but not created any offer on this day of 5 th anniversary no coupons same as usual... and now a days zepto not using carry bags to carry the item safely and not hanover to customers in safe manner... openly on road side the items are opened and given in sunlight ☀️ where u customer has to take single single item to cary into home 🏠 some items are not to be shown on road side passing. other e. com platforms performance is good compare to zepto,5.0,0.0,2026-07-14 14:20:14,play_store,,d2fd94e3-59c8-4ba3-8900-04dd950468ae,SERVICE_NOISE,,[],False,negative
5d747887-0947-4783-bdc9-1b9b2c19fe38,it just very good app delivery in a minute osam,5.0,0.0,2026-07-14 14:06:09,play_store,,5d747887-0947-4783-bdc9-1b9b2c19fe38,SERVICE_NOISE,,[],False,positive
d573ed4f-674c-4267-8166-5485e92f607f,Best app of the earth 🙏💕💕♥️😋🎉🎂,5.0,0.0,2026-07-14 13:42:04,play_store,,d573ed4f-674c-4267-8166-5485e92f607f,SERVICE_NOISE,,[],False,positive
3bc1e1dd-fc61-49cc-b2f3-5e479a2b6642,"Best app, best Quality n at the Best Prize 💖",5.0,0.0,2026-07-14 13:37:25,play_store,,3bc1e1dd-fc61-49cc-b2f3-5e479a2b6642,SERVICE_NOISE,,[],False,positive
d92dcb71-bbff-4070-ab0a-1ea13998b2f5,he is not com my location very bad,1.0,0.0,2026-07-14 13:30:30,play_store,,d92dcb71-bbff-4070-ab0a-1ea13998b2f5,SERVICE_NOISE,,[],False,negative
f10f315b-a592-4225-abbe-ea5af68ec2b9,"Wrost aap ever , bad customer service,not able to contact delivery person in case of any emergency, never give a satisfying solution to their customer , need to do lot of work to improve their app",1.0,0.0,2026-07-14 13:26:20,play_store,,f10f315b-a592-4225-abbe-ea5af68ec2b9,SERVICE_NOISE,,[],False,negative
b425c272-ec80-4ddf-81b3-186a0fcc6ce8,zepto is really fraud they do cheting with customer today I was order some item but one item is shown as images is 250 and 250 total 500 but I received only one item wait this type of services I will updated and raise a conaplin so plz everyone don't order in zepto,1.0,0.0,2026-07-14 13:06:55,play_store,,b425c272-ec80-4ddf-81b3-186a0fcc6ce8,SERVICE_NOISE,,[],False,negative
1b4a0430-9ba8-47a2-9d34-3efc8b3fc718,fast delivery and mera kaam asaan ho jaata h zepto ki wjh se ❤️💫and product quality bhi mst hoti h 😚and bhot hi kam rate mei samaan milta h 🎀 impressed with zepto 🩵👍,5.0,0.0,2026-07-14 12:44:16,play_store,,1b4a0430-9ba8-47a2-9d34-3efc8b3fc718,SERVICE_NOISE,,[],False,positive
6a297493-c9cb-4f04-a3cf-8c9723f51fca,very good offer... only maintain the stock,5.0,0.0,2026-07-14 12:22:43,play_store,,6a297493-c9cb-4f04-a3cf-8c9723f51fca,SERVICE_NOISE,,[],False,positive
f9e86d8f-b1d4-45bf-9ae2-28a5a94eb0e7,"Good mrng hope ur good today pls have a look with my problem terrible experience with Zepto I ordered breakfast because I was starving and paid online using my last 260 rupees. The delivery rider arrived, but due to a backend error on Zepto's side, they cancelled my order. Now, I am they said that my money will take 5 to 7 working days to refund. I am left with absolutely no money and no food worst service",1.0,0.0,2026-07-14 12:16:38,play_store,,f9e86d8f-b1d4-45bf-9ae2-28a5a94eb0e7,SERVICE_NOISE,,[],False,negative
12fd59b5-28b7-42bf-9c5f-3ff956349143,"Zepto has absolute garbage customer service. If you buy any item and it arrives rotten, spoiled, or stale, they refuse to replace or return it. Instead of solving the issue, their support team just gives the same typical, scripted, stupid answers every single time. They do not care about the customers or the quality of food they send. It is a complete waste of money. Do not buy from Zeptoboycott this app!",1.0,0.0,2026-07-14 12:03:22,play_store,,12fd59b5-28b7-42bf-9c5f-3ff956349143,TRUST_QUALITY,SERVICE_NOISE,[],False,negative
22a757b6-583d-40ac-a12c-12e7aeee0b46,they stop bringing the products in carry bags !!!!👎👎👎👎👎 and also removed the options to get products in carry bags,1.0,0.0,2026-07-14 12:01:25,play_store,,22a757b6-583d-40ac-a12c-12e7aeee0b46,SERVICE_NOISE,,[],False,negative
46d28d60-c72c-4a59-9675-55eee3900695,"worst experience with the support team as there is no proper support from back end and always getting with bot which is not usefull at all!! they are supposedly not entitled to caption ""delivery in minutes"" when you really cant do it..",1.0,0.0,2026-07-14 11:48:38,play_store,,46d28d60-c72c-4a59-9675-55eee3900695,SERVICE_NOISE,,[],False,negative
a25cc114-6da9-43a4-bdfb-f532228f3d45,This app is so good you need to install this because some in offer the vegetables are too low in price,5.0,0.0,2026-07-14 10:56:33,play_store,,a25cc114-6da9-43a4-bdfb-f532228f3d45,PRICE_VALUE,,['vegetables'],False,positive
f48d355e-9b0a-4a29-9018-1b82e8e0f0a4,best offers fast delivery,4.0,0.0,2026-07-14 10:49:01,play_store,,f48d355e-9b0a-4a29-9018-1b82e8e0f0a4,SERVICE_NOISE,,[],False,positive
33ce0d00-134e-454d-b386-1bf1bcf82887,"I keep receiving spam calls, even at 12 midnight. It's very disturbing and causing a lot of inconvenience. Please stop these spam calls.",1.0,0.0,2026-07-14 10:44:55,play_store,,33ce0d00-134e-454d-b386-1bf1bcf82887,SERVICE_NOISE,,[],False,negative
04423db1-f037-4d83-a383-bbf8306f1a99,"totally disgusting, I have ordered some things, and have been waiting since the last 45 mins, and now they have cancelled the order, what a brilliant service has given by the team. good Job...👍🏻",1.0,0.0,2026-07-14 10:41:14,play_store,,04423db1-f037-4d83-a383-bbf8306f1a99,SERVICE_NOISE,,[],False,negative
dc394459-583a-4b88-87bf-02b4e22a7976,"great offers, quality and quick service but shud keep improving",5.0,0.0,2026-07-14 10:24:50,play_store,,dc394459-583a-4b88-87bf-02b4e22a7976,SERVICE_NOISE,,[],False,positive
c894f6b7-6ac9-4ffe-aab4-c7ded8f17915,"Fast delivery, reasonable price.",5.0,0.0,2026-07-14 10:05:27,play_store,,c894f6b7-6ac9-4ffe-aab4-c7ded8f17915,SERVICE_NOISE,,[],False,positive
91ed2408-6962-4ee5-b798-4ac32bad3238,doesn't deliver quality products especially with vegetables....if rates are less refrain from buying not good quality,3.0,0.0,2026-07-14 09:59:10,play_store,,91ed2408-6962-4ee5-b798-4ac32bad3238,TRUST_QUALITY,,['vegetables'],False,negative
da85bfcf-cd3f-43df-be14-7b4cd94979b4,"Absolute Fraud & Terrible Customer Support! Do not trust this app! They completely missed items from my order (Order #HRMRKUVWD75997) and charged me for it. When I raised an issue, their support team blindly claimed it was ""delivered"" without doing any actual verification. When I asked them to share the delivery partner's drop-off photo as proof of delivery, they completely went silent because they don't have any. They are basically stealing customers' money by charging for missing products and",1.0,0.0,2026-07-14 09:55:31,play_store,,da85bfcf-cd3f-43df-be14-7b4cd94979b4,SERVICE_NOISE,,[],False,negative
f7b586eb-fd19-4def-8c8e-d16a8feeb00a,DARK PATTERN TO CHEAT. They accept orders and after payment some items are shown as out of stock. Just to pull orders they show everything is available. DARK PATTERN.,1.0,0.0,2026-07-14 09:40:39,play_store,,f7b586eb-fd19-4def-8c8e-d16a8feeb00a,SERVICE_NOISE,,[],False,negative
7b33be82-4317-4738-b002-77a43461a753,"👎🏼👎🏼bad service And if you want to buy any electronic item then do not buy it from here, these are very poor quality items and do not work properly, these items are waste of money 👎🏼👎🏼",1.0,0.0,2026-07-14 09:38:20,play_store,,7b33be82-4317-4738-b002-77a43461a753,TRUST_QUALITY,,['electronics'],False,negative
3ab2a8a2-57b6-47ef-9ed8-12a8e1913b59,rotten vegetable but instant refund,4.0,0.0,2026-07-14 09:33:09,play_store,,3ab2a8a2-57b6-47ef-9ed8-12a8e1913b59,TRUST_QUALITY,,['vegetables'],False,mixed
e28098b3-efd8-4871-a422-0fbae3f59b47,"I ordered sugar test strips from Zepto, but they are loose and do not fit properly into my glucose meter. I requested a return, and the delivery partner collected the product. However, the app is showing that the return has failed, and I have not received my refund yet. Please look into this issue and process my refund as soon as possible.",1.0,0.0,2026-07-14 09:26:27,play_store,,e28098b3-efd8-4871-a422-0fbae3f59b47,SERVICE_NOISE,,['medicines'],False,negative
431b0b1d-7be0-48b7-887b-768b8f9518d6,"worst, delivery guys will steal ur items",1.0,0.0,2026-07-14 09:01:52,play_store,,431b0b1d-7be0-48b7-887b-768b8f9518d6,SERVICE_NOISE,,[],False,negative
ad54b123-f691-4767-8cf0-df04df0e0486,worst application no cancellation and return option only wasting time and money,1.0,0.0,2026-07-14 08:59:25,play_store,,ad54b123-f691-4767-8cf0-df04df0e0486,SERVICE_NOISE,,[],False,negative
9b0c0a10-b3e8-4aad-8451-572ef2a238f3,one of the best delivery app with reasonable prices so far,5.0,0.0,2026-07-14 08:38:11,play_store,,9b0c0a10-b3e8-4aad-8451-572ef2a238f3,SERVICE_NOISE,,[],False,positive
9d58ddc2-b105-43f9-9e21-5189d6efe5c3,"Fast Delivery, Best Price,",5.0,0.0,2026-07-14 08:37:03,play_store,,9d58ddc2-b105-43f9-9e21-5189d6efe5c3,SERVICE_NOISE,,[],False,positive
9fb8bcb6-f327-4918-b53c-38c1d2eddc29,very bad with refund and products are sometimes spoiled I'd recommend not to use this,1.0,0.0,2026-07-14 08:30:31,play_store,,9fb8bcb6-f327-4918-b53c-38c1d2eddc29,TRUST_QUALITY,SERVICE_NOISE,[],False,negative
0db5cc73-d16d-4564-b546-77ef38cd95f9,"Stop misleading customers with fake delivery estimates. The time shown before placing an order is completely unreliable—actual delivery often takes 2–3x longer. It's obvious you accept orders first and then club multiple deliveries into one ride, making the original estimate meaningless. I can accept delayed delivery, but I can't accept being misled. If your logistics require more time, show an honest estimate upfront instead of using unrealistic ETAs to get people to order.",1.0,0.0,2026-07-14 08:28:58,play_store,,0db5cc73-d16d-4564-b546-77ef38cd95f9,SERVICE_NOISE,,[],False,negative
c650a150-6112-4ca5-a125-4bfc62f12709,इसका स्टोर तो हमेशा under maintainance ही रहता है। पनवेल area का,3.0,0.0,2026-07-14 08:23:07,play_store,,c650a150-6112-4ca5-a125-4bfc62f12709,SERVICE_NOISE,,[],False,negative
ceace404-9d23-4c1c-b559-f77a8329bac7,product kharab denge or agar complaint karo toh chat ko bina btaye end kar dete h itna bekar h inlog ka service or agar email bhi karo toh bhi khud ko hi defend karte h apni galti mante hu nahi h,1.0,0.0,2026-07-14 08:07:13,play_store,,ceace404-9d23-4c1c-b559-f77a8329bac7,TRUST_QUALITY,SERVICE_NOISE,[],False,negative
d2ebada3-7143-4de7-be40-2a1ae3638519,expired amul cow milk delivered hua hai mjhe,1.0,0.0,2026-07-14 07:56:51,play_store,,d2ebada3-7143-4de7-be40-2a1ae3638519,TRUST_QUALITY,,['milk'],False,negative
85eb5c72-6e8d-4ac4-a0f2-d72bc65bcc8a,They are getting worse day by day. Delivering not in minutes definitely. Their customer support bot does not understand anything.,1.0,0.0,2026-07-14 07:45:11,play_store,,85eb5c72-6e8d-4ac4-a0f2-d72bc65bcc8a,SERVICE_NOISE,,[],False,negative
ba07635d-d6ba-4eae-a29b-8cbcec28ba5c,"Second time getting damaged goods from this app. Support agent Amit is incredibly rude and denied my replacement request. Don't trust the positive reviews here; they are obviously paid. Pro tip: treat this app like a fraud. Do not share your delivery OTP with the rider until you test your items (especially electronics) and verify the bags. Once they get the OTP, they vanish and keep your money. Horrible service.",1.0,0.0,2026-07-14 07:20:23,play_store,,ba07635d-d6ba-4eae-a29b-8cbcec28ba5c,TRUST_QUALITY,SERVICE_NOISE,['electronics'],False,negative
67925e87-c130-447d-b3b7-2a774d984aea,"Second time Zepto scammed me. Received a damaged item, and a rude support agent named Amit refused a replacement. Email support is just as useless. Don't trust their high ratings—they buy fake reviews. NEVER share the delivery OTP until you have opened the bag and checked every item. If you order electronics, test them first! Once you give the OTP, they abandon you with broken items. Absolute scam, zero customer service. Avoid!",1.0,0.0,2026-07-14 07:15:15,play_store,,67925e87-c130-447d-b3b7-2a774d984aea,TRUST_QUALITY,SERVICE_NOISE,['electronics'],False,negative
0028c5c0-7790-4e39-900f-4294a9d41737,thank you nice products ☺️,5.0,0.0,2026-07-14 07:05:01,play_store,,0028c5c0-7790-4e39-900f-4294a9d41737,SERVICE_NOISE,,[],False,positive
70ac9c56-6f47-4923-bd7b-f4909a55c49c,Not delivering The Order on Time No Good Customer Support No one to Hear Customer problem.....Very Very Pathetic Service. I had wait more than 45 mintues but No Delivery Agent assigned by Zepto still show 7 mins to reach from the time of place of order.,1.0,0.0,2026-07-14 06:38:09,play_store,,70ac9c56-6f47-4923-bd7b-f4909a55c49c,SERVICE_NOISE,,[],False,negative
543b6c57-dc5a-466b-be30-905f682cf485,reliable and resourceful,5.0,0.0,2026-07-14 06:05:22,play_store,,543b6c57-dc5a-466b-be30-905f682cf485,SERVICE_NOISE,,[],False,positive
845a597f-cd51-437a-8c23-243cbd803089,"The worst customer support experience I've ever had. Zepto has completely replaced real customer service with the Zap AI assistant, which only sends copy-paste template responses without properly investigating complaints. There is no option to speak to a real human, no meaningful escalation, and genuine issues are simply dismissed. Even with clear evidence, refund requests are denied. The refund and return process is extremely disappointing. Customer support has become completely unreliable.",1.0,0.0,2026-07-14 03:55:50,play_store,,845a597f-cd51-437a-8c23-243cbd803089,SERVICE_NOISE,,[],False,negative
592c36e1-d34b-47fd-891a-60462dcb56b6,jhaatu hai koi bhi downlode na kare esse full frod karate hai aur to eske delivery partners eak no. ke batmeeji hai,1.0,0.0,2026-07-14 03:50:55,play_store,,592c36e1-d34b-47fd-891a-60462dcb56b6,SERVICE_NOISE,,[],False,negative
e53ae972-f50e-4114-8855-ac94b9a0c49f,cash on delivery is never availabile on this app. literally never.,1.0,0.0,2026-07-14 03:28:30,play_store,,e53ae972-f50e-4114-8855-ac94b9a0c49f,SERVICE_NOISE,,[],False,negative
5cd5b3e2-595e-4cb1-bfdc-9ea612534505,zepto ek bht achaaa company hai sbse achi ye bt hai cash on delivery ho jata h kam amount hone ke bd bhi!!!Thnkuu soo muchh zepto company...🫶🏻💕,5.0,0.0,2026-07-14 02:24:11,play_store,,5cd5b3e2-595e-4cb1-bfdc-9ea612534505,SERVICE_NOISE,,[],False,positive
afbbfa76-f52d-496b-be54-e6bee97b3048,Zepto is Good Delivery partner.,5.0,0.0,2026-07-14 01:10:59,play_store,,afbbfa76-f52d-496b-be54-e6bee97b3048,SERVICE_NOISE,,[],False,positive
68b08aa5-5b21-4544-9f60-01aedc74ca3d,Very bad experience. They sent defective items and refused returns/refunds. Customer support is terrible. I won't use or recommend them.,1.0,0.0,2026-07-14 01:05:04,play_store,,68b08aa5-5b21-4544-9f60-01aedc74ca3d,TRUST_QUALITY,SERVICE_NOISE,[],False,negative
d762cf0e-fff6-47a3-9b55-122f8a7dbad2,"Please do not use this app,everything supplied through it consists of expired items.I purchased goods worth a thousand rupees.Several items were expired,but I didn't notice it until I had already started eating,specifically, while eating the GulabJamun,i realized it was past its expiry date.I earnestly request everyone to avoid using this app so that you don't face stress or financial loss.I lodged a complaint with their customer care,but they stubbornly argued that they had shipped the item cor",1.0,0.0,2026-07-14 01:02:07,play_store,,d762cf0e-fff6-47a3-9b55-122f8a7dbad2,TRUST_QUALITY,,['snacks'],False,negative
d734274a-cbc2-4fb3-bfe3-fe97b288feaa,services acchi nahin lagi,1.0,0.0,2026-07-14 01:01:20,play_store,,d734274a-cbc2-4fb3-bfe3-fe97b288feaa,SERVICE_NOISE,,[],False,negative
e6662c50-2f5c-41ba-8424-6e35d29786dc,no helpful customer support. items missing from order and still marked delivered and upon raising a complaint do not accept that it was delivered. happened multiple times,1.0,0.0,2026-07-14 00:41:48,play_store,,e6662c50-2f5c-41ba-8424-6e35d29786dc,SERVICE_NOISE,,[],False,negative
7bae1b3a-d8f4-4ec3-84a6-c84e21a20991,my first order is tiramisu and mac and cheese. Both are top notch really worth the price.,5.0,0.0,2026-07-14 00:34:48,play_store,,7bae1b3a-d8f4-4ec3-84a6-c84e21a20991,SERVICE_NOISE,,['snacks'],True,positive
ef14d79c-505c-4b4e-9076-e658a1bbea18,"My previous experience was good, but today's experience was very disappointing. I ordered a prepaid shirt because I urgently needed it for my office. The delivery was delayed, and I never received the OTP. Both the delivery partner and I tried contacting customer support multiple times, but there was no response. Since it was an emergency, I wore the shirt. Later, the delivery partner asked me to return it because the delivery could not be completed without the OTP. This was very embarrassing",1.0,0.0,2026-07-14 00:32:33,play_store,,ef14d79c-505c-4b4e-9076-e658a1bbea18,SERVICE_NOISE,,['clothing'],False,negative
cf10d057-1d02-4b72-8459-3027a87138ef,delivery partner was a girl really very impressive ❤️,5.0,0.0,2026-07-14 00:14:35,play_store,,cf10d057-1d02-4b72-8459-3027a87138ef,SERVICE_NOISE,,[],False,positive
0e21ab3b-8cb9-4a04-8d91-dd32a3555394,It takes them so much time to restock products I have been waiting for so long.,1.0,0.0,2026-07-14 00:10:07,play_store,,0e21ab3b-8cb9-4a04-8d91-dd32a3555394,SERVICE_NOISE,,[],False,negative
f5828669-58c6-49f7-9e20-e764bfe8c4d7,good app with reasonable price,4.0,0.0,2026-07-14 00:10:02,play_store,,f5828669-58c6-49f7-9e20-e764bfe8c4d7,SERVICE_NOISE,,[],False,positive
f4e99809-ac9c-48cf-951d-b0179d68b0cb,"Ipurchased a Philips LED bulb from Zepto, and it stopped working within the 1-year warranty. When I contacted Zepto, they simply told me to contact the brand directly instead of assisting with the warranty. If I had bought the same bulb from a local retailer, they would usually replace it or handle the warranty process, making it hassle-free for the customer. As an online platform, I expected the same level of after-sales support from Zepto. Very disappointing experience. I hope Zepto improve",1.0,0.0,2026-07-14 00:08:14,play_store,,f4e99809-ac9c-48cf-951d-b0179d68b0cb,SERVICE_NOISE,,['electronics'],False,negative
82fb4391-f6cc-4278-b9f5-a8b6572fbb63,zepto ki service bahut khrab hai or enke delevery boy order ko cancel kr dete hain or zepto ke costomer service se baat kro to vo call kat dete hain bina solution ke,1.0,0.0,2026-07-14 00:07:18,play_store,,82fb4391-f6cc-4278-b9f5-a8b6572fbb63,SERVICE_NOISE,,[],False,negative
b9c4a8a9-4ef1-469a-991d-cc37d71dc608,"Very poor quality and misleading customer support. I received cauliflower that was rotten from inside, a dry and stale cucumber, and spoiled bottle gourd despite paying premium prices for vegetables. The bigger problem is Zepto’s complaint system. For approximately the past two months, whenever I try to upload product photos, the app crashes, closes automatically, or displays a blank white screen. Earlier, photo upload worked normally. Due to this technical issue, I have been unable to raise val",1.0,1.0,2026-07-14 00:03:02,play_store,,b9c4a8a9-4ef1-469a-991d-cc37d71dc608,TRUST_QUALITY,SERVICE_NOISE,['vegetables'],False,negative
0bbea5d4-bfdf-4e72-bd64-663a3ae39a8e,don't buy anything from this aap i ordered milk from zepto and dates are erased from all 5 packets and this is not happening with me one time bhaut bar ye log aise he kr chuke hai worst experience I ever had from this aap and fir return ke leye dalo toh koi reply nhi aata hai inka,1.0,0.0,2026-07-13 23:50:19,play_store,,0bbea5d4-bfdf-4e72-bd64-663a3ae39a8e,TRUST_QUALITY,,"['milk', 'dates']",False,negative
f73e8d64-1bd7-46a1-86cd-0fa39358214e,review kis hisab se de jb apka costumer support google pe froud kr rhe hai too baad too baad,1.0,0.0,2026-07-13 23:41:02,play_store,,f73e8d64-1bd7-46a1-86cd-0fa39358214e,SERVICE_NOISE,,[],False,negative
6a5fc28b-cf5c-4c61-87db-d8f7aa9d9036,Refund delay hote h aur paise account mein nhi aate h aur humhe apne account mein chahiye naa ki app pr pls give refund on time in our account,3.0,0.0,2026-07-13 23:24:35,play_store,,6a5fc28b-cf5c-4c61-87db-d8f7aa9d9036,SERVICE_NOISE,,[],False,negative
d4a98466-3765-4046-8557-36d32d7171cd,"the delivery person delivered the order to wrong person and when i told this to rhe customer support, they said that as per delivery agent the order was delivered and so they can't do anything. Very bad customer support.",1.0,0.0,2026-07-13 23:20:42,play_store,,d4a98466-3765-4046-8557-36d32d7171cd,SERVICE_NOISE,,[],False,negative
699c2432-5632-4949-becb-bc9ca489b7be,"Absolutely terrible experience. What was once an instant-delivery service has turned into a slow and unreliable platform that pushes customers to schedule deliveries hours later or even the next day. Orders arrive later than the promised slot, making the whole idea of quick commerce meaningless. The customer-care chatbot is useless and keeps repeating the same responses without connecting to a real agent. Once you place an order, you have no control, no support, and no solutions",1.0,0.0,2026-07-13 23:20:33,play_store,,699c2432-5632-4949-becb-bc9ca489b7be,SERVICE_NOISE,,[],False,negative
9d6c5eb6-0d8d-48eb-b9b7-477385be8ff8,"they give rotten vegetables & melted ice cream but not give refund, dont install this app use swiggy & blinkit instead",1.0,0.0,2026-07-13 23:04:03,play_store,,9d6c5eb6-0d8d-48eb-b9b7-477385be8ff8,TRUST_QUALITY,,"['vegetables', 'ice cream']",False,negative
f19c8417-e052-408a-86ac-0e0865cd2134,very excellent app 💯💯,5.0,0.0,2026-07-13 23:01:05,play_store,,f19c8417-e052-408a-86ac-0e0865cd2134,SERVICE_NOISE,,[],False,positive
ca20fe01-30fa-4816-9fc8-112f318c5f82,This app is terrible. No customer support is willing to listen if you have any problem.,1.0,0.0,2026-07-13 22:49:00,play_store,,ca20fe01-30fa-4816-9fc8-112f318c5f82,SERVICE_NOISE,,[],False,negative
2079c731-3667-4410-8631-1c7e25ff11f8,I got my items on time thank you,5.0,0.0,2026-07-13 22:43:48,play_store,,2079c731-3667-4410-8631-1c7e25ff11f8,SERVICE_NOISE,,[],False,positive
c3801723-b251-4b04-b8cb-b239c24c3c01,Rooten fruits are delivered twice,1.0,0.0,2026-07-13 22:41:26,play_store,,c3801723-b251-4b04-b8cb-b239c24c3c01,TRUST_QUALITY,,['fruits'],False,negative
f6d1d9cd-f93a-4685-919a-9c147f6ab263,good and fast delivery,5.0,0.0,2026-07-13 22:32:59,play_store,,f6d1d9cd-f93a-4685-919a-9c147f6ab263,SERVICE_NOISE,,[],False,positive
81d79a57-bd9a-4b46-b82e-22eb975b9556,bhut hi jada kharb service hai na hi time par deleviry karte na hi reply bhut kharb service hai zepto ki,1.0,0.0,2026-07-13 22:26:22,play_store,,81d79a57-bd9a-4b46-b82e-22eb975b9556,SERVICE_NOISE,,[],False,negative
73228ba0-3271-4050-95a1-dc132152fa56,Mene mortein order Kiya tha usme image tha ki machine bhi free h lekin machine ayi hi nhi kyu zepto jab machine free nhi thi to usme image dala hi kyuu Jayda tar log image dekh ke hi order karte h to tum log ya scam kyu kar rahe ho.?? Ab mere pass sirf 3x refill h to uska kya karu bina machine ke vo chalega kya..?? scam karne ke dhande ya e commerce apps,1.0,0.0,2026-07-13 22:07:44,play_store,,73228ba0-3271-4050-95a1-dc132152fa56,TRUST_AUTHENTICITY,SERVICE_NOISE,['household'],False,negative
63c34390-04b3-4faa-8baa-aac9ab33dd49,I'm a regular customer in the zepto app but still i did not get the referral option in my app.. so disgusting,1.0,0.0,2026-07-13 22:05:46,play_store,,63c34390-04b3-4faa-8baa-aac9ab33dd49,SERVICE_NOISE,,[],False,negative
88cc00d1-6313-45a2-b50b-2653cfd4db0b,"worst app to use, not getting slots of the delivery since 45 mins.",1.0,0.0,2026-07-13 21:58:05,play_store,,88cc00d1-6313-45a2-b50b-2653cfd4db0b,SERVICE_NOISE,,[],False,negative
63372f7a-e1a9-4d7b-b4d0-d470990985df,make it faster delivery and resanabl prices Good 👍,4.0,0.0,2026-07-13 21:43:47,play_store,,63372f7a-e1a9-4d7b-b4d0-d470990985df,SERVICE_NOISE,PRICE_VALUE,[],False,mixed
dff53469-8996-4c86-aedc-990324220bbe,"Why did you remove the instant return option? This is very disappointing. If a customer doesn't like a product, why are you forcing an exchange instead of allowing a return? Customers should have the freedom to choose a refund or an exchange. Please explain why this option was removed and restore the instant return feature. if instant return is available i give 5 Star but it's disappointing",2.0,0.0,2026-07-13 21:36:03,play_store,,dff53469-8996-4c86-aedc-990324220bbe,SERVICE_NOISE,,[],False,negative
2c278437-3f9f-4475-8bfc-0865a77a2ec3,wrost app. deliver only expired item or about to expire and have wrost customer service experience,1.0,0.0,2026-07-13 21:36:02,play_store,,2c278437-3f9f-4475-8bfc-0865a77a2ec3,TRUST_QUALITY,SERVICE_NOISE,[],False,negative
53b677c0-3162-4196-8132-133db60fd6a5,"I ordered ginger from Zepto and received a spoiled, rotten product that was completely unfit for use. Instead of taking responsibility Zepto kept declining my complaint and refused to provide a proper resolution. Initially, Zepto's service was good but now it has become terrible. The customer support experience is extremely disappointing. There is no effective support team to resolve genuine issues—they keep sending the same template email responses instead of addressing the actual problem",1.0,0.0,2026-07-13 21:30:51,play_store,,53b677c0-3162-4196-8132-133db60fd6a5,TRUST_QUALITY,SERVICE_NOISE,['vegetables'],False,negative
5ec43739-be7f-45a0-a3b9-c9a585d5325f,"No cashback like before, no offer, it's okay, okay",2.0,0.0,2026-07-13 21:26:49,play_store,,5ec43739-be7f-45a0-a3b9-c9a585d5325f,PRICE_VALUE,,[],False,negative
a536195c-1335-42de-af4f-50f9ad423e9a,worst experience showing 5 mi delivery time but they takes 30+ min time 🤬🤬🤬,1.0,0.0,2026-07-13 21:26:24,play_store,,a536195c-1335-42de-af4f-50f9ad423e9a,SERVICE_NOISE,,[],False,negative
648611bd-5325-4f1c-9df8-27fd914e4c41,can't replace any order,1.0,0.0,2026-07-13 21:19:16,play_store,,648611bd-5325-4f1c-9df8-27fd914e4c41,SERVICE_NOISE,,[],False,negative
63e96294-b067-4f39-9378-ff1428b5348e,"whenever I go help and support, the app always hangs while uploading pictures. i can get help without adding pictures, but it also doesn't allow adding any of them",1.0,0.0,2026-07-13 21:16:50,play_store,,63e96294-b067-4f39-9378-ff1428b5348e,SERVICE_NOISE,,[],False,negative
909833d2-1095-41d4-9898-ad103b1321ca,this app is not good at all. it's a scam!!,1.0,0.0,2026-07-13 21:05:59,play_store,,909833d2-1095-41d4-9898-ad103b1321ca,SERVICE_NOISE,,[],False,negative
b1ab32f4-f64a-428f-8f6e-4fc456a61545,i think grocery item ka rate bhi reasnable hona chiye,5.0,0.0,2026-07-13 20:56:56,play_store,,b1ab32f4-f64a-428f-8f6e-4fc456a61545,PRICE_VALUE,,['grocery'],False,negative
04ba4480-20b5-45a4-a9d8-8f60d2e1a41f,Do not order from zepto they deliver melted ice cream and deny refund worst customer support worst fraud scam,1.0,0.0,2026-07-13 20:56:02,play_store,,04ba4480-20b5-45a4-a9d8-8f60d2e1a41f,SERVICE_NOISE,TRUST_QUALITY,['ice cream'],False,negative
ed2ef559-2761-48ea-98a3-35acddeaab45,"Not a good experience, food showing delivered, but not received. even customer care is not helpful.",1.0,0.0,2026-07-13 20:54:50,play_store,,ed2ef559-2761-48ea-98a3-35acddeaab45,SERVICE_NOISE,,['food'],False,negative
51e31de0-c0f8-4408-bd87-4dacbde7de0a,didnt get the same order another packets,5.0,0.0,2026-07-13 20:26:43,play_store,,51e31de0-c0f8-4408-bd87-4dacbde7de0a,SERVICE_NOISE,,[],False,negative
1e95b9f2-564e-4e09-bd77-9c9a294a3725,worst time commitment today is 5th birthday of zeptp take gift from me 1 pkt tea delivery is taken ....25 min still waiting may be come in 2027,1.0,0.0,2026-07-13 20:21:04,play_store,,1e95b9f2-564e-4e09-bd77-9c9a294a3725,SERVICE_NOISE,,['tea'],False,negative
95bb484f-d48d-4df0-bc67-f9f6d9df28dc,"When. people have problems they refuse to refund ,One of my item was missing ,the delevery partner also acknowledged and i spoke with their captain on call ,he also said it was mistake on their part but when i applied for refund ,the bot said sorry and they have processed order correctly. Then that delevery partner came with item to delever again ,but it's really negligence on part of zepto",1.0,0.0,2026-07-13 20:13:44,play_store,,95bb484f-d48d-4df0-bc67-f9f6d9df28dc,SERVICE_NOISE,,[],False,negative
ca783cfd-4388-406f-9b9c-9b36826bf924,some items isn't good and support team isn't lestion any complaint....,1.0,0.0,2026-07-13 20:11:29,play_store,,ca783cfd-4388-406f-9b9c-9b36826bf924,SERVICE_NOISE,,[],False,negative
e9bd6dbf-d533-4395-b3f2-b70011c9ccb9,"i ordered ashirwad atta 10 kg packet,when packet arrived it was all torn and was secured only with tape.pathetic experience.customer care is also not going to support worst experience.",1.0,0.0,2026-07-13 20:04:17,play_store,,e9bd6dbf-d533-4395-b3f2-b70011c9ccb9,SERVICE_NOISE,TRUST_QUALITY,['atta'],False,negative
8f289df9-71fa-446f-8d09-1fe669b17e2b,if I could I would give negative reviews for this there is no help no customer care available to speak abt any issues pathetic customer care ever seen,1.0,0.0,2026-07-13 20:02:31,play_store,,8f289df9-71fa-446f-8d09-1fe669b17e2b,SERVICE_NOISE,,[],False,negative
4e434656-9d1d-40a0-a8ae-05a581532312,very helpful aap.... easy to shop in 15 min... thank you...,5.0,0.0,2026-07-13 19:43:08,play_store,,4e434656-9d1d-40a0-a8ae-05a581532312,SERVICE_NOISE,,[],False,positive
a5116a6f-0f87-4e72-adfa-b6a73e01556f,if your are buying an electronics item and it comes with warranty it's useless since they don't take complains after 1 week or 2 week after that order and if the product gets damaged there is no way of getting it replaced even if it's under warranty,2.0,3.0,2026-07-13 19:26:17,play_store,,a5116a6f-0f87-4e72-adfa-b6a73e01556f,SERVICE_NOISE,,['electronics'],False,negative
c4c11ca0-1025-4304-a053-7b8555da8055,scam krte h froud krte h offer k nam pr public ko bevkuf bnate h rutern nhi krte product khali tube dete h jisme product hota hi nhi h enke coustomer care vale bhi froud h Bina problem solve kiye chat close kr dete h one word me khu to sb k sb froud enki puri team public ko lutne bethe h,1.0,0.0,2026-07-13 19:20:13,play_store,,c4c11ca0-1025-4304-a053-7b8555da8055,SERVICE_NOISE,,[],False,negative
9b54066b-fbe6-4856-a3ee-88351b8a7556,they don't care about u or items u buy! 0/10,1.0,0.0,2026-07-13 19:15:43,play_store,,9b54066b-fbe6-4856-a3ee-88351b8a7556,SERVICE_NOISE,,[],False,negative
fc4a594f-227f-4bef-bd7b-313e0794822b,bahut hi achha h bhai,5.0,0.0,2026-07-13 19:12:02,play_store,,fc4a594f-227f-4bef-bd7b-313e0794822b,SERVICE_NOISE,,[],False,positive
a56fd284-165c-44bf-8a2a-033b6db1bc57,very poor they show different delivery Charges for same location plus also don't give coupon,1.0,0.0,2026-07-13 19:10:49,play_store,,a56fd284-165c-44bf-8a2a-033b6db1bc57,SERVICE_NOISE,,[],False,negative
a6963d28-b0f2-4a7d-bc82-1f704287b79a,they have sent me wrong product. what they have shown in image and the product I get which completely different even the image on box is a different from product I have send the image to customer support and they still denied it. very poor customer support service,1.0,0.0,2026-07-13 19:07:43,play_store,,a6963d28-b0f2-4a7d-bc82-1f704287b79a,SERVICE_NOISE,,[],False,negative
38f46d21-dada-4fb6-b3ac-b0528f3cb290,Garbage Service - Products are damaged EVERY SINGLE TIME and the customer service refuses to help.,1.0,0.0,2026-07-13 18:58:35,play_store,,38f46d21-dada-4fb6-b3ac-b0528f3cb290,SERVICE_NOISE,TRUST_QUALITY,[],False,negative
fbd793b8-0bb1-4532-a519-c646834773e1,don't buy zepto charge over mrp,1.0,0.0,2026-07-13 18:58:17,play_store,,fbd793b8-0bb1-4532-a519-c646834773e1,PRICE_VALUE,,[],False,negative
5c948cd2-8fad-42a4-bc62-238f5b3f6c66,hes not good bc on and gone,1.0,0.0,2026-07-13 18:56:58,play_store,,5c948cd2-8fad-42a4-bc62-238f5b3f6c66,SERVICE_NOISE,,[],False,negative
d6a0878b-9d53-4cee-bb01-fe2722f2b4ba,"I thought this was a good app but hell no. I had ordered a dessert but got some random handwash instead, so i reached out to the delivery guy and he refused to take accountability so i reached out to the customer care email, and they denied to accept that they were at fault and put the blame on me instead, and till now nothing was done for this matter, I'm deleting this app and I've told everyone not to use this app, zepto is such a bad app, very disappointed.",1.0,0.0,2026-07-13 18:52:07,play_store,,d6a0878b-9d53-4cee-bb01-fe2722f2b4ba,SERVICE_NOISE,,"['dessert', 'handwash']",False,negative
42803cea-c0f6-463f-b401-053b8aa16a03,"before they used to resolve our issues but now it says mail us but when we mail, it always shows mail is queued . worst experience. I have been getting this issue from past one month but no resolution they only take your money and give bad quality fruits and veggies. I'm deleting your app today. worst customer service",1.0,0.0,2026-07-13 18:48:16,play_store,,42803cea-c0f6-463f-b401-053b8aa16a03,SERVICE_NOISE,TRUST_QUALITY,"['fruits', 'vegetables']",False,negative
52019cf8-eb0d-4a10-bf8b-77c360196244,don't want to give a star bcz the prices after adding the cart had been rising too fast and also the delivering fruits also not good once the product is added to cart the price of the cart had been rising automatically truly disappointing,1.0,0.0,2026-07-13 18:28:02,play_store,,52019cf8-eb0d-4a10-bf8b-77c360196244,PRICE_VALUE,TRUST_QUALITY,['fruits'],False,negative
a3bebd2e-ee46-40f7-91bd-52f44bf84d06,"Zepto has consistently proved to be the worst small commerce app compared to Blinkit and Swiggy. And here's why: 1) Complete disregard for customer service. They programmed a bot to handle customers — and they didn't even do it well. 0 resolution of issues. 2) The way Zepto stores treat cold items should be a health hazard and Food Commissioners should look into it. Defrosted meat and ice creams are comically common. 3) 3/10 times they send you the wrong item, cheaper item, no transparency",1.0,0.0,2026-07-13 18:27:50,play_store,,a3bebd2e-ee46-40f7-91bd-52f44bf84d06,SERVICE_NOISE,TRUST_QUALITY,"['meat', 'ice creams']",False,negative
0173bf94-27dd-4678-b0cb-11f504e1791b,best and fastest delivery app,5.0,0.0,2026-07-13 18:22:02,play_store,,0173bf94-27dd-4678-b0cb-11f504e1791b,SERVICE_NOISE,,[],False,positive
635ec8af-cab3-48f3-9252-2d77cc6ff9fd,"very bad Service, sent expired item and too dirty condition. and not get my amount refund",1.0,1.0,2026-07-13 18:01:17,play_store,,635ec8af-cab3-48f3-9252-2d77cc6ff9fd,SERVICE_NOISE,TRUST_QUALITY,[],False,negative
e57772ac-ec6f-4f91-bd1d-5aff19ca133e,"Ordered Amul Golden Mango Ice Cream, but it arrived completely melted into liquid. Even the cooling ice pack was fully melted. I shared video proof, but Zepto kept sending the same template reply saying it was fine at dispatch. Ice cream should be frozen when delivered, not liquid. The delivery partner said, ""Main kya karu?"" Very poor customer service and no accountability. Highly disappointed.",1.0,1.0,2026-07-13 17:46:18,play_store,,e57772ac-ec6f-4f91-bd1d-5aff19ca133e,SERVICE_NOISE,TRUST_QUALITY,['ice cream'],False,negative
dfc00682-6df1-413e-8a0e-3473410eddf3,best app hai .. no hidden charges.. awesome....🎀💗✨,5.0,0.0,2026-07-13 17:19:05,play_store,,dfc00682-6df1-413e-8a0e-3473410eddf3,SERVICE_NOISE,,[],False,positive
03187d36-4af2-428d-b069-ab7f979d862b,bad experence not quality item,1.0,0.0,2026-07-13 17:17:22,play_store,,03187d36-4af2-428d-b069-ab7f979d862b,TRUST_QUALITY,,[],False,negative
1b9dab53-9b12-4eaa-98af-8f12a86ef389,"Okay, this is a completely useless app; there is absolutely no solution here.🙏🏻",1.0,1.0,2026-07-13 16:49:59,play_store,,1b9dab53-9b12-4eaa-98af-8f12a86ef389,SERVICE_NOISE,,[],False,negative
e0ba8534-0f79-41fc-9ff9-12a766b7e927,"when the limit of delevery fee was 100 when I love it , now zepto is increased that so it becomes bad ,my suggestion is use Bigbasket 🥀",3.0,0.0,2026-07-13 16:45:33,play_store,,e0ba8534-0f79-41fc-9ff9-12a766b7e927,PRICE_VALUE,,[],False,negative
52fc32d9-3ab1-49dc-8bdd-f54b5c402333,i dont like but products are good,3.0,0.0,2026-07-13 16:21:57,play_store,,52fc32d9-3ab1-49dc-8bdd-f54b5c402333,SERVICE_NOISE,,[],False,mixed
6afbbca6-1881-464c-9898-9d4420523ae3,Worst you can do is giving 1 + 1 free on cafe section and after adding to cart it says try after 15 minutes after trying again still says the same try again after 15 min and then I try the item is already sold.,1.0,0.0,2026-07-13 16:12:51,play_store,,6afbbca6-1881-464c-9898-9d4420523ae3,SERVICE_NOISE,,['cafe'],False,negative
c8321687-8c9a-4746-9d2c-bf5b8bcf0ed6,"Pathetic service, don't see the issue or e-mail, even after uploading pics on app they need same in email. Check my order made on July 13. While the product has not passed its expiration date, the packaging for these items arrived completely bloated and filled with air. Upon unpacking them to consume, the beverage tasted extremely foul and was entirely spoiled.",1.0,0.0,2026-07-13 16:12:14,play_store,,c8321687-8c9a-4746-9d2c-bf5b8bcf0ed6,TRUST_QUALITY,SERVICE_NOISE,['beverages'],False,negative
65b021b6-3170-4c52-bfc1-174abb85516e,"I ordered something in a small size but wanted to get a larger one instead; however, when I tried to cancel or exchange it, there was no option available. What kind of nonsense is this? Sure, you deliver quickly, but you shouldn't operate like this.",3.0,0.0,2026-07-13 16:04:24,play_store,,65b021b6-3170-4c52-bfc1-174abb85516e,SERVICE_NOISE,,[],False,negative
ad2abe7c-75d4-42ec-8aac-a63601936486,fast delivery great experience,5.0,0.0,2026-07-13 15:48:22,play_store,,ad2abe7c-75d4-42ec-8aac-a63601936486,SERVICE_NOISE,,[],False,positive
e3e034b1-9c42-4092-8a90-b7e3d4287d67,"I am extremely disappointed with my recent experience with Zepto. The quality of the products I received was poor and did not meet basic expectations. What made the experience even worse was the lack of support from the customer service team. Instead of resolving my issue promptly, my concerns were not handled satisfactorily, leaving me frustrated as a customer. I have always expected better service from Zepto, but this experience has reduced my trust in the platform. I request that you improve",1.0,1.0,2026-07-13 15:36:16,play_store,,e3e034b1-9c42-4092-8a90-b7e3d4287d67,TRUST_QUALITY,SERVICE_NOISE,[],False,negative
bd95da3a-8a96-414e-873b-249fd1a7e61b,"Do not order anything from Zepto. They are selling stale, rotten, and poor-quality coconuts, and when I raised a complaint instead of taking responsibility, they shifted the blame onto me. To make matters worse, they have completely stopped responding to my emails. This is not just poor customer service—it shows a complete lack of accountability. Once they have your money, they simply go silent as if nothing ever happened. I strongly advise everyone to avoid ordering zepto.",1.0,0.0,2026-07-13 15:04:16,play_store,,bd95da3a-8a96-414e-873b-249fd1a7e61b,TRUST_QUALITY,SERVICE_NOISE,['coconuts'],False,negative
e4ee8dd4-0b50-4ff9-8726-2da0a053a073,en ki sarvise bohot gandi hai abhi tk mera odar nhi mila na he koe payment vapas hua fek app,1.0,0.0,2026-07-13 15:00:18,play_store,,e4ee8dd4-0b50-4ff9-8726-2da0a053a073,SERVICE_NOISE,,[],False,negative
077c43b7-ced8-4e63-82cb-7d8125def45c,"Very bad app . Dont buy anything from this app.No helpful .No conclusion.This is the cheapest app . The product of this aap is worst ,bad ,and expiry .",1.0,0.0,2026-07-13 14:59:46,play_store,,077c43b7-ced8-4e63-82cb-7d8125def45c,TRUST_QUALITY,,[],False,negative
212624d9-d18c-4746-a8c0-e6755db461d7,initially zepto was awesome now a days poor management I lost trust,1.0,0.0,2026-07-13 14:51:13,play_store,,212624d9-d18c-4746-a8c0-e6755db461d7,SERVICE_NOISE,,[],False,negative
b2d1ec4d-54f5-476c-8366-f2c27cf3065a,I have 125 zepto cash which is always unavailable and bekar app ha 10 minute ka order 2 ghante me bhi nhi aaya,1.0,0.0,2026-07-13 14:43:59,play_store,,b2d1ec4d-54f5-476c-8366-f2c27cf3065a,SERVICE_NOISE,,[],False,negative
b3118e6b-2ac1-4faf-abff-b8b0326ef816,kya bekar aap hai electronics items lene he nhi ye aap se bill invoice he nhi dete jo company ka product hai vohi company ka nam se bill generate he nhi krre aur online warranty card nhi dere company wala vo bolra hai ki unke company ka nam se bill generate he nhi hai toh nhi de sakte warranty card bolra vo mere toh amount spoil hoge na,1.0,0.0,2026-07-13 14:40:13,play_store,,b3118e6b-2ac1-4faf-abff-b8b0326ef816,SERVICE_NOISE,TRUST_AUTHENTICITY,['electronics'],False,negative
4d71d61f-617c-4100-b1a4-54f3a90931fe,best app I'm very happy,5.0,0.0,2026-07-13 14:37:37,play_store,,4d71d61f-617c-4100-b1a4-54f3a90931fe,SERVICE_NOISE,,[],False,positive
2fbbf5a9-3cbd-412a-b5b2-5c88c27bd735,"next to repeated offensive behaviours from the riders, Zepto also deliver rotten, damaged products with no customer service.",1.0,0.0,2026-07-13 14:24:46,play_store,,2fbbf5a9-3cbd-412a-b5b2-5c88c27bd735,TRUST_QUALITY,SERVICE_NOISE,[],False,negative
6656716c-efde-44bd-9ad3-c2ef57c4b3d6,very useful for students who live away from homes,5.0,0.0,2026-07-13 14:14:38,play_store,,6656716c-efde-44bd-9ad3-c2ef57c4b3d6,MENTAL_MODEL,,[],False,positive
94922966-3bc5-4c0c-bfe2-428259e42e71,good if they gave some occasional gifts like blinkit does l,3.0,0.0,2026-07-13 13:58:12,play_store,,94922966-3bc5-4c0c-bfe2-428259e42e71,SERVICE_NOISE,,[],False,negative
bfe66118-5bb9-4ab8-9978-2083bbacdbe3,"very bad aap don't do order this aap having issues are in order & payment refund, fake rating app, Sporting system are too frustrating no any resolving issues ,",1.0,0.0,2026-07-13 13:54:56,play_store,,bfe66118-5bb9-4ab8-9978-2083bbacdbe3,SERVICE_NOISE,,[],False,negative
3e7d70f3-e7c9-4a8d-8609-febbab122126,JGHKCUMG74220 wrong ID delivered and no refund provided worst people,1.0,0.0,2026-07-13 13:46:34,play_store,,3e7d70f3-e7c9-4a8d-8609-febbab122126,SERVICE_NOISE,,[],False,negative
a74679c5-b8f3-44fe-86d1-1e0bf0163957,the payment fails to go through regularly which is very annoying,1.0,0.0,2026-07-13 13:43:11,play_store,,a74679c5-b8f3-44fe-86d1-1e0bf0163957,SERVICE_NOISE,,[],False,negative
ba37323c-3b9e-4b3f-941f-cbd0d3741ad7,zepto se koi bhi saman nhi mangvana jo bhi saman mangvayoge aab karab niklta hai or Vapis bhi nhi karte hai kitna bhi mail kar lo,1.0,0.0,2026-07-13 13:26:57,play_store,,ba37323c-3b9e-4b3f-941f-cbd0d3741ad7,TRUST_QUALITY,SERVICE_NOISE,[],False,negative
f9690658-50a8-45bc-9892-e1ff3573816e,"When you deliver any kind of drinks, please deliver them chilled. One of the worst services.",1.0,0.0,2026-07-13 13:19:10,play_store,,f9690658-50a8-45bc-9892-e1ff3573816e,SERVICE_NOISE,,['drinks'],False,negative
15bd9b96-d3bd-425b-b92a-1e3e1af56e9a,pathetic customer service i have lost my 400 and did not receive the product,1.0,0.0,2026-07-13 12:46:57,play_store,,15bd9b96-d3bd-425b-b92a-1e3e1af56e9a,SERVICE_NOISE,,[],False,negative
aa619e2c-cb41-48b9-a0c2-c9b44b7fff02,very very disappointed inceptor zepto app do not working in location inserto app,1.0,0.0,2026-07-13 12:32:39,play_store,,aa619e2c-cb41-48b9-a0c2-c9b44b7fff02,SERVICE_NOISE,,[],False,negative
2ce44e7b-1ea7-4409-b92b-affe8c741328,the app was not quickly open,1.0,0.0,2026-07-13 12:11:21,play_store,,2ce44e7b-1ea7-4409-b92b-affe8c741328,SERVICE_NOISE,,[],False,negative
8e7ae6d0-e56c-446f-bd12-5c998811205f,i order ear buds and online payment kr chuki hu order delivery time 31 mint dikha kr ab pure 1 ghanta 15 mint ho gyi lekin delivery nhi hui na hi delivery boy ka number dete h ye log,1.0,0.0,2026-07-13 12:07:04,play_store,,8e7ae6d0-e56c-446f-bd12-5c998811205f,SERVICE_NOISE,,['electronics'],False,negative
50fc16ef-251a-45e8-a840-b64ccff8271a,wow very fast delivery 💓,5.0,0.0,2026-07-13 11:47:50,play_store,,50fc16ef-251a-45e8-a840-b64ccff8271a,SERVICE_NOISE,,[],False,positive
ff93c600-2a45-4205-bb67-d0306fe66472,"Becoming one of the worst app due to lack of customer support, only bot available with predefined instructions and do not understand anything, except template messages",1.0,0.0,2026-07-13 11:40:49,play_store,,ff93c600-2a45-4205-bb67-d0306fe66472,SERVICE_NOISE,,[],False,negative
dd5f1821-1540-4ae6-99d1-c30f378c04f9,one milk damage plz change one milk,1.0,0.0,2026-07-13 11:38:11,play_store,,dd5f1821-1540-4ae6-99d1-c30f378c04f9,TRUST_QUALITY,,['milk'],False,negative
88ad4709-040c-4509-8f9b-d9cad74f19ce,very bad sarvice my order delay & cancel,1.0,0.0,2026-07-13 11:35:34,play_store,,88ad4709-040c-4509-8f9b-d9cad74f19ce,SERVICE_NOISE,,[],False,negative
72c4c535-c05b-4e82-94ed-6eb9ad3c86e8,free delivery only 49 rupees is better,5.0,0.0,2026-07-13 11:26:48,play_store,,72c4c535-c05b-4e82-94ed-6eb9ad3c86e8,PRICE_VALUE,,[],False,positive
d8b53d27-de2e-4ebb-b162-4c3a4b33e881,very good service superb,5.0,0.0,2026-07-13 11:06:20,play_store,,d8b53d27-de2e-4ebb-b162-4c3a4b33e881,SERVICE_NOISE,,[],False,positive
a8735520-e2d8-4e8b-9fa4-348f488b4354,my all time favourite,5.0,0.0,2026-07-13 10:57:40,play_store,,a8735520-e2d8-4e8b-9fa4-348f488b4354,SERVICE_NOISE,,[],False,positive
1211e50d-9eb3-40e9-a166-12fdb5aa2d01,they banned my id for no reason,1.0,0.0,2026-07-13 10:55:56,play_store,,1211e50d-9eb3-40e9-a166-12fdb5aa2d01,SERVICE_NOISE,,[],False,negative
7a195068-c630-4b1c-8f18-6d3410de99a7,zepto froad and scam company hai iske product quality very poor hai aur complaint karne per coustomer ka he account block kar dete hai zepto ka koi customer care number bhi nahi hai totally fraud or scam company hai agar product ki complaint karni hai toh email per hi hogi aur koi option nahin hai email per complaint Karna har Koi nahin kar pata aur jisne kar di uska account he block kar deti hai zepto totally fraud or scam company hai jo ghatiya product customer ko de rah hai,1.0,0.0,2026-07-13 10:30:30,play_store,,7a195068-c630-4b1c-8f18-6d3410de99a7,TRUST_QUALITY,SERVICE_NOISE,[],False,negative
e4ba4e29-5aa6-4e26-b387-b00af164f705,very polite and fast delivery,5.0,0.0,2026-07-13 10:14:16,play_store,,e4ba4e29-5aa6-4e26-b387-b00af164f705,SERVICE_NOISE,,[],False,positive
711e5134-4d8a-47ca-8727-c1c0801c7c98,a add headphone at 1399 and left for some hours and when i came to order the price hyped 300 not fair .,1.0,0.0,2026-07-13 10:13:13,play_store,,711e5134-4d8a-47ca-8727-c1c0801c7c98,PRICE_VALUE,,['electronics'],False,negative
6923a5bf-f752-4149-a17c-492431edf0d0,"Extremely poor service and rotting goods. Despite several complaints there is no change in management, storage and handling of goods. Cold chain is never maintained daily, the bot Zap is trained to frustrate and not provide assistance. So many pricing glitches that Zepto prevents delivery if the end user secured items at cheap costs. After weeks of poor experience, saving a little is costing a lot more in health and time. Please upvote this review to prevent children & elderly from using Zepto.",1.0,1.0,2026-07-13 10:00:56,play_store,,6923a5bf-f752-4149-a17c-492431edf0d0,TRUST_QUALITY,SERVICE_NOISE,[],False,negative
adbdf695-5d3a-4714-b3c5-5d7a417b8dd7,zepto is superb and supportive,5.0,0.0,2026-07-13 09:52:33,play_store,,adbdf695-5d3a-4714-b3c5-5d7a417b8dd7,SERVICE_NOISE,,[],False,positive
195ce21e-1bd3-4b0f-a3ca-8de7ea411268,fake hai mere main handling charge 40 lag raha hain jitne ka bhi order karu,1.0,0.0,2026-07-13 09:37:22,play_store,,195ce21e-1bd3-4b0f-a3ca-8de7ea411268,PRICE_VALUE,,[],False,negative
26633d04-b4ce-4984-bc42-9fe7ebd3be97,"Zepto's service has been very disappointing. I have repeatedly received products that are defective, spoiled, or of poor quality. Whenever I raise a complaint or request a refund, my request is often refused without a proper resolution. Instead of addressing the issue, the company fails to provide satisfactory customer support. This has been a very frustrating experience, and I expect better quality products and fair resolution for customer complaints.",1.0,0.0,2026-07-13 09:31:29,play_store,,26633d04-b4ce-4984-bc42-9fe7ebd3be97,TRUST_QUALITY,SERVICE_NOISE,[],False,negative
a4b2756a-1921-45cd-ab3c-09acb8c54258,"There are many apps online, but Zepto is the best of them all 💙❤️",5.0,0.0,2026-07-13 09:23:31,play_store,,a4b2756a-1921-45cd-ab3c-09acb8c54258,SERVICE_NOISE,,[],False,positive
0b0987f6-6f0b-4052-9f84-f500f9b2ed8d,ye log pahle free me delevered karte hain. usake bad delevery charge letw hain. phle 99 par phir 149 phir 299 esi tarah customer ko gulam banayegen.,4.0,0.0,2026-07-13 09:19:30,play_store,,0b0987f6-6f0b-4052-9f84-f500f9b2ed8d,PRICE_VALUE,,[],False,negative
9b66761e-46b8-4ed8-ae69-3fd32d94ff1a,"On July 6, I placed an order worth ₹478 on ZEPETO. The amount was deducted from my account, but the order was never placed, and I haven't received a refund either. They have only been delaying the process, so it seems like they are trying to scam me.",1.0,0.0,2026-07-13 09:18:31,play_store,,9b66761e-46b8-4ed8-ae69-3fd32d94ff1a,SERVICE_NOISE,,[],False,negative
252d0b56-9acf-4eff-812f-31e524e34261,most 3 rd class app ......they are thieves 2 day before I order something....and the delivery boy told me mam I don't have cash so I returned it to you in my office....so told him ok then no money I have received,1.0,0.0,2026-07-13 08:44:14,play_store,,252d0b56-9acf-4eff-812f-31e524e34261,SERVICE_NOISE,,[],False,negative
60b0d65c-195a-4e05-9149-ab5ccb3b68c6,lam very happy and satisfied,5.0,0.0,2026-07-13 08:24:05,play_store,,60b0d65c-195a-4e05-9149-ab5ccb3b68c6,SERVICE_NOISE,,[],False,positive
8c12e9b5-c9a1-4a02-8778-7fb1dee12983,एकदम बेकार चीज है इसमें पैसा फसता है,1.0,0.0,2026-07-13 08:18:44,play_store,,8c12e9b5-c9a1-4a02-8778-7fb1dee12983,SERVICE_NOISE,,[],False,negative
38376845-2b62-4fa9-99c3-af667c48b426,Good behavior by the delivery person,5.0,0.0,2026-07-13 08:15:59,play_store,,38376845-2b62-4fa9-99c3-af667c48b426,SERVICE_NOISE,,[],False,positive
11246077-bc21-446c-9ebe-e6379664e173,doesn't deliver on time..they actually waste customers valuable time by faking the delivery time..for an order which is to be delivered in 33 mins(which they showed) they took 2 hours to deliver (without any traffic in the city),1.0,0.0,2026-07-13 08:09:00,play_store,,11246077-bc21-446c-9ebe-e6379664e173,SERVICE_NOISE,,[],False,negative
58aa86a8-028d-4ddf-83af-99fc057585e3,Quality needs improvement.,1.0,0.0,2026-07-13 07:43:47,play_store,,58aa86a8-028d-4ddf-83af-99fc057585e3,TRUST_QUALITY,,[],False,negative
f6ca9672-d3ab-4718-aaa9-1f5ef67c3ecf,"worst experience an order placed 10.54pm waited till 1.08am more than 2 hrs did not arrive ai waste of time and expert senior disturbed with kids,useless no help just says cancel.Very convinent for them order of minutes.",1.0,0.0,2026-07-13 07:36:56,play_store,,f6ca9672-d3ab-4718-aaa9-1f5ef67c3ecf,SERVICE_NOISE,,[],False,negative
c2056718-292d-41b5-8f3d-413fd8862d91,Fraud app totally.. blocked my 2 accounts on same device and grabbed the gift cards amount of approximately rs 600 ...they have no valid answer...1 year has passed still blocked...I would request the public not to add gift cards in this app.they block n grab,1.0,0.0,2026-07-13 07:29:09,play_store,,c2056718-292d-41b5-8f3d-413fd8862d91,SERVICE_NOISE,,[],False,negative
a1cc56dd-5ac5-448b-be0f-52f12531c8bf,every product are bad quality,1.0,0.0,2026-07-13 07:28:40,play_store,,a1cc56dd-5ac5-448b-be0f-52f12531c8bf,TRUST_QUALITY,,[],False,negative
de08234f-a398-49aa-858e-39edeaa0f7a6,What kind of game is created inside the app?🤬,1.0,0.0,2026-07-13 07:24:48,play_store,,de08234f-a398-49aa-858e-39edeaa0f7a6,SERVICE_NOISE,,[],False,negative
9f9103e9-a3a9-459a-988a-5f253fa7cdef,the app is not running in my location.. thane st gladrays location,1.0,0.0,2026-07-13 05:10:35,play_store,,9f9103e9-a3a9-459a-988a-5f253fa7cdef,SERVICE_NOISE,,[],False,negative
c43289ba-f77b-40f0-8f9f-6c994e85334b,waste for rider delivey,1.0,0.0,2026-07-13 04:46:21,play_store,,c43289ba-f77b-40f0-8f9f-6c994e85334b,SERVICE_NOISE,,[],False,negative
f46a23c0-21bc-419a-8cd8-44f491daf3f1,it's very easy and fast I love to shop grocery with zepto,5.0,0.0,2026-07-13 02:39:27,play_store,,f46a23c0-21bc-419a-8cd8-44f491daf3f1,SERVICE_NOISE,,['grocery'],False,positive
eb5d7134-63ab-4a5a-8758-b411e04a94f0,Delivered 3rd quality of vegetables and product. No problem solving customer service..,1.0,0.0,2026-07-13 02:08:19,play_store,,eb5d7134-63ab-4a5a-8758-b411e04a94f0,TRUST_QUALITY,,['vegetables'],False,negative
c250ee94-2782-4a09-b148-1e65f82e5340,"Worst app, from the last few months my order takes hours to get delivered and when I try to talk to customer care the AI doesn't let me. Blinkit and Instamart are alot better than this. If I had an option I would rate it zero stars",1.0,0.0,2026-07-13 01:59:59,play_store,,c250ee94-2782-4a09-b148-1e65f82e5340,SERVICE_NOISE,PRICE_VALUE,[],False,negative
0ba8b76e-e18c-4d2e-85a8-3aab3ceff130,this app is not user friendly....I had some issue and I wanted to resolve it with the agent who can understand my concern but AI didn't connect me to the real person and I was not able to connect with the agent....I would suggest not to use this app...only this thing will put some senses in them....and I am so frustrated right now that I am writing this review at 1:00am and about the rating i had to give 1 because without that I was not able to post this review......,1.0,0.0,2026-07-13 01:19:33,play_store,,0ba8b76e-e18c-4d2e-85a8-3aab3ceff130,SERVICE_NOISE,,[],False,negative
9cfecc20-3d64-475d-8d38-2097f249b873,After a few free delivery orders it's showing rs 40 handling charges... so rubbish... a new way to loot customers... i have been a regular customer till today... now i m not going to pay rs 40 handling charges for 2 -3kg milk even... i will start ordering from flipkart minutes which no extra charges for mov 99,1.0,0.0,2026-07-13 01:13:22,play_store,,9cfecc20-3d64-475d-8d38-2097f249b873,PRICE_VALUE,,['milk'],False,negative
9d9a886c-74ec-44be-b61e-f55aca6f6d6e,today night I booked some order on cash on delivery and the delivery partner did not had change so the order was cancelled by the delivery agent very soon cash on delivery was disabled wat kind of a dirty and money minded you team are worst app evr deleting right away.,1.0,0.0,2026-07-13 01:11:43,play_store,,9d9a886c-74ec-44be-b61e-f55aca6f6d6e,SERVICE_NOISE,,[],False,negative
d8188d78-5afb-4f7b-a1b9-05ed89533f24,"Absolutely disappointed with Zepto's service. My order has been delayed for over an hour and it still hasn't been delivered. The app keeps showing misleading updates like ""arriving in 1 minute"" but nothing actually happens Customer support only sends automated responses instead of providing any real help or resolution.What's the point of advertising quick delivery if customers are left waiting endlessly without any transparency? This has been a complete waste of my time and a very frustrating",1.0,0.0,2026-07-13 01:05:14,play_store,,d8188d78-5afb-4f7b-a1b9-05ed89533f24,SERVICE_NOISE,,[],False,negative
873e2dc4-19d6-4ed8-99c0-d58024fee551,this app had gave many disappointments to be honest don't use this app...l had very worst experience using this app was my biggest mistake the product are not proper packed or it doesn't look good it looks like it is expired and manytimes they gave wrong products,1.0,0.0,2026-07-13 00:50:53,play_store,,873e2dc4-19d6-4ed8-99c0-d58024fee551,TRUST_QUALITY,,[],False,negative
477cd6a0-c657-439f-8514-b0bab0360dea,ghatya colaty ice creem to har taime melt or kharab colaty rhayti he,1.0,0.0,2026-07-13 00:37:26,play_store,,477cd6a0-c657-439f-8514-b0bab0360dea,TRUST_QUALITY,,['ice cream'],False,negative
883cd070-bcbe-43a3-b80a-48ad9ea8c8f2,app logo is worst try some minimal design,1.0,0.0,2026-07-13 00:37:26,play_store,,883cd070-bcbe-43a3-b80a-48ad9ea8c8f2,SERVICE_NOISE,,[],False,negative
ac0c7d9b-cdd6-4d1a-8328-6e0b1e7bfdda,"Don't buy any electronics from Zepto.They are just stealing hard earned money of customer in the name of warranty period.. when, the issue arises, there is no one to listen you to help you out with the defected product.. Government should ban such chor company I have already contacted the support I'd provided in the response of my comment, but it's useless id... people sitting over there are of no use and talking like without mind",1.0,0.0,2026-07-13 00:32:36,play_store,,ac0c7d9b-cdd6-4d1a-8328-6e0b1e7bfdda,TRUST_QUALITY,SERVICE_NOISE,['electronics'],False,negative
ebacda12-6c5e-4379-8491-b531b3d939f2,"Groceries in minutes during the night, during the day it takes time due to traffic.. Zepto is way cheaper than other apps",3.0,0.0,2026-07-13 00:25:26,play_store,,ebacda12-6c5e-4379-8491-b531b3d939f2,PRICE_VALUE,HABIT_AUTOPILOT,['groceries'],False,positive
47567260-054a-4325-8a7b-267bfd251850,zepto service is poor he hold my account without any reason,1.0,0.0,2026-07-13 00:07:49,play_store,,47567260-054a-4325-8a7b-267bfd251850,SERVICE_NOISE,,[],False,negative
64f272ec-4899-4d81-a6bb-b42c9d059764,"The services getting bad to worse day by day.. They brag about quick delivery and often show expected delivery time under 10 minutes, but deliver atleast 30 minutes late.. Also chat support is worst, gives same response for all queries, talking to customer care executive is impossible..",1.0,0.0,2026-07-12 23:57:12,play_store,,64f272ec-4899-4d81-a6bb-b42c9d059764,SERVICE_NOISE,,[],False,negative
2cbf8dfc-4762-4531-8bfa-4947f7388e4a,itni nihayati ghatiya app hai delivery boys jaise ho hi na inke paas har 10 min bad inki high demand aajati hai aur cart unserviceable ho jati hai. unserviceable nai to free delivery ki minimum order value to badh hi jati hai. staff poora hai ni bas dimag kharab karte rehte hai,1.0,0.0,2026-07-12 23:36:47,play_store,,2cbf8dfc-4762-4531-8bfa-4947f7388e4a,SERVICE_NOISE,,[],False,negative
842fec05-8011-4657-8202-666217d51c83,customer service not satisfy customer behaviour wrong,1.0,0.0,2026-07-12 23:36:39,play_store,,842fec05-8011-4657-8202-666217d51c83,SERVICE_NOISE,,[],False,negative
23c43076-b0dc-4186-9d13-5701b998c088,"very worst delivery patner , food quality worst, delay in delivery, specially icecreams or coldchain products they don't know to deliver proper it is always melted or damage, and if send photos for refund not accepted , it's ok don't want money back but looting in this way is wrong so I'm uninstalling Zepto and now order from Blinkit. i recommend Blinkit is the best. blink it",1.0,0.0,2026-07-12 23:33:55,play_store,,23c43076-b0dc-4186-9d13-5701b998c088,TRUST_QUALITY,SERVICE_NOISE,"['food', 'ice cream']",False,negative
fccf8a3a-4fbc-44fb-86f3-be7ddf1fb439,fantastic service & customer support,5.0,0.0,2026-07-12 23:28:56,play_store,,fccf8a3a-4fbc-44fb-86f3-be7ddf1fb439,SERVICE_NOISE,,[],False,positive
3f70a386-59f3-450b-9379-aab08b1bfb89,this app used to be so good but now they r becoming more and more greedy,1.0,0.0,2026-07-12 23:25:34,play_store,,3f70a386-59f3-450b-9379-aab08b1bfb89,PRICE_VALUE,,[],False,negative
d68b32c5-52aa-4bb5-8205-3c401d2a60aa,thik hai blinkit se rate bhi km hai,4.0,0.0,2026-07-12 23:23:01,play_store,,d68b32c5-52aa-4bb5-8205-3c401d2a60aa,PRICE_VALUE,,[],False,negative
54d30dc6-4add-4db1-b6b0-74001441185d,very bad expriance I want to pickup item but deleveryboy nonsense very bad ....just. bad,1.0,0.0,2026-07-12 23:12:18,play_store,,54d30dc6-4add-4db1-b6b0-74001441185d,SERVICE_NOISE,,[],False,negative
784eacb0-7027-4a77-84fc-338f0a62684c,"I have never experienced such poor service from any app. Today, I waited outside for 15 minutes because the app kept showing ""1 minute"" while the delivery partner's number was always busy. Then my order was marked as delivered, but I never received it. This has happened repeatedly, along with wrong deliveries. Refunds don't make up for the inconvenience. Despite many complaints, your service has not improved. I have lost trust in your platform and will no longer use it.",1.0,0.0,2026-07-12 23:10:16,play_store,,784eacb0-7027-4a77-84fc-338f0a62684c,SERVICE_NOISE,,[],False,negative
d266332b-1ec1-47cd-92c7-18647b47c00b,no available in our area :/,1.0,0.0,2026-07-12 23:03:01,play_store,,d266332b-1ec1-47cd-92c7-18647b47c00b,SERVICE_NOISE,,[],False,negative
9b729d5a-874e-4278-aeac-8320372895bf,Best shopping aap zepto,5.0,0.0,2026-07-12 22:57:00,play_store,,9b729d5a-874e-4278-aeac-8320372895bf,SERVICE_NOISE,,[],False,positive
f69275f0-bd08-4390-8290-742ba864ca67,"new scam in market from zepto and their delevery partner My order #TURRJJRCQ92224 was falsely marked as Delivered, but I never received it. No delivery partner came to my location. I contacted customer support, but the executive Sidhant Atwal refused to connect me with the delivery partner and closed the chat without resolving my issue. This is completely unacceptable.",1.0,0.0,2026-07-12 22:53:33,play_store,,f69275f0-bd08-4390-8290-742ba864ca67,SERVICE_NOISE,,[],False,negative
d629b04b-45a4-472d-99f5-8c0f98c4d74e,"Ai bot is pathetic, for serious issues also it doesn't connect with agent. despite of many many attempts it doesn't help. return process is really pathetic. return pickup person just denied to pickup the order just because it was broken. really a hotchpotch system. it's really a pathetic add, will not use it further.",1.0,2.0,2026-07-12 22:50:39,play_store,,d629b04b-45a4-472d-99f5-8c0f98c4d74e,SERVICE_NOISE,,[],False,negative
21047096-2070-4a3c-be6b-9369e3a58550,Un neccery delete order by system & customer care is blaming me to the I'm not ordering that item 😞😞😞😞😞😞 & warranty issues always not supported by customer service very bad experience with zepto support team please don't ordering warrenty product from zepto,1.0,0.0,2026-07-12 22:40:53,play_store,,21047096-2070-4a3c-be6b-9369e3a58550,SERVICE_NOISE,,[],False,negative
a907ebb1-722f-402b-8146-a79b0adbca48,actival part delivery po,1.0,0.0,2026-07-12 22:38:20,play_store,,a907ebb1-722f-402b-8146-a79b0adbca48,SERVICE_NOISE,,[],False,negative
a8d1a379-96ef-4aa3-a74b-636181c1f8ad,order's sending improper pls provide proper,4.0,0.0,2026-07-12 22:37:27,play_store,,a8d1a379-96ef-4aa3-a74b-636181c1f8ad,SERVICE_NOISE,,[],False,negative
567341c7-6343-489f-a690-9381614787c7,App is very good but delivery charges should be fine below hundred not 200 please work on this,5.0,0.0,2026-07-12 22:32:13,play_store,,567341c7-6343-489f-a690-9381614787c7,SERVICE_NOISE,,[],False,mixed
7075e6d1-ca07-41a2-ba16-84782746091a,Very Useful For Daily Basis,5.0,0.0,2026-07-12 22:26:16,play_store,,7075e6d1-ca07-41a2-ba16-84782746091a,SERVICE_NOISE,,[],False,positive
9b5ff030-7af1-4f50-a8b2-68066dae5fdd,bekar app hai jo chiz mangarhe ho aap woh chiz nhi hogi,1.0,0.0,2026-07-12 22:25:20,play_store,,9b5ff030-7af1-4f50-a8b2-68066dae5fdd,DISCOVERY_GAP,,[],False,negative
4fbb0eba-11c9-4036-a865-c276521cb86f,"Ordered 5products on zepto including clothes, perfume and bag. Within the return window they denied return pickup of a defective product delivered to me. Which is still kept intact with tag. Just sending auto msgs saying sorry for inconvenience. Pathetic CRM and customer care team is not sensible enough to understand",1.0,1.0,2026-07-12 22:23:09,play_store,,4fbb0eba-11c9-4036-a865-c276521cb86f,SERVICE_NOISE,,"['clothes', 'perfume', 'bag']",False,negative
60504b19-cb44-4bc7-973b-704bdf3943c4,"I keep receiving used or wrong products, receive no solution even after contacting them via mail or through their help centre",1.0,1.0,2026-07-12 22:20:37,play_store,,60504b19-cb44-4bc7-973b-704bdf3943c4,TRUST_QUALITY,SERVICE_NOISE,[],False,negative
5dce5daa-da5f-4821-8db0-a01eda3dfe04,My biggest concern with Indian founders is they never take care of customers... A damaged product needs to be returned but the delivery guy doesn't do it and just marks exchanged and delivered. Zepto has no answers. Pathetic with quantity and quality of vegetables. No answers. No strict actions. Nothing. Paisa aa raha hai bash aur kya chahiye,2.0,0.0,2026-07-12 22:14:37,play_store,,5dce5daa-da5f-4821-8db0-a01eda3dfe04,TRUST_QUALITY,SERVICE_NOISE,['vegetables'],False,negative
c393aaf5-6c02-4e00-9229-62fe19508940,"My first Zepto order was very disappointing. I received a cracked, leaking phenyl bottle and a L'Oréal hair mask without protective packaging. I was asked to repeat the replacement process 4 times by uploading fresh photos and descriptions. Even after speaking to a senior, I was told to try again later. I usually use Blinkit, where issues are resolved instead of repeated verification. If the replacement isn't completed within 3 days, customers are left with only an apology. Zepto should focus on",1.0,0.0,2026-07-12 22:06:34,play_store,,c393aaf5-6c02-4e00-9229-62fe19508940,TRUST_QUALITY,SERVICE_NOISE,"['household', 'beauty']",False,negative
0bba906e-bc16-4031-bcd8-2bf7e5d02533,lanjakodaka Bangalore lo mundhu deliver chstunru meru amo cigarette lu kuda esta lee male ganja ye kotavi ani pattinaru 🫡 hatsoff meku,1.0,0.0,2026-07-12 22:05:43,play_store,,0bba906e-bc16-4031-bcd8-2bf7e5d02533,SERVICE_NOISE,,[],False,positive
d7718647-2d52-49a2-ac14-0aaa0d900764,delivery partner chor Hai Anil naam ka delivery partner mujhe bola ki ek item nahi hai to main bola ki aap apne taraf se do item deliver kijiye lekin vah kaha ki hamari taraf se teenon item deliver hoga aap apne app mein jakar ek item missing kar dijiye aapko refund mil jaega Main Apne app mein jakar uske kahe anusar Kiya Magar mujhe refund nahin mila ismein company aur delivery partner donon hi chor Hai logon bevkuf banate rahte hain,1.0,0.0,2026-07-12 22:03:59,play_store,,d7718647-2d52-49a2-ac14-0aaa0d900764,SERVICE_NOISE,,[],False,negative
3f116f60-7b0b-4fca-bab8-0eb28bd3029e,Worst customer support. They kept asking me to send emails but only replied with the same copy-paste responses without any proper investigation. They claimed my order was delivered without providing any proof. Even their representative didn't listen to my concern and disconnected the call. I sent 35+ emails and wasted my entire day. I will continue pursuing this matter through the appropriate consumer authorities until it is resolved.,1.0,1.0,2026-07-12 21:47:17,play_store,,3f116f60-7b0b-4fca-bab8-0eb28bd3029e,SERVICE_NOISE,,[],False,negative
e1e1d999-35f5-4612-b74e-a76d5aad6b9e,"Literally insane i don't have words for the worst management, delivery service and even customer support as there is not any they have they have bots AI for customer support which answer from last 35min they you order will be delivered in next 5 min having small delay and when ask for cancel not cancelling it but at the end I find my way to cancel it after 35mins. I you guys need peace please i suggest not to use it and literally if you guys can even process order why you take it.",1.0,0.0,2026-07-12 21:45:53,play_store,,e1e1d999-35f5-4612-b74e-a76d5aad6b9e,SERVICE_NOISE,,[],False,negative
7406188c-b34f-4fa7-bf5c-341018247a67,best app awesome experience,4.0,0.0,2026-07-12 21:38:40,play_store,,7406188c-b34f-4fa7-bf5c-341018247a67,SERVICE_NOISE,,[],False,positive
c033fc26-63bd-4dd6-a49c-e1c04b9f3e89,not even working not opening,1.0,0.0,2026-07-12 21:28:39,play_store,,c033fc26-63bd-4dd6-a49c-e1c04b9f3e89,SERVICE_NOISE,,[],False,negative
022c61c7-ed1c-4a65-8d86-6465671c24f6,"firstly they delayed too much, and if I ordered something and that's not available then why don't they show on the screen after I pay for all the items they call and tell to cancel my whole order.",2.0,0.0,2026-07-12 21:23:25,play_store,,022c61c7-ed1c-4a65-8d86-6465671c24f6,SERVICE_NOISE,,[],False,negative
d680b879-1ec1-4a57-ad19-5eaae429cf5e,I got scammed by a zepto delivery agent. and try to resolve my issue they start making me culprit. they saying i have received the product. the seller give all the products in the order. but there only one product missing. They arguing with me instead of resolving my complaint. and also there is no investigation towards the delivery agent. Is this how you treat your loyal constumers. Your company run on us. if we didn't order your company will shutdown.,1.0,0.0,2026-07-12 21:21:46,play_store,,d680b879-1ec1-4a57-ad19-5eaae429cf5e,SERVICE_NOISE,,[],False,negative
164feac3-6a05-4018-a32d-658c4cda980f,Add track sharing option also,5.0,0.0,2026-07-12 20:54:44,play_store,,164feac3-6a05-4018-a32d-658c4cda980f,SERVICE_NOISE,,[],False,neutral
1f176c64-6de0-48ca-88b1-1f803bacab3d,"delivery partner refused delivery items,",1.0,0.0,2026-07-12 20:50:14,play_store,,1f176c64-6de0-48ca-88b1-1f803bacab3d,SERVICE_NOISE,,[],False,negative
ea965696-8923-4138-82fa-4fdf3d95bb17,plz fix above 1000 delivery problem,5.0,0.0,2026-07-12 20:48:41,play_store,,ea965696-8923-4138-82fa-4fdf3d95bb17,SERVICE_NOISE,,[],False,negative
6f96668c-76c9-48c9-b289-e2b0d58fa070,"Very disappointing experience. I received spoiled cucumber and corn that were wet, rotten, and had a bad smell. I contacted customer support, but they ended the chat without resolving my issue. I have neither received a refund nor a replacement. This is unacceptable, and I expected much better service. Please improve your product quality and customer support.",1.0,0.0,2026-07-12 20:45:08,play_store,,6f96668c-76c9-48c9-b289-e2b0d58fa070,TRUST_QUALITY,SERVICE_NOISE,['vegetables'],False,negative
0a24fe71-8c9e-4796-bd1a-c4e24b65396d,"I had just placed an order, the delivery partner cancelled my order and on top of that they stopped my cash on delivery, I don't make online payment for some reason and Zepto also stopped my code, very bad experience.",1.0,0.0,2026-07-12 20:44:59,play_store,,0a24fe71-8c9e-4796-bd1a-c4e24b65396d,SERVICE_NOISE,,[],False,negative
a42424db-bb49-4f76-bce1-50cada37c455,vegitable quality not good,1.0,0.0,2026-07-12 20:42:16,play_store,,a42424db-bb49-4f76-bce1-50cada37c455,TRUST_QUALITY,,['vegetables'],False,negative
ccdb56e8-64ac-46d2-a4f0-ac32391f3162,bakwaas ho gaya zepto abhi pehle hi sahi tha jo ordar karo usme se ek itom cancel kar dete h or paisa pura lete hai,1.0,0.0,2026-07-12 20:24:17,play_store,,ccdb56e8-64ac-46d2-a4f0-ac32391f3162,SERVICE_NOISE,,[],False,negative
e55c0b41-eedb-4b23-b700-a1dc2d04cb8c,"Extremely disappointed with the quality. The milk was spoiled, making it unusable. Please improve your storage and quality checks to prevent this from happening again.",1.0,0.0,2026-07-12 20:07:00,play_store,,e55c0b41-eedb-4b23-b700-a1dc2d04cb8c,TRUST_QUALITY,,['milk'],False,negative
916784d4-ad4a-41dd-82d5-fcc1812dd683,very fast... fruit and vegetables fresh... Simply Nice,4.0,0.0,2026-07-12 19:46:25,play_store,,916784d4-ad4a-41dd-82d5-fcc1812dd683,SERVICE_NOISE,,"['fruits', 'vegetables']",False,positive
e7b6b3b0-386e-45a8-bbc4-d1675b6714df,app crashing again and again,1.0,0.0,2026-07-12 19:35:05,play_store,,e7b6b3b0-386e-45a8-bbc4-d1675b6714df,SERVICE_NOISE,,[],False,negative
9ce3d65c-d0ce-40f7-b4da-83651ea24149,they will tell 6 minute delivery and do 16-20 min delivery. why trap with showing quickest delivery?,1.0,0.0,2026-07-12 19:34:54,play_store,,9ce3d65c-d0ce-40f7-b4da-83651ea24149,SERVICE_NOISE,,[],False,negative
ba521504-cef5-44a4-80f7-b0d728b55ce0,on time delivery good,5.0,0.0,2026-07-12 19:33:27,play_store,,ba521504-cef5-44a4-80f7-b0d728b55ce0,SERVICE_NOISE,,[],False,positive
a1629e8b-a232-45f0-a2e8-0cd07a8ffd97,"I have ordered a order of ₹160 and give a ₹200 note to the delivery partner but he doesn't even have the change of ₹40. And this repeats everytime I want to pay in cash for my order. And even whenever I ordered icecream and chocolate from zepto, i always received the melted products and this repeats 10-15 times regularly and not only on one location but even in different locations. Very poor services received from zepto.",1.0,0.0,2026-07-12 19:27:52,play_store,,a1629e8b-a232-45f0-a2e8-0cd07a8ffd97,SERVICE_NOISE,TRUST_QUALITY,"['ice cream', 'chocolate']",False,negative
801e6578-61d5-479a-a44c-d4409f936916,very food app good price,5.0,0.0,2026-07-12 19:27:13,play_store,,801e6578-61d5-479a-a44c-d4409f936916,SERVICE_NOISE,,[],False,positive
498920ad-75eb-4702-96cd-89b696903b05,it's have very nice experience,4.0,0.0,2026-07-12 19:02:59,play_store,,498920ad-75eb-4702-96cd-89b696903b05,SERVICE_NOISE,,[],False,positive
64b4009c-1ec8-44f5-950c-3d8116035e90,Suddenly Stopped delivering in my area out of the blue..,1.0,0.0,2026-07-12 18:49:32,play_store,,64b4009c-1ec8-44f5-950c-3d8116035e90,SERVICE_NOISE,,[],False,negative
342757b2-ea71-4d8a-8abd-1b40d41edc7b,pathetic customer support as I ordered several items in which 1 item is missing worth 451 they are not ready to refund not their delivery partner is unable to take my call As I already mailed them response is also not coming from them zepto you guys have horrible customer support,1.0,0.0,2026-07-12 18:48:44,play_store,,342757b2-ea71-4d8a-8abd-1b40d41edc7b,SERVICE_NOISE,,[],False,negative
f65a98e7-1028-4c1b-babc-0e8f870bfd20,Missing items and rude delivery guys,1.0,0.0,2026-07-12 18:47:17,play_store,,f65a98e7-1028-4c1b-babc-0e8f870bfd20,SERVICE_NOISE,,[],False,negative
5c8b5e66-61b2-46b8-a325-d8e83ae288dc,cucumber english bad quality bad smell lowest weight 😡,4.0,0.0,2026-07-12 18:30:15,play_store,,5c8b5e66-61b2-46b8-a325-d8e83ae288dc,TRUST_QUALITY,,['cucumber'],False,negative
c5596cc1-f841-4c49-af6b-0d4bbb4b6b13,Zepto is a very convenient app for groceries . Prices are cheaper than any other groceries apps. They are quick and simple.,5.0,0.0,2026-07-12 18:20:40,play_store,,c5596cc1-f841-4c49-af6b-0d4bbb4b6b13,PRICE_VALUE,,['groceries'],False,positive
c67895cf-1ce9-4007-a731-15df93c89e15,very band not getting Proper things,1.0,0.0,2026-07-12 17:59:20,play_store,,c67895cf-1ce9-4007-a731-15df93c89e15,SERVICE_NOISE,,[],False,negative
d8c7deb2-30d8-4d69-b7ae-d81078073112,tera sabun slow he kya?,2.0,0.0,2026-07-12 17:59:20,play_store,,d8c7deb2-30d8-4d69-b7ae-d81078073112,SERVICE_NOISE,,[],False,negative
19f5ecf0-4b7a-41b8-832b-0fa2a787261c,"customer service is very bad I received the Toor dal in terrible condition; it was infested with insects. When I complained via email, the reply claimed it had been delivered in intact condition. I complained multiple times, but the response remained the same, which was extremely annoying—especially since I hadn't even asked for a refund, just lodged a complaint. Despite that, their response was very rude and irritating. Because of the customer service experience, i no longer like shopping there",1.0,0.0,2026-07-12 17:56:55,play_store,,19f5ecf0-4b7a-41b8-832b-0fa2a787261c,TRUST_QUALITY,SERVICE_NOISE,['toor dal'],False,negative
d70bf533-0c19-476b-8098-d41cbf8837a0,"Extremely disappointing customer service. This is the second time Zepto has delivered the wrong product. There is no proper customer support, no official customer care number, and no way to speak to a real person when issues arise. Customers are left to deal with the problem on their own. Pathetic service, poor management, and zero accountability. I expected much better. Definitely not recommended.",1.0,0.0,2026-07-12 17:54:18,play_store,,d70bf533-0c19-476b-8098-d41cbf8837a0,SERVICE_NOISE,,[],False,negative
5c0e67f5-61e3-4076-bc4e-24af16882405,bad delivery and worn item delivered and customer support ai is not working properly and support email are cheater. not verified properly and not read you email answer given which has no meaning .so please don't plase oder this app it's tati aap,1.0,0.0,2026-07-12 17:52:50,play_store,,5c0e67f5-61e3-4076-bc4e-24af16882405,SERVICE_NOISE,,[],False,negative
6cd9aa55-448e-4ef2-8d81-b3dd5d71f3ab,"Zepto app is not opening in my OnePlus 7T phone, as I click app icon, it auto shut. This is happening from a long time.",1.0,0.0,2026-07-12 17:40:14,play_store,,6cd9aa55-448e-4ef2-8d81-b3dd5d71f3ab,SERVICE_NOISE,,[],False,negative
b6788f32-758d-4068-a70b-e81bd2dd6a81,currently bad delivery. they sent only wrong products..and they didn't refund and response for the order's.,1.0,0.0,2026-07-12 17:37:20,play_store,,b6788f32-758d-4068-a70b-e81bd2dd6a81,SERVICE_NOISE,,[],False,negative
3bf559e8-8d6c-44ef-83b8-5370425b0491,very good and fast delivery..,5.0,0.0,2026-07-12 17:29:34,play_store,,3bf559e8-8d6c-44ef-83b8-5370425b0491,SERVICE_NOISE,,[],False,positive
b9f0bb37-7245-42a2-84c4-e392c85c07c7,Very good at on timely delivery but many a times they miss ordered items while packing. like suppose you ordered for 7 items and they delivered 6.. if you don't count at the time of receiving the you might miss that item while you already paid for it. Hence I suggest pls count and check the items ordered at the time of receiving the materials you ordered...,5.0,0.0,2026-07-12 17:22:13,play_store,,b9f0bb37-7245-42a2-84c4-e392c85c07c7,SERVICE_NOISE,,[],False,mixed
ecd60bb3-27c0-42f9-a59b-ef1276d62a9b,this app was not useful it's service was very bad 😞,1.0,0.0,2026-07-12 17:15:49,play_store,,ecd60bb3-27c0-42f9-a59b-ef1276d62a9b,SERVICE_NOISE,,[],False,negative
d9b5833a-7eea-4837-84dc-2f91be1de9d6,it was quick and right 👍 it was well packed and nice to order from here it was much cheaper than Blinkit i like this app soo much dear zepto thankyou for your help i like to order from you always i like this so much ma'am or Sir i appreciate your help always thankyou dear Mr zepto,5.0,0.0,2026-07-12 17:08:46,play_store,,d9b5833a-7eea-4837-84dc-2f91be1de9d6,PRICE_VALUE,HABIT_AUTOPILOT,[],False,positive
268526f4-2477-4ec1-98a9-8f5fc22d731f,payment phle krdo to product deliver bhi nhi krte or successful dikha dete h. or koi dilevery partner cl receive nhi krta. na hi customer support milta hai.,1.0,0.0,2026-07-12 16:54:37,play_store,,268526f4-2477-4ec1-98a9-8f5fc22d731f,SERVICE_NOISE,,[],False,negative
3da86bc9-ea22-4042-9fee-3472e24c42a0,milk from zepto always gets spoiled... just now I ordered n boiled it... still it got spoiled.. please dont buy milk from zepto.. please check zepto outlet which supplies essentials to sk garden chinnappa garden n wahab garden,2.0,0.0,2026-07-12 16:53:23,play_store,,3da86bc9-ea22-4042-9fee-3472e24c42a0,TRUST_QUALITY,,['milk'],False,negative
e6eba5b3-e693-4bf2-8710-5281e251d4c2,"I really paid online , the app said order is successful but I didn't get it and then I reported it on customer care and then she said money will refunded to your account but its been 20 days and it's not and now I can't even report it because of 24 hour report time limit and there is no customer care number. this all is fake I hate this app . don't download it",1.0,0.0,2026-07-12 16:36:25,play_store,,e6eba5b3-e693-4bf2-8710-5281e251d4c2,SERVICE_NOISE,,[],False,negative
fb2201c0-9cf4-43f9-b7e3-cc263f252e1e,zepto is a comparatively much better option than blinkit. only packing of material or carrying a bag from Zepto can be of better quality.,5.0,0.0,2026-07-12 16:31:32,play_store,,fb2201c0-9cf4-43f9-b7e3-cc263f252e1e,PRICE_VALUE,,[],False,positive
11d8cfb7-74ee-4d8a-ab48-4ef23d1b1c4d,bilkul bakwas service hai bahut fraud karte hai galat galat saman bhejte hai bus pehle order Karo fir usko return karo yahi kaam rah gaya hai.isse accha toh blinkit se manga lo waha aisi galti kabhi nahi hui aur zepto main baar baar galti karte hai,1.0,0.0,2026-07-12 16:22:33,play_store,,11d8cfb7-74ee-4d8a-ab48-4ef23d1b1c4d,SERVICE_NOISE,,[],False,negative
327c7e26-0531-46c8-a074-543fac2069d5,"They show offers, different products and do not refund if the product is unavailable. the app showed offers and when the offer is used no cash back nor any reply from cc.",1.0,0.0,2026-07-12 16:22:31,play_store,,327c7e26-0531-46c8-a074-543fac2069d5,SERVICE_NOISE,,[],False,negative
aa1e64b9-7912-4137-b9f9-a02679472b43,"Expired item delivered By Zepto When I raised a complaint via email and the app, Zepto said they needed to investigate further. Do they think money grows on trees? Not only do they send expired items, but they also treat the customer like a fool.",1.0,0.0,2026-07-12 16:14:30,play_store,,aa1e64b9-7912-4137-b9f9-a02679472b43,TRUST_QUALITY,,[],False,negative
3f0c541d-a3c8-48c1-9d66-b6ab02afa89f,Fraud app..... don't purchase...no have customer care,1.0,0.0,2026-07-12 16:10:31,play_store,,3f0c541d-a3c8-48c1-9d66-b6ab02afa89f,SERVICE_NOISE,,[],False,negative
042a7fa5-7f6f-481f-88c6-4c28a68ebfc9,other items are good but Ice cream always come melted.,3.0,0.0,2026-07-12 16:08:26,play_store,,042a7fa5-7f6f-481f-88c6-4c28a68ebfc9,TRUST_QUALITY,,['ice cream'],False,negative
1ba681e5-d95d-4676-8b92-4e4fc74cc875,fraud. I have placed an order for 1760₹ but the discount coupon is not applied. the customer care has said my coupon is blocked. then why do they said I would recive an offer placing that amount of order. not trust worthy. bad customer service or care.,1.0,0.0,2026-07-12 16:05:31,play_store,,1ba681e5-d95d-4676-8b92-4e4fc74cc875,SERVICE_NOISE,,[],False,negative
82175bd7-1ec1-454c-a037-97a5969dc30e,"Hi Zepto Team, I received my order, but both items have quality issues. Amul Alphonso Gold Ice Cream was completely melted on delivery. iD Fresh Ragi Millet Idly & Dosa Batter was leaking, and the packaging was damaged. This order is not in usable condition. Please arrange a full refund or replacement for both items at the earliest. Thank you.",1.0,0.0,2026-07-12 16:01:41,play_store,,82175bd7-1ec1-454c-a037-97a5969dc30e,TRUST_QUALITY,,"['ice cream', 'batter']",False,negative
f3a01f2e-f32b-4783-892a-85024c8c37a8,poor packing earlier they use to give stuff in packing so easy to carry but now they give in hand if you order too much stuff then you have to carry all of it in your hand in poor packaging,1.0,0.0,2026-07-12 15:56:38,play_store,,f3a01f2e-f32b-4783-892a-85024c8c37a8,SERVICE_NOISE,,[],False,negative
3345e211-350e-4319-9ef4-a4f1ef0ce5cc,some times missing iteam,2.0,0.0,2026-07-12 15:41:19,play_store,,3345e211-350e-4319-9ef4-a4f1ef0ce5cc,SERVICE_NOISE,,[],False,negative
dd362fcc-f5d0-468a-afc6-251d7e09fb2f,it have very fast delivery,5.0,0.0,2026-07-12 15:34:48,play_store,,dd362fcc-f5d0-468a-afc6-251d7e09fb2f,SERVICE_NOISE,,[],False,positive
c13ad689-f7be-4be4-bec7-39b1c5097099,Need Improvement in app Ui and Links,3.0,0.0,2026-07-12 15:28:25,play_store,,c13ad689-f7be-4be4-bec7-39b1c5097099,SERVICE_NOISE,,[],False,negative
31f2ac0a-607b-4ed9-a601-27d0d5ba0d7d,WHEN I INSTALL FOR MY CHIPS IT SAYS WE WON'T DELIVER HERE I WAS FRUSTRATED VERY BAD👎👎🤡🤡,1.0,0.0,2026-07-12 15:26:28,play_store,,31f2ac0a-607b-4ed9-a601-27d0d5ba0d7d,SERVICE_NOISE,,['chips'],False,negative
d92c939e-4d5c-451d-922b-2dbf643e13f8,worst grocery delivery app and worst application @zepto fox your application. if you get an expired or bad product you'll face so many problems just to exchange or refund and in many cases you won't get. there application is full of bugs,1.0,0.0,2026-07-12 15:24:37,play_store,,d92c939e-4d5c-451d-922b-2dbf643e13f8,TRUST_QUALITY,SERVICE_NOISE,[],False,negative
b840f17b-bc1d-4091-9a61-acc070a4fbd1,don't oder for zepto order confirm hote hai but ate nhi cod off hai online payment lete hai but oder khud hi cancel ✖️ payment bhi gyi or totaly time waste so please don't used this application.sainik colony ka zepto is poor quality poor delivery service every time late.1000 time better service blinkit insta Mart please don't used(((((aj mere Ghar m kisi ne order kia or unhone order accept kia but Oder nhi aya paise again le or jb customer m complaint krao toh sorry 💩 paise fir gye 300 disgusti,1.0,0.0,2026-07-12 15:06:09,play_store,,b840f17b-bc1d-4091-9a61-acc070a4fbd1,SERVICE_NOISE,,[],False,negative
2e45a373-5b35-44b4-bcd6-b3f5a353e107,"Poor experience and behavior. If you buy any product from here, they will call you and pretend to offer genuine services, saying they will send a refund or replacement. However, they never follow through, and you'll be left struggling for a replacement or refund.",1.0,0.0,2026-07-12 15:04:41,play_store,,2e45a373-5b35-44b4-bcd6-b3f5a353e107,SERVICE_NOISE,,[],False,negative
0debf560-62d0-41d1-b084-8d0be441bd8a,"best quality, fresh and fast delivery",5.0,0.0,2026-07-12 15:03:23,play_store,,0debf560-62d0-41d1-b084-8d0be441bd8a,SERVICE_NOISE,,[],False,positive
02b36063-6c83-44b8-af1e-4aeec26d8a88,Worst delivery app ever. Always send at least 1-2 damaged products or expired products. Also I ordered veg noodles as I am a pure vegetarian but they sent me the non-veg one and also after writing 6-7 mails no action was taken by them. no refund or replacement was initiated.,1.0,0.0,2026-07-12 15:03:21,play_store,,02b36063-6c83-44b8-af1e-4aeec26d8a88,SERVICE_NOISE,TRUST_QUALITY,['noodles'],False,negative
35051604-750a-4a46-8d4e-ca3f7ea0c73a,best grocery app even ☺️💫,5.0,0.0,2026-07-12 14:57:03,play_store,,35051604-750a-4a46-8d4e-ca3f7ea0c73a,SERVICE_NOISE,,[],False,positive
ef01225d-0486-407e-8869-65d2ea506c8b,Non-existent customer support.,2.0,0.0,2026-07-12 14:50:36,play_store,,ef01225d-0486-407e-8869-65d2ea506c8b,SERVICE_NOISE,,[],False,negative
f894aaa7-5d34-475e-93de-97adc87310b1,bad company bad product bad customer support if i can rate it negative i will do that,1.0,0.0,2026-07-12 14:45:27,play_store,,f894aaa7-5d34-475e-93de-97adc87310b1,SERVICE_NOISE,,[],False,negative
dcfcca26-7a70-46c7-af50-03b5302d4332,Zepto don't care about customers... they deliver what they like to or what they don't want there. customers are fools for them.,1.0,0.0,2026-07-12 14:41:40,play_store,,dcfcca26-7a70-46c7-af50-03b5302d4332,SERVICE_NOISE,,[],False,negative
1d2f4b17-92e4-4d0e-b81e-dda35cb84926,Every thing is to Good Thank you Zepto.,5.0,0.0,2026-07-12 14:30:49,play_store,,1d2f4b17-92e4-4d0e-b81e-dda35cb84926,SERVICE_NOISE,,[],False,positive
de648fd1-2bf5-4c89-9aec-298e6f72a7a2,we received leaked perfume and they aren't refunding us.,1.0,0.0,2026-07-12 14:28:54,play_store,,de648fd1-2bf5-4c89-9aec-298e6f72a7a2,SERVICE_NOISE,,['perfume'],False,negative
f53d3d59-624a-496f-bfc8-74b5c261fd71,most disgusting app heavy charges and deliver guy's not delivering on time,1.0,0.0,2026-07-12 14:10:52,play_store,,f53d3d59-624a-496f-bfc8-74b5c261fd71,SERVICE_NOISE,,[],False,negative
34ff8545-2e41-46b2-933d-279a1617b424,refarel link not showing,1.0,0.0,2026-07-12 14:10:33,play_store,,34ff8545-2e41-46b2-933d-279a1617b424,SERVICE_NOISE,,[],False,negative
fb712bfe-c88a-463c-bf16-7c4c0a58c3e8,good product and fast delivery,5.0,0.0,2026-07-12 13:57:26,play_store,,fb712bfe-c88a-463c-bf16-7c4c0a58c3e8,SERVICE_NOISE,,[],False,positive
2a18a571-f6c6-4fc3-a1c7-f95c2f46896f,very bad service not received order they show delivery done,1.0,0.0,2026-07-12 13:54:44,play_store,,2a18a571-f6c6-4fc3-a1c7-f95c2f46896f,SERVICE_NOISE,,[],False,negative
c94f1f0f-ba31-41a8-9766-882d28c0281b,I ordered a gloves and it's quality is very low then I complaint to zepto but zepto replied me that seller told them product is good as per specification. and not replaced my gloves. so my money wasted.,1.0,0.0,2026-07-12 13:51:24,play_store,,c94f1f0f-ba31-41a8-9766-882d28c0281b,SERVICE_NOISE,TRUST_QUALITY,['gloves'],False,negative
5955752d-94c3-4f5e-818f-09051bff528e,why now zepto is charging so much for 2 products I have ordered 2 products the cost is 48 and the amount is 78 people order from zepto cause it's faster and cheaper but suddenly what happened with zepto ?? not satisfied,1.0,0.0,2026-07-12 13:48:50,play_store,,5955752d-94c3-4f5e-818f-09051bff528e,PRICE_VALUE,,[],False,negative
4b769d8d-3e92-4ded-aae2-1a6ad4f69f5b,produced damage not refed,1.0,0.0,2026-07-12 13:41:27,play_store,,4b769d8d-3e92-4ded-aae2-1a6ad4f69f5b,SERVICE_NOISE,,[],False,negative
4ae7df77-0b56-416f-845e-e213210381ee,bhot bekaar hai ye koi mat daunload karna,2.0,0.0,2026-07-12 13:34:32,play_store,,4ae7df77-0b56-416f-845e-e213210381ee,SERVICE_NOISE,,[],False,negative
3f461944-cd5c-4a70-b577-b5a1e27d294d,worst delivery system plus fake promises by zepto app plus fake executives showing fake sympathy prerna ratra and ashiya shaikh they need to take another training how to deal with customer,1.0,0.0,2026-07-12 13:30:57,play_store,,3f461944-cd5c-4a70-b577-b5a1e27d294d,SERVICE_NOISE,,[],False,negative
b7986fad-264e-4605-804f-0000331e3e8f,worst app since they are not able to deliver product,1.0,0.0,2026-07-12 13:16:22,play_store,,b7986fad-264e-4605-804f-0000331e3e8f,SERVICE_NOISE,,[],False,negative
2cc3bcc8-233a-40db-94df-c46ff4b3763b,selling expiry products to its customers,1.0,0.0,2026-07-12 13:14:35,play_store,,2cc3bcc8-233a-40db-94df-c46ff4b3763b,TRUST_QUALITY,,[],False,negative
b831e616-88e9-4368-80d0-32b492838b1e,"Terrible experience, illogical chat support, fails even to identify torn packets",1.0,0.0,2026-07-12 13:09:00,play_store,,b831e616-88e9-4368-80d0-32b492838b1e,SERVICE_NOISE,TRUST_QUALITY,[],False,negative
578028ad-67e5-46a9-bc36-5835ff6bc749,good and Fastesr Delivery,4.0,0.0,2026-07-12 13:08:26,play_store,,578028ad-67e5-46a9-bc36-5835ff6bc749,SERVICE_NOISE,,[],False,positive
939d93e6-993d-4d50-b5cf-3d3bd4d62d3f,Worst service and no responsibility from the zepto customer service. Today i ordered dates bit it has fully fungus in the dates.i have raised the issue but no one resolve the item yet. So i am going to uninstall this app. you said it will be 5 minutes delivery but it is taking 20 to 30 minutes now.,1.0,0.0,2026-07-12 13:04:15,play_store,,939d93e6-993d-4d50-b5cf-3d3bd4d62d3f,TRUST_QUALITY,SERVICE_NOISE,['dates'],False,negative
cd48e354-5251-4b65-91a2-f7b4da075744,great support. immediately resolved query.,5.0,0.0,2026-07-12 12:58:20,play_store,,cd48e354-5251-4b65-91a2-f7b4da075744,SERVICE_NOISE,,[],False,positive
07aad8aa-b080-4bc1-93f0-4bd3f070629e,girl saftey issue delivery partner Miss behaviour with a girl and then zepto help and support did is useless going to file a police complain against zepto and deliver patner,1.0,0.0,2026-07-12 12:56:27,play_store,,07aad8aa-b080-4bc1-93f0-4bd3f070629e,SERVICE_NOISE,,[],False,negative
0ea290be-b8d1-437a-856c-8064f8fd5bde,I am not able to refer to someone where is that feature,3.0,0.0,2026-07-12 12:53:30,play_store,,0ea290be-b8d1-437a-856c-8064f8fd5bde,SERVICE_NOISE,,[],False,negative
99e87667-381e-4c38-bad9-e970dd6d3297,No customer care service.. pehle rates kam rakh k customer banaya abhi usko hi retail rate me bech rahe.. scam,1.0,0.0,2026-07-12 12:41:58,play_store,,99e87667-381e-4c38-bad9-e970dd6d3297,PRICE_VALUE,SERVICE_NOISE,[],False,negative
190d9ebf-5fcd-45f5-bad8-7a786fc99db8,Free delivery after 99 much easy to order small products without paying extra charges.,4.0,0.0,2026-07-12 12:35:53,play_store,,190d9ebf-5fcd-45f5-bad8-7a786fc99db8,PRICE_VALUE,,[],False,positive
15ef0ff4-0b9c-4cae-8c99-c3a813d050b3,Delivery is very much on time,5.0,0.0,2026-07-12 12:19:58,play_store,,15ef0ff4-0b9c-4cae-8c99-c3a813d050b3,SERVICE_NOISE,,[],False,positive
37036861-7845-4638-868d-ee74dac58e80,thenk you zepto very fast delivery,5.0,0.0,2026-07-12 12:10:05,play_store,,37036861-7845-4638-868d-ee74dac58e80,SERVICE_NOISE,,[],False,positive
2eb1a664-3281-472a-beb4-07cba596c424,got the dummy product delivered a dummy product and when I reach the customer care they are once we we deliver id the product is bad that's my problem. what is this?,1.0,0.0,2026-07-12 12:09:53,play_store,,2eb1a664-3281-472a-beb4-07cba596c424,SERVICE_NOISE,,[],False,negative
71ecb132-6ce1-43b4-93bc-8233ef1063f1,zepto is a super start in Pathetic service provider in India.,1.0,0.0,2026-07-12 12:04:12,play_store,,71ecb132-6ce1-43b4-93bc-8233ef1063f1,SERVICE_NOISE,,[],False,negative
60bd6fab-9b69-4f0b-b8bd-8a7c55a844f4,"Extremely disappointed with Zepto's service lately. I have faced a 25% cancellation rate (5 out of 20 orders cancelled by the app). To make matters worse, the refund processing takes up to 3 days. Holding customer money for days due to your own inventory or delivery failures is unprofessional. Needs immediate fixing. And I seriously don't recommend this app also because there are things which are way cheaper than actual price and the quality of those products are also not good .",1.0,0.0,2026-07-12 12:02:38,play_store,,60bd6fab-9b69-4f0b-b8bd-8a7c55a844f4,SERVICE_NOISE,TRUST_QUALITY,[],False,negative
2d497eed-48a4-4971-91b9-00446d5ca230,I don't like dilivery boy behaviour,1.0,0.0,2026-07-12 12:01:55,play_store,,2d497eed-48a4-4971-91b9-00446d5ca230,SERVICE_NOISE,,[],False,negative
30f540bf-2150-4279-9ad3-6dba47deae33,"""Everything arrived on time and in perfect condition""",5.0,0.0,2026-07-12 11:55:34,play_store,,30f540bf-2150-4279-9ad3-6dba47deae33,SERVICE_NOISE,,[],False,positive
b58301ec-c920-44db-928b-175a3ce1f52a,mere order mei se one item missing hua h aur fir b koi support nhi jhoot bolte h customer service to bahut hi bekar hai fraud karna start kr diya h yaha ab item missing krke na to dete h na hi refund krte h jhoote h ye ab yaha koi order mt karna barna aapke sath b yahi sb hoga..Fraud app Fraud customer service and Fraud delivery boys,1.0,0.0,2026-07-12 11:41:50,play_store,,b58301ec-c920-44db-928b-175a3ce1f52a,SERVICE_NOISE,,[],False,negative
d6557346-7cee-4c23-ba30-0d3bf3c5c497,"Extremely disappointed with Zepto's service. I have repeatedly received rotten and poor-quality products, which is completely unacceptable. What's even more frustrating is that both the email and chat support teams fail to resolve the issue and only provide generic responses without taking any meaningful action. This has happened multiple times, and the overall customer service experience has been terrible. Not only me many people will not use zepto any more and soon your company will know.",1.0,0.0,2026-07-12 11:04:20,play_store,,d6557346-7cee-4c23-ba30-0d3bf3c5c497,TRUST_QUALITY,SERVICE_NOISE,[],False,negative
355c9924-faa9-4938-bf43-8b242f38a523,"Service is worse among all the quick commerce, the price looks cheaper compared to other options, but one will get what one paid for, cheaper price, low quality products (not maintained properly), frustrating service.",1.0,0.0,2026-07-12 11:00:58,play_store,,355c9924-faa9-4938-bf43-8b242f38a523,PRICE_VALUE,TRUST_QUALITY,[],False,negative
796ddef7-3038-48e4-8d2c-294c4ebe9936,"⭐⭐⭐⭐⭐ ""Super fast delivery, fresh products, and a smooth ordering experience. Highly recommended!""",5.0,0.0,2026-07-12 10:52:58,play_store,,796ddef7-3038-48e4-8d2c-294c4ebe9936,SERVICE_NOISE,,[],False,positive
54089353-c32a-402e-a948-ad01582e4d44,Good name good work & pretty colour,5.0,0.0,2026-07-12 10:49:43,play_store,,54089353-c32a-402e-a948-ad01582e4d44,SERVICE_NOISE,,[],False,positive
aeb7e99b-33f9-4716-bf82-2efe15ff09cc,i have ordered 400g packet and I got 200g packet i will never order from this app,1.0,0.0,2026-07-12 10:45:31,play_store,,aeb7e99b-33f9-4716-bf82-2efe15ff09cc,TRUST_QUALITY,,[],False,negative
5eaa630f-e871-4016-bbaa-d181b36ab333,"delivery is very good, but product is not perfect",2.0,0.0,2026-07-12 10:44:52,play_store,,5eaa630f-e871-4016-bbaa-d181b36ab333,TRUST_QUALITY,,[],False,mixed
8e655b26-1ae0-4c17-b05a-8e8a600f3ecc,"""I placed an order twice, but both times the delivery partner did not go to the correct location. Even though I pinned my exact address, they went to another place about 2 kilometers away. I have ordered many times before, and everyone else delivered to my location correctly. Only this time, they delivered wrongly. When I pointed it out, the delivery partner said they couldn’t do anything and asked me to either go there or cancel the order. When I contacted customer care,",1.0,0.0,2026-07-12 10:43:54,play_store,,8e655b26-1ae0-4c17-b05a-8e8a600f3ecc,SERVICE_NOISE,,[],False,negative
b85c566b-785a-410b-89a4-dd3405226ca0,"Zepto's service is becoming terrible. I placed an order yesterday, and they cancelled it on their end even though the payment had already been made. I still haven't received the refund. I placed another order today—and paid for it too—but they cancelled it at the last minute. They say the refund will take 3 to 7 days, but since the money is being deducted from my account right now, they should process the refund immediately.",1.0,0.0,2026-07-12 10:39:05,play_store,,b85c566b-785a-410b-89a4-dd3405226ca0,SERVICE_NOISE,,[],False,negative
8e25ea5b-3139-48b4-a334-3b072e093e0c,the service is very fast instant refunds,5.0,0.0,2026-07-12 10:36:44,play_store,,8e25ea5b-3139-48b4-a334-3b072e093e0c,SERVICE_NOISE,,[],False,positive
54c1fabc-b5df-4eac-a93a-9a857560a2d6,wrost experience not giving orders free delivery 99/- or 149/- saying 1/- free delivery if we order asking delivery charges from 3 days happening so I request you switch another app don't use this app if they say 1/- free delivery,1.0,0.0,2026-07-12 10:15:17,play_store,,54c1fabc-b5df-4eac-a93a-9a857560a2d6,SERVICE_NOISE,,[],False,negative
f7e51c0b-0109-4406-935a-3d5c42709056,Thank you for your kind helping 😊😘,5.0,0.0,2026-07-12 10:10:45,play_store,,f7e51c0b-0109-4406-935a-3d5c42709056,SERVICE_NOISE,,[],False,positive
57c3d198-ae00-4f00-a3a1-4c33db56613a,today ordered imported avacado but I received rejected quality avocado very small i upload pictures to zepto screen fully white photo not uploading this zepto scam don't order they imported items with rejected quality 🤬,1.0,0.0,2026-07-12 10:08:58,play_store,,57c3d198-ae00-4f00-a3a1-4c33db56613a,TRUST_QUALITY,,['fruits'],False,negative
fb1f48c9-1cc2-4c3d-ac29-c0cb25fc1dcc,it's a good app and it's not like other great package,5.0,0.0,2026-07-12 09:56:20,play_store,,fb1f48c9-1cc2-4c3d-ac29-c0cb25fc1dcc,SERVICE_NOISE,,[],False,positive
f08f0523-83fe-4221-8073-f7ea7f804b08,my maind rilacks you zepto tq 🙏🙏,5.0,0.0,2026-07-12 09:44:49,play_store,,f08f0523-83fe-4221-8073-f7ea7f804b08,SERVICE_NOISE,,[],False,positive
5415417d-0434-42d9-b49e-f38fb13d4ad3,soo... fast delivary👌,5.0,0.0,2026-07-12 09:39:50,play_store,,5415417d-0434-42d9-b49e-f38fb13d4ad3,SERVICE_NOISE,,[],False,positive
ce60d276-6942-4d45-98b2-cf1f352cdf2e,this is bad response to customer I reported at missing item but they replied to me that are not replaced item,1.0,0.0,2026-07-12 09:38:28,play_store,,ce60d276-6942-4d45-98b2-cf1f352cdf2e,SERVICE_NOISE,,[],False,negative
4f65ad5d-1610-4c6a-82b3-9b17acadf173,jab delivery charge de rhe hai to fir handling charge ? mtlb packet me saman rkhne walo ka pesa hmlog hi de isse acha to bagal ka Stor ka hai jisme jo saman bolo nikal kr deta hai bina handling charge liye ...,1.0,0.0,2026-07-12 09:23:26,play_store,,4f65ad5d-1610-4c6a-82b3-9b17acadf173,PRICE_VALUE,,[],False,negative
3067dbaa-147b-440f-af8b-ec13be8579cb,zepto app ab bahut bekar Ho Gaya naya mein bahut achcha tha ab khas nahin Hai,1.0,0.0,2026-07-12 09:04:54,play_store,,3067dbaa-147b-440f-af8b-ec13be8579cb,SERVICE_NOISE,,[],False,negative
6a0bbca4-d921-4247-b17e-f22475fe5592,Nice sometime become rude customer care,5.0,0.0,2026-07-12 09:03:02,play_store,,6a0bbca4-d921-4247-b17e-f22475fe5592,SERVICE_NOISE,,[],False,mixed
b9c226bb-15c2-4d4f-b841-91697fcb3325,unbelievable app tbh. how tf you guys manage the company cause there are no charges at all.,5.0,0.0,2026-07-12 08:56:56,play_store,,b9c226bb-15c2-4d4f-b841-91697fcb3325,PRICE_VALUE,,[],False,positive
61db832c-75a4-47ce-8386-55ccc2be9142,ohh its was by mistake from us i m not read the advertising properly please pardon my mistake,1.0,0.0,2026-07-12 08:52:34,play_store,,61db832c-75a4-47ce-8386-55ccc2be9142,SERVICE_NOISE,,[],False,mixed
673f1b00-c79c-45ac-82cf-88d98eac3389,worst app no coupon and fifa game a huge scam they want us to play useless games i wish there was 0 star button 😡😥😡,1.0,0.0,2026-07-12 08:50:29,play_store,,673f1b00-c79c-45ac-82cf-88d98eac3389,SERVICE_NOISE,,[],False,negative
1365ec26-6214-4087-978c-a5fb4b0de0e2,Worst experience. Zepto is a looter,1.0,1.0,2026-07-12 08:39:27,play_store,,1365ec26-6214-4087-978c-a5fb4b0de0e2,SERVICE_NOISE,,[],False,negative
22c02c9c-af0e-4500-a65d-e217c02d950d,"absolutely pathetic service, poor customer care, rude delivery partners",1.0,0.0,2026-07-12 08:13:11,play_store,,22c02c9c-af0e-4500-a65d-e217c02d950d,SERVICE_NOISE,,[],False,negative
d023e2e1-dfcf-48d8-a048-32f9a2a2ae21,order above 2 or more product they provide it without packaging in carry bag n delivery boy give all the products hand to hand it's too unhiginic I don't like it n it's so inconvenient you should charge handling fee but provide the clean packaging.i don't like to order more.,2.0,0.0,2026-07-12 07:51:04,play_store,,d023e2e1-dfcf-48d8-a048-32f9a2a2ae21,SERVICE_NOISE,,[],False,negative
3ff3bec6-d382-4ede-8a30-f04b7d76792a,"Now I found this app worst because if you have an issue with the delivered product then there is no customer service to resolve your issue. you have to asked to send the mail regarding issue and upload the image and finally the team will deny to accept the issue. This is not first time, 4 times during a period of a month. Now I decided to delete the app as there are many other better options available here well! they not only listened to the customer but resolve issue soon.",1.0,0.0,2026-07-12 07:38:43,play_store,,3ff3bec6-d382-4ede-8a30-f04b7d76792a,SERVICE_NOISE,,[],False,negative
fd05fb12-9cb4-4ce3-bb77-607957d9cdd8,fake app don't use this app I need data cable d type provide me c and call customer care no response many times,1.0,0.0,2026-07-12 05:21:35,play_store,,fd05fb12-9cb4-4ce3-bb77-607957d9cdd8,SERVICE_NOISE,TRUST_AUTHENTICITY,['electronics'],False,negative
40631e61-fe40-45b2-a072-893313381858,bad quality products and worst customer experience,1.0,0.0,2026-07-12 04:28:17,play_store,,40631e61-fe40-45b2-a072-893313381858,SERVICE_NOISE,,[],False,negative
371b4cf5-6857-4094-8fd8-6e53bda77ba4,"Zepto used to be good while they started but recently since last 4-5 months we are observing a trend, a trend of stealing. stealing not directly but always there will be missing items or incorrect items which are of lower value. since I use other quick commerce apps too, I know it is common to see missing items in Big basket or Blink it orders too, but you don't have to seek support or fight for your refund. in Zepto, they will cleverly not send some items or will give you items of lower value",1.0,0.0,2026-07-12 03:25:35,play_store,,371b4cf5-6857-4094-8fd8-6e53bda77ba4,SERVICE_NOISE,,[],False,negative
3943e4ea-c793-494a-ac13-d35f5f150499,cash on delivery no available 😭😞😞😞😭,1.0,0.0,2026-07-12 03:25:26,play_store,,3943e4ea-c793-494a-ac13-d35f5f150499,SERVICE_NOISE,,[],False,negative
16691b1c-86a7-4374-a259-34fab899b8c9,thanku so much for zepto,5.0,0.0,2026-07-12 02:38:21,play_store,,16691b1c-86a7-4374-a259-34fab899b8c9,SERVICE_NOISE,,[],False,positive
e0652a8c-904a-447e-845c-69ab67cebf9f,This app's service is terrible. They don't even have delivery boys. They made me wait an hour for my order. Delete this app.,1.0,0.0,2026-07-12 02:29:17,play_store,,e0652a8c-904a-447e-845c-69ab67cebf9f,SERVICE_NOISE,,[],False,negative
9daf7154-5268-43b7-b86a-39e52657c15d,"worst service. trusting only the seller, not ur customer ???",1.0,0.0,2026-07-12 02:19:19,play_store,,9daf7154-5268-43b7-b86a-39e52657c15d,SERVICE_NOISE,,[],False,negative
bf9007dc-626b-47d7-bdb2-439b36a97991,good quality and very good service,5.0,0.0,2026-07-12 01:49:11,play_store,,bf9007dc-626b-47d7-bdb2-439b36a97991,SERVICE_NOISE,,[],False,positive
51e42615-3ec4-4583-b90b-08f03fd0d2d2,"worstt app ever , don't use third class application. the delivery time showed 16 mins but the actual time is 2 and half hours order placeds at 11pm and expectations time are 2 am. at night this apicatiln doesn't full fill customer expectations failed application and no active consumer support system just AI generated system.",1.0,0.0,2026-07-12 01:43:11,play_store,,51e42615-3ec4-4583-b90b-08f03fd0d2d2,SERVICE_NOISE,,[],False,negative
d6a95afc-bad0-492f-b2ab-176b84299f9b,"This isn't the first time. I've received damaged or already-used products multiple times. Today again, the product arrived with a broken seal and appeared to be used. I only received a copy-paste apology, and the chat was closed without any replacement or refund. This is unacceptable. Other apps provide much better customer service. If this isn't resolved properly, I'll stop using Zepto and uninstall it from my family's phones.",1.0,0.0,2026-07-12 01:27:37,play_store,,d6a95afc-bad0-492f-b2ab-176b84299f9b,TRUST_QUALITY,SERVICE_NOISE,[],False,negative
12d64cf1-695f-4633-9676-218f2537ea72,never going to order again with this app very bad quality very aggressive telk whenever I order ice cream it is melted and I specialist say them that please see set my ice cream is melted or not they say yes mam it's not melted it's ok and whenever I give them a complain that this is melted this is not what I order they always said no it's not a problem blah blah blah blah so now I decide that I will never on a order to you guys and never gonna recommend this app to anyone very cheap app,1.0,0.0,2026-07-12 01:23:54,play_store,,12d64cf1-695f-4633-9676-218f2537ea72,TRUST_QUALITY,,['ice cream'],False,negative
d219da39-9797-4488-9689-3b577a00885b,they are sells only used and wrong worst product please don't order it's very harmful zepto app is froud they will be given wrong and used item's,1.0,0.0,2026-07-12 01:23:50,play_store,,d219da39-9797-4488-9689-3b577a00885b,TRUST_QUALITY,,[],False,negative
63298f14-a702-4fb2-942c-af895f7dda5b,I've been trying to order every night u guys are showing high demand i come back from office late what m I suppose to do if u guys cant handle pressure work better on urgent rather than just starting an aap and not fulfilling the requirement,1.0,0.0,2026-07-12 00:58:34,play_store,,63298f14-a702-4fb2-942c-af895f7dda5b,SERVICE_NOISE,,[],False,negative
218de503-559e-4791-8b06-d42afc570bbb,worst app ordered icecream..cames in totally melted form in polythene without in any insulated Carrier when raised a camplaint through help asked to email zepto..when i did so..by saying it was my mistake bcz i was askec to raise camplaint via email which lead to wastage of 10-15 min ..i was told that my camplaint is rejected though their delivery agent didn't bring ice cream in any insulated Carrier,1.0,0.0,2026-07-12 00:54:39,play_store,,218de503-559e-4791-8b06-d42afc570bbb,SERVICE_NOISE,,['icecream'],False,negative
15fe56f7-1bbc-468d-953b-8baa4f3a3978,Assalamualaikum guys .. zepto is good for emergency and regular use,5.0,0.0,2026-07-12 00:24:10,play_store,,15fe56f7-1bbc-468d-953b-8baa4f3a3978,MENTAL_MODEL,,[],False,positive
3f0420ae-903d-4216-a67d-2b6df11cec1b,delivery is quick they have good offers aa well,4.0,0.0,2026-07-11 23:57:28,play_store,,3f0420ae-903d-4216-a67d-2b6df11cec1b,SERVICE_NOISE,,[],False,positive
9af70623-409a-46f7-8986-6ccd8c89def7,Zepto is the baddest company i have ever seen..they delivered damaged product and after complaint they took back product and not refunded money.. and not provided the customer care number as well,1.0,0.0,2026-07-11 23:45:21,play_store,,9af70623-409a-46f7-8986-6ccd8c89def7,SERVICE_NOISE,,[],False,negative
860a2e9b-d68d-4edf-b115-11d1c7511f68,this app's customer support is very bad..I returned one expired item after they mentioned not returned. no refunds,1.0,0.0,2026-07-11 23:34:42,play_store,,860a2e9b-d68d-4edf-b115-11d1c7511f68,SERVICE_NOISE,,[],False,negative
238134eb-5020-40c1-9a8c-300db1f6fe74,the app support is too worst I'm asking the agent to connect me with human still it's giving me same reply it's frustrating and delayed service is there normal routine,1.0,0.0,2026-07-11 23:30:02,play_store,,238134eb-5020-40c1-9a8c-300db1f6fe74,SERVICE_NOISE,,[],False,negative
bca6458e-dd1e-4b61-ba92-34f3c77447eb,very bad experience they are not delivered paid order and not replying properly,1.0,0.0,2026-07-11 23:24:50,play_store,,bca6458e-dd1e-4b61-ba92-34f3c77447eb,SERVICE_NOISE,,[],False,negative
1cf66ad1-8d44-4125-8ab7-80fa5c7e27b1,Terrible. Poor customer service. There is no point of there customer support. It's just for name sake. Never gonna use this app anymore. Any way it's outdated.,1.0,0.0,2026-07-11 23:24:07,play_store,,1cf66ad1-8d44-4125-8ab7-80fa5c7e27b1,SERVICE_NOISE,,[],False,negative
cde6c2a2-38a7-4c5c-be32-427e5787df79,"Fraudsters! Once they receive your payment, they stop caring about the customer. This is one of the worst apps I've ever used. Even when they fail to deliver the service, they make you wait 4–5 days for a refund. However, they don't waste a single minute when it comes to taking money from users. Extremely disappointing experience.",1.0,0.0,2026-07-11 23:20:24,play_store,,cde6c2a2-38a7-4c5c-be32-427e5787df79,SERVICE_NOISE,,[],False,negative
7c330522-96d6-45e7-8abe-a0ab3918e1af,"fraud company, looting customers by blatantly lying",1.0,0.0,2026-07-11 23:16:58,play_store,,7c330522-96d6-45e7-8abe-a0ab3918e1af,SERVICE_NOISE,,[],False,negative
4360b989-078d-4a1f-bba8-8f83decc6420,this service is very good then other app fast low price I love it too use,5.0,0.0,2026-07-11 23:12:22,play_store,,4360b989-078d-4a1f-bba8-8f83decc6420,SERVICE_NOISE,,[],False,positive
11a0bb13-2f41-4c41-9a9b-0e67eaf094b2,"zepto is promising less than 15 minutes and not delivering even after one and half hour after complaining, company offers buy one get three offer which is a duplicate product",1.0,0.0,2026-07-11 23:06:47,play_store,,11a0bb13-2f41-4c41-9a9b-0e67eaf094b2,SERVICE_NOISE,,[],False,negative
32110349-35b8-46ca-bc37-3f8f53ec6c34,"You guys think that you have become smart by restricting the chat and forcing customers to send emails so that people quit in frustration! This is not going to work for long. Zepto has gone to dogs! Poor product quality, wrong product delivery, frustrating customer support and finally no refund. I had ordered two butterscotch cones but I got only one and that too double chocolate! The other one was almond crunch cone and it was melted, damaged and crushed! wish I could have added a video",1.0,0.0,2026-07-11 23:01:54,play_store,,32110349-35b8-46ca-bc37-3f8f53ec6c34,SERVICE_NOISE,TRUST_QUALITY,['icecream'],False,negative
e80677d0-9061-4277-9f85-fe1f6d8c4a9a,"Everything is okay, but the location detection is inaccurate, which causes problems for delivery partners. That's why I'm uninstalling the app. Improve the GPS accuracy.",2.0,0.0,2026-07-11 23:00:01,play_store,,e80677d0-9061-4277-9f85-fe1f6d8c4a9a,SERVICE_NOISE,,[],False,negative
de50f621-c0ad-4133-8214-ba0bc0f07681,"I ordered 2 packets of kwality cornflakes, but delivered only one packet. I contact customer support but nothing happened and not resolved the issue. What type of service is this..? What about the product price of 121..? Totally disappointed. Further will think 100times before ordered in Zepto.",1.0,0.0,2026-07-11 22:57:11,play_store,,de50f621-c0ad-4133-8214-ba0bc0f07681,SERVICE_NOISE,,['cornflakes'],False,negative
5c7dedd9-2246-40fc-bb0c-5a91c693c1f2,Scamming Rascals Zepto. The milk they sell is beyond expiry and in a curdly state and they don't bother to refund the same. Never buy from this scammers again.,1.0,0.0,2026-07-11 22:45:55,play_store,,5c7dedd9-2246-40fc-bb0c-5a91c693c1f2,TRUST_QUALITY,,['milk'],False,negative
e4ef99b0-f2d1-4905-a662-7ac79036d526,Delivery person always asks for extra money .,2.0,0.0,2026-07-11 22:23:26,play_store,,e4ef99b0-f2d1-4905-a662-7ac79036d526,SERVICE_NOISE,,[],False,negative
fff54d2a-5fbd-45b1-a9a3-1c12f5c4d2c3,they deliver expired food quality,1.0,0.0,2026-07-11 22:12:21,play_store,,fff54d2a-5fbd-45b1-a9a3-1c12f5c4d2c3,TRUST_QUALITY,,[],False,negative
6e55a802-d953-4544-a34f-9218b5e45590,ek item khula hua tha complaint krne pr bhi kuch nh hua mujhe khula hua product diya or koi help nh mili,1.0,0.0,2026-07-11 22:10:20,play_store,,6e55a802-d953-4544-a34f-9218b5e45590,SERVICE_NOISE,,[],False,negative
6e9d6798-3d26-455d-a473-cdc409655200,did order of Masala chaas on 8th July kept that chaas on fridge I wanted to drink it later they sended me expire product before consuming any item will suggest check expiry specially if you are doing order from zepto,1.0,0.0,2026-07-11 22:06:17,play_store,,6e9d6798-3d26-455d-a473-cdc409655200,TRUST_QUALITY,,['beverages'],False,negative
f7b6a6c7-a83b-4eaf-a9da-d1cafccc5bad,"Very disappointing experience. I ordered an ice cream, but it arrived completely melted and looked nothing like it should. It was messy and impossible to enjoy. If proper packaging or delivery time isn't ensured, ice cream shouldn't be delivered in this condition. I hope the service improves because this was a waste of money.",1.0,0.0,2026-07-11 22:04:59,play_store,,f7b6a6c7-a83b-4eaf-a9da-d1cafccc5bad,SERVICE_NOISE,,['ice cream'],False,negative
30aef8ec-232f-4d89-8b1f-f503bf291148,my ap not opening 😔 please help,1.0,0.0,2026-07-11 21:57:10,play_store,,30aef8ec-232f-4d89-8b1f-f503bf291148,SERVICE_NOISE,,[],False,negative
ce4dde53-25ba-4071-b06a-b6641f87e777,every single time my payment fails due to your server. do something I have mailed you several times. bad experience about payment. 😐😐,1.0,0.0,2026-07-11 21:35:34,play_store,,ce4dde53-25ba-4071-b06a-b6641f87e777,SERVICE_NOISE,,[],False,negative
188b7d87-e2c5-45a3-b57f-8c062eaf3ec1,"bahut bekar app h shuru m download kiya tha 6 mahine phle tb sahi tha ab loot raha h phle 99rs. m free delivery milti thi ab 149rs. k order kro tb free delivery hoga, aur handling fees bhi add kardi.... ye photo jo lgayi h app k neeche 0 fees isko hta do, koi download mt kro, ab loot rehey h",1.0,0.0,2026-07-11 21:31:32,play_store,,188b7d87-e2c5-45a3-b57f-8c062eaf3ec1,PRICE_VALUE,,['grocery'],False,negative
3b48971d-a307-4d30-8d77-da03f18135d8,good place to get the grocery on urgent basis,5.0,0.0,2026-07-11 21:31:04,play_store,,3b48971d-a307-4d30-8d77-da03f18135d8,MENTAL_MODEL,,['grocery'],False,positive
f07bcefd-925b-4c0e-afde-caf99769724e,internet is working fine but unable to submit feedback for product even not able add images,1.0,0.0,2026-07-11 21:24:53,play_store,,f07bcefd-925b-4c0e-afde-caf99769724e,SERVICE_NOISE,,[],False,negative
52683f19-3aef-4d95-8da2-6669969350b9,Reffral section is not found,1.0,0.0,2026-07-11 21:19:25,play_store,,52683f19-3aef-4d95-8da2-6669969350b9,SERVICE_NOISE,,[],False,negative
a8443a80-3359-4b6d-ad98-e5efb499131e,"delivery guys never have change with them, which is a major payment problem always",1.0,0.0,2026-07-11 21:13:43,play_store,,a8443a80-3359-4b6d-ad98-e5efb499131e,SERVICE_NOISE,,[],False,negative
20190fff-9124-48ce-b234-f02e46271aa8,not able to get reffer option,1.0,0.0,2026-07-11 21:13:11,play_store,,20190fff-9124-48ce-b234-f02e46271aa8,SERVICE_NOISE,,[],False,negative
5ad8ab07-af84-4216-8b08-d26fa937118f,"Extremely disappointing experience with Zepto. I ordered one product but received an item from a completely different company. This is not a minor mistake—it shows a serious lack of quality control and accountability. What is even more frustrating is that customer support failed to resolve the issue properly. Complaints seem to be ignored, and there is no satisfactory response or ownership of the problem. Customers pay for specific products and expect to receive exactly what they orde",1.0,0.0,2026-07-11 21:00:02,play_store,,5ad8ab07-af84-4216-8b08-d26fa937118f,TRUST_AUTHENTICITY,SERVICE_NOISE,[],False,negative
40b4a206-76f3-43a0-8773-6e53e4672f1a,Good service......in emergency is very useful and very affordable prices,5.0,0.0,2026-07-11 20:49:59,play_store,,40b4a206-76f3-43a0-8773-6e53e4672f1a,MENTAL_MODEL,,[],False,positive
4d822685-0c81-4a57-b8fb-ae55000b0521,"it was my first time ordering from zepto and I ordered 5 items one of them was amul fresh cream and I have received the amul lactose intolerant milk instead, I m highly disappointed and it was very unexpected from such a app like zepto at first I thought that i could have ordered wrong product by mistake then I checked my order's list and unfortunately I wasn't wrong the delivery person delivered me the wrong product ,. you should improve the services as the customer is paying you .",1.0,0.0,2026-07-11 20:41:44,play_store,,4d822685-0c81-4a57-b8fb-ae55000b0521,TRUST_QUALITY,,['dairy'],True,negative
519dc763-98e0-472c-8da6-d4ab369b5442,"Very frustrating customer service experience. For my issue with the order, I wanted to connect to a human representative but they have put a dumb agent at the front, responding with the same irrelevant message. Very frustrating, done with zepto.",1.0,0.0,2026-07-11 20:39:48,play_store,,519dc763-98e0-472c-8da6-d4ab369b5442,SERVICE_NOISE,,[],False,negative
b1eed671-0aca-4baa-beb0-79e0ec9faa52,product packing is nice and fast service over all good.,5.0,0.0,2026-07-11 20:30:28,play_store,,b1eed671-0aca-4baa-beb0-79e0ec9faa52,SERVICE_NOISE,,[],False,positive
a8cb3f59-ddb0-4b63-9dff-70104c50c78a,"worst experience......it gives rotten veggies, fruits and dates 🤬🤬🤬🤬🤬🤬🤬🤬🤬🤬",1.0,0.0,2026-07-11 20:15:41,play_store,,a8cb3f59-ddb0-4b63-9dff-70104c50c78a,TRUST_QUALITY,,"['vegetables', 'fruits', 'dates']",False,negative
4a419fb0-cfb2-40fe-b986-24a2e35f70a9,"I returned the weighing machine, but the refund was not credited to my bank account. Instead, the amount was added to my Zepto Cash account. This is misleading. People, please be careful when placing orders.",2.0,0.0,2026-07-11 20:14:57,play_store,,4a419fb0-cfb2-40fe-b986-24a2e35f70a9,SERVICE_NOISE,,['electronics'],False,negative
dc4c0d31-3911-4854-9bb0-c9ed2cde995a,zepto is best option when u need anything,5.0,0.0,2026-07-11 20:10:24,play_store,,dc4c0d31-3911-4854-9bb0-c9ed2cde995a,SERVICE_NOISE,,[],False,positive
f5f0874c-90e8-4e38-9337-b5fce30ba0f6,receiving trashy products even though expiry date is fine. customer service neither wants to fix or issue refund. this is the 2nd time milk got spoiled in this month but customer service wants to feel good about itself and dont want to fix issue or issue refund. cheap fellows!!,1.0,0.0,2026-07-11 19:57:36,play_store,,f5f0874c-90e8-4e38-9337-b5fce30ba0f6,TRUST_QUALITY,SERVICE_NOISE,['dairy'],False,negative
89f5c598-46fa-41ff-9af0-863e05bb42fb,worst application kbhi ye charges lga dete h kbhi hold pe rkh dete h bilkul bkwas app h isse best city Mall h turant response krte h so guys don't buy products this app,1.0,0.0,2026-07-11 19:55:44,play_store,,89f5c598-46fa-41ff-9af0-863e05bb42fb,SERVICE_NOISE,,[],False,negative
79357c9c-bb59-4e2a-829d-6f892ead2199,"The worst customer support ever very irresponsive and not ready to understand our problem and says they support us, Guy named Amit P was customer support and he hang up the call in between the conversation and the worst every product you could ever buy in zepto is Nandani 1L milk which comes out curdled always I have ordered it thrice and all time the milk is curdled and they blame that it's a manufacturer's fault and the guy amit is not ready to agree that they handle milk in a worst way always",1.0,0.0,2026-07-11 19:45:02,play_store,,79357c9c-bb59-4e2a-829d-6f892ead2199,TRUST_QUALITY,SERVICE_NOISE,['dairy'],False,negative
7eaf5168-d816-4d7a-bdeb-30e7480add06,please free delivery on orders above 30,5.0,0.0,2026-07-11 19:41:18,play_store,,7eaf5168-d816-4d7a-bdeb-30e7480add06,SERVICE_NOISE,,[],False,negative
40652162-f86e-4db8-8f90-5420dad627e1,worst app for delivery. always delivers product in bad condition,1.0,0.0,2026-07-11 19:37:47,play_store,,40652162-f86e-4db8-8f90-5420dad627e1,SERVICE_NOISE,,[],False,negative
2159ddcd-74d0-43f8-be2a-cf303c9622db,waste ..... items missing ...not responding. zepto cheeting customers. the not given any respond . better Big basket and Blink it and other. ex... platforms ..they respond quickly... and delivery patners are good and gentle....,1.0,0.0,2026-07-11 19:33:04,play_store,,2159ddcd-74d0-43f8-be2a-cf303c9622db,SERVICE_NOISE,,[],False,negative
e8f38196-159f-49aa-a4c2-e957843fbcfb,worst delevery app for ever because it does not giving COD price . while I order one item and apply coupon the rate was decrease but when I doing payment it shows actual price it's too bad bad bad bad bad bad bad bad app. don't use it 😒,1.0,0.0,2026-07-11 19:09:44,play_store,,e8f38196-159f-49aa-a4c2-e957843fbcfb,SERVICE_NOISE,,[],False,negative
0355616a-1623-46c3-852a-f479f056d107,"no way to reach out for support if any technical glitche...worst guys go with Swiggy insta, u can instantly chat with real human agents...zepto is the worst platform",1.0,0.0,2026-07-11 19:05:13,play_store,,0355616a-1623-46c3-852a-f479f056d107,SERVICE_NOISE,,[],False,negative
427e26c1-9f07-432a-85e5-58822f4c9b9c,"Horrible experience with their customer care which practically doesn't exist. I had ordered a mug from them which was damaged, inspite of my repeatedly uploading pics, contacting their pathetic chat (on which no resolution is given), theres nothing except sn automated response, they neither replaced the product nor gave me my refund. Horrible experience",2.0,0.0,2026-07-11 18:40:36,play_store,,427e26c1-9f07-432a-85e5-58822f4c9b9c,SERVICE_NOISE,,[],False,negative
e9e4a247-8c5c-4cf5-ae55-7bd25b913880,"Very poor customer service and the item's quality is very bad now. If I go for help, it is saying to write an email and even after sending, they will reject it or give no proper response.",1.0,0.0,2026-07-11 18:37:06,play_store,,e9e4a247-8c5c-4cf5-ae55-7bd25b913880,SERVICE_NOISE,TRUST_QUALITY,[],False,negative
a9449fee-03af-4cc6-86a9-5c5f573a72a8,their customer service totally sucks have tried them a few times and never get a solution,1.0,0.0,2026-07-11 18:21:47,play_store,,a9449fee-03af-4cc6-86a9-5c5f573a72a8,SERVICE_NOISE,,[],False,negative
f41dfa40-2ddb-45b8-b1ad-92ce7efd4ed9,fully satisfied with service great job,5.0,0.0,2026-07-11 18:19:42,play_store,,f41dfa40-2ddb-45b8-b1ad-92ce7efd4ed9,SERVICE_NOISE,,[],False,positive
1e24fe45-bb8c-4feb-8271-06d4dc171c80,there is no customer support...,1.0,0.0,2026-07-11 18:18:20,play_store,,1e24fe45-bb8c-4feb-8271-06d4dc171c80,SERVICE_NOISE,,[],False,negative
8d9e0681-ea34-46b6-8665-1018b15f1d13,best offers and best price and you can exchange refund 1000000 x best any other apps,5.0,0.0,2026-07-11 18:08:53,play_store,,8d9e0681-ea34-46b6-8665-1018b15f1d13,PRICE_VALUE,,[],False,positive
44857876-cc6f-449e-986d-86cf1f3db934,very good app for everything 🩷,5.0,1.0,2026-07-11 18:08:44,play_store,,44857876-cc6f-449e-986d-86cf1f3db934,SERVICE_NOISE,,[],False,positive
d2eeed84-78ec-4e84-be37-7ba4a10a383a,very poor service...late delivery and very poor quality of products,1.0,0.0,2026-07-11 18:02:49,play_store,,d2eeed84-78ec-4e84-be37-7ba4a10a383a,SERVICE_NOISE,TRUST_QUALITY,[],False,negative
808586aa-5b80-473e-a54e-ea1195a268d4,it debits more money than usual and it's difficult to cancel the order!!!!! so exhausting,1.0,0.0,2026-07-11 17:50:35,play_store,,808586aa-5b80-473e-a54e-ea1195a268d4,SERVICE_NOISE,,[],False,negative
e3c0ab89-4615-4577-828e-e4b16335de9d,No trust for Quality. Always customers are taken for granted. Feedback has no use each time.,1.0,0.0,2026-07-11 17:44:25,play_store,,e3c0ab89-4615-4577-828e-e4b16335de9d,TRUST_QUALITY,,[],False,negative
4a5f2646-9618-4c6a-8518-417dd18ca477,"recently I have order 2 cold drink in my order 1 is Coca cola and another one is thumsup, but we had not received thumsup and the amount was deducted . Also I had mail , then the team reverted all prouduct has been delivered, ab kya customer pagal hai kya usko product bhi nhi mila and amount bhi le liya and even humne delivery guy ko ussi time bola bhi tha cold drink missing hai but koi response ,pathetic service zepto",1.0,0.0,2026-07-11 17:36:44,play_store,,4a5f2646-9618-4c6a-8518-417dd18ca477,SERVICE_NOISE,,['cold drinks'],False,negative
9ef306a1-13fa-4802-8f5e-0e355cc93588,worst customer support... Falthu,1.0,0.0,2026-07-11 17:20:25,play_store,,9ef306a1-13fa-4802-8f5e-0e355cc93588,SERVICE_NOISE,,[],False,negative
8209ef29-2249-4e2f-be87-7c77d58b709c,yah bahut achcha app hai aap bhi yah TRAI karo mujhse bahut jaldi bhi Saman a jata hai aur quality bhi hamesha badhiya hi rahti hai,5.0,0.0,2026-07-11 17:10:52,play_store,,8209ef29-2249-4e2f-be87-7c77d58b709c,SERVICE_NOISE,,[],False,positive
431f6294-30ad-4d73-9393-03a6244f751e,"Very bad experience. I paid for my order but did not receive all the items. When I asked for a refund, Zepto refused without giving any proper solution. Be careful before ordering from this app. If something is missing, don't expect fair support. I have lost all trust in Zepto and will file a complaint in the Consumer Commission. Never using this app again!",1.0,0.0,2026-07-11 17:03:01,play_store,,431f6294-30ad-4d73-9393-03a6244f751e,SERVICE_NOISE,,[],False,negative
64add2fc-ba19-4e46-a190-aee5833064d1,very bad experience with u zepto...kbhi expired product bhej dete ho...kbhi jitne product hote h utne aate hi nh.... delivery time alag btate ho aur delivered kisi aur time pr hota hai....plz trained ur manager how to manage the things😡 ab zepto me expired product exchange hone pr expired product hi bhej rhe ho bhot badhiya zepto isse ghatiya app to aaj tk nh dekha...😡😡👀,1.0,1.0,2026-07-11 16:50:51,play_store,,64add2fc-ba19-4e46-a190-aee5833064d1,TRUST_QUALITY,SERVICE_NOISE,[],False,negative
5d40e09c-26a4-4b88-a9e7-748808e21bcf,"No real customer support, just AI bots. And also, deliver stake products and won't refund either. Pay the extra handling charge to Blinkit and buy from there. At least they maintain proper hygiene and also have dedicated customer support.",1.0,0.0,2026-07-11 16:25:28,play_store,,5d40e09c-26a4-4b88-a9e7-748808e21bcf,SERVICE_NOISE,TRUST_QUALITY,[],False,negative
b15a5dcc-5022-4c8e-895c-5908b81372c5,Great delivery app 1off the my choice off best app,3.0,0.0,2026-07-11 16:07:14,play_store,,b15a5dcc-5022-4c8e-895c-5908b81372c5,SERVICE_NOISE,,[],False,positive
a7889917-72ac-4541-b673-3d798ac639c2,worst selling worst products and not responding in proper time,1.0,0.0,2026-07-11 15:55:13,play_store,,a7889917-72ac-4541-b673-3d798ac639c2,SERVICE_NOISE,,[],False,negative
22bacc44-0725-4f7a-a12b-dbd15bd89c99,wrost app recently I order modern brownie in this but I received only cover I didn't receive brownies customer support saying we sended we didn't do any thing they are say... I said them to first ask to deliver person they r not ready to talk and they r not ready share they number I paid I only loss don't prefer this app wrost app.......,1.0,0.0,2026-07-11 15:49:28,play_store,,22bacc44-0725-4f7a-a12b-dbd15bd89c99,SERVICE_NOISE,,['brownies'],False,negative
e88d7264-a35d-4c2f-9749-0cd931a610a3,easy delivery. and fresh vegetables,5.0,0.0,2026-07-11 15:44:03,play_store,,e88d7264-a35d-4c2f-9749-0cd931a610a3,SERVICE_NOISE,,['vegetables'],False,positive
5332d935-eb9a-402c-88eb-89261c5c835b,"worst app ever I used, there delivery rider has zero communication skills and zero way of talking...",1.0,0.0,2026-07-11 15:32:23,play_store,,5332d935-eb9a-402c-88eb-89261c5c835b,SERVICE_NOISE,,[],False,negative
a63e7dfd-59a3-476f-b0cd-383e2d2a3b83,issue not resolved. nobody came for exchange/return,1.0,0.0,2026-07-11 15:23:53,play_store,,a63e7dfd-59a3-476f-b0cd-383e2d2a3b83,SERVICE_NOISE,,[],False,negative
d0319fb9-9ec5-4b43-b440-33715b14dc38,"very bad service, no customer care calling number given only chat with bot automated machine who always gave same answer for every question better to shut ur app if u can't listen or solve customer problems that they gave because of ur third class service #Boycott zepto",1.0,0.0,2026-07-11 15:17:52,play_store,,d0319fb9-9ec5-4b43-b440-33715b14dc38,SERVICE_NOISE,,[],False,negative
567fbcda-2db8-45c1-93df-f49f33b8f48f,worse quality of milk & no customer service against the order All milk of both is degraded quality of order no QTUNJMMRM18886A & QTUNJMMRM15883A is decetive & they neither agree of defective nor they arrange a callback from customer care.,1.0,0.0,2026-07-11 15:06:28,play_store,,567fbcda-2db8-45c1-93df-f49f33b8f48f,TRUST_QUALITY,SERVICE_NOISE,['milk'],False,negative
6066c3e3-ad8c-40af-b213-fae67fc5954c,gud and faster delivery,5.0,0.0,2026-07-11 14:55:15,play_store,,6066c3e3-ad8c-40af-b213-fae67fc5954c,SERVICE_NOISE,,[],False,positive
e733c2dc-0c70-4e45-8be5-81e556c52897,Fully fraud app . I received rotten veggies and raised the complaint for that with the proper received product images. At first the app chat continuously gave me the mail id to send the images and order ID. I did the same. And after wasting a lot of my time they are still not refunding the amount. And also they don't have the reason to validate their action. Also the customer care person disconnected my call without listening. I don't recommend this app to anyone. Very very bad experience.👎,1.0,0.0,2026-07-11 14:52:15,play_store,,e733c2dc-0c70-4e45-8be5-81e556c52897,TRUST_QUALITY,SERVICE_NOISE,"['vegetables', 'fruits']",False,negative
dda10c29-e20c-4342-9323-0c1aba40a414,products are compromised specially veggies and fruits - another meesho,2.0,0.0,2026-07-11 14:48:40,play_store,,dda10c29-e20c-4342-9323-0c1aba40a414,TRUST_QUALITY,,"['vegetables', 'fruits']",False,negative
0668a818-9ae6-4c43-9240-eb8965c6abf3,worst support without any resolution chat was closed without any resolution and without taking any confirmation,1.0,0.0,2026-07-11 14:45:29,play_store,,0668a818-9ae6-4c43-9240-eb8965c6abf3,SERVICE_NOISE,,[],False,negative
4ea39e4f-a3df-4fb5-be99-98f8f8c0b1ab,"I received mushrooms that were clearly rotten and unfit for consumption. I had already shared photographs as evidence, yet they disregarded. The team responded that seller's internal verification confirms that the product was in good condition at the time of dispatch and closed the chat. I would never use zepto anymore. These people send you products which are not fit to consume and can make you fall sick.",1.0,0.0,2026-07-11 14:42:48,play_store,,4ea39e4f-a3df-4fb5-be99-98f8f8c0b1ab,TRUST_QUALITY,SERVICE_NOISE,['mushrooms'],False,negative
e106a923-22a0-4ad0-8669-c88e00b2a698,Cool delivery person.,5.0,0.0,2026-07-11 14:40:57,play_store,,e106a923-22a0-4ad0-8669-c88e00b2a698,SERVICE_NOISE,,[],False,positive
8109c683-7b4f-42b6-a9fd-820c065c2ae3,Literally gave the wrong order,1.0,0.0,2026-07-11 14:36:12,play_store,,8109c683-7b4f-42b6-a9fd-820c065c2ae3,SERVICE_NOISE,,[],False,negative
fef5ceed-f6d8-40f3-bee7-8cda43c91c60,"I ordered yippee thai noodles and received chings kimchi noodles I complained to customer care and gmail But everyone is saying that the order is correct, such a worst experience",1.0,0.0,2026-07-11 14:20:55,play_store,,fef5ceed-f6d8-40f3-bee7-8cda43c91c60,SERVICE_NOISE,,['snacks'],False,negative
9f8f8125-bea8-4e70-861a-5f9fc2d1ed78,better than blinkit ❤️‍🩹,4.0,0.0,2026-07-11 14:03:32,play_store,,9f8f8125-bea8-4e70-861a-5f9fc2d1ed78,SERVICE_NOISE,,[],False,positive
40a791a3-2fd7-474f-adf4-18aa9e4fd02c,worst app it says it can deliver in 8 mins but that's a lie they have assistant that' is ai it doesn't understand the problem and also if we say to speak to the delivery agent it doesn't let you permit that also the worst possible app,1.0,0.0,2026-07-11 14:03:31,play_store,,40a791a3-2fd7-474f-adf4-18aa9e4fd02c,SERVICE_NOISE,,[],False,negative
359d3c62-6f09-403b-8b37-7b1fc5bfa76b,thanks Zepto itne margin mein fruit and sabji available karane ke liye ⭐⭐⭐⭐⭐,5.0,0.0,2026-07-11 13:57:33,play_store,,359d3c62-6f09-403b-8b37-7b1fc5bfa76b,PRICE_VALUE,,"['fruits', 'vegetables']",False,positive
d1ce1cb6-a175-47cd-9ea7-d459a543e53f,super fast delivery 👌,5.0,0.0,2026-07-11 13:45:53,play_store,,d1ce1cb6-a175-47cd-9ea7-d459a543e53f,SERVICE_NOISE,,[],False,positive
f5e39b5d-40da-46d9-a4eb-be915f8362ff,cash on delivery is available add 20 B. Dr sarat Banerjee road Kolkata 29,5.0,0.0,2026-07-11 13:31:45,play_store,,f5e39b5d-40da-46d9-a4eb-be915f8362ff,SERVICE_NOISE,,[],False,positive
fe315cae-31f6-4cd1-a2b2-f36bb700a5f1,Good product and fast delivery,5.0,0.0,2026-07-11 13:31:06,play_store,,fe315cae-31f6-4cd1-a2b2-f36bb700a5f1,SERVICE_NOISE,,[],False,positive
6cbbcc7c-650a-49ab-89e7-0f96bc768596,Priti Agarwal the delivery is so fast,5.0,0.0,2026-07-11 13:21:28,play_store,,6cbbcc7c-650a-49ab-89e7-0f96bc768596,SERVICE_NOISE,,[],False,positive
86d1abb9-0a68-4bcb-9164-4b0554e3242d,Didn't get the 100 rupees off on the first ever order.,1.0,0.0,2026-07-11 13:21:12,play_store,,86d1abb9-0a68-4bcb-9164-4b0554e3242d,SERVICE_NOISE,,[],False,negative
e930bbec-0fa7-40e6-88ff-3a8d1bb7ef72,Fraudulent Practices by zepto customer service employees,1.0,1.0,2026-07-11 12:52:58,play_store,,e930bbec-0fa7-40e6-88ff-3a8d1bb7ef72,SERVICE_NOISE,,[],False,negative
8bb52a2d-cafc-4739-8f8f-20abae598930,sab chij acchi milati hai 10 minute ka time dikhate hain 11-minute mein aati Hai,5.0,0.0,2026-07-11 12:39:35,play_store,,8bb52a2d-cafc-4739-8f8f-20abae598930,SERVICE_NOISE,,[],False,mixed
1fde4c8d-9fd7-43b8-9a5c-f3d5169e0060,"very bad experience... they delivered totally different items. none of the items I received was what I ordered. when I contacted help and support they said ""it was correctly delivered for our side"" but it clearly wasn't. said nothing can be done. i have filled a case in consumer court",1.0,0.0,2026-07-11 12:33:49,play_store,,1fde4c8d-9fd7-43b8-9a5c-f3d5169e0060,SERVICE_NOISE,,[],False,negative
9b695c9f-76e1-420a-86f4-32b7e6e9343f,"one of the worst customer service, no action due to their negligence, wrong and damaged items delivered with poor hygiene. needs to take serious action for their service. patel nagar new delhi branch is worst",1.0,0.0,2026-07-11 12:19:51,play_store,,9b695c9f-76e1-420a-86f4-32b7e6e9343f,SERVICE_NOISE,TRUST_QUALITY,[],False,negative
c72974c1-4f29-429b-8b83-6ab9d514eb5d,"Worst customer care service. Firstly they deliver rubbish items and when you raise a complaint they totally disagree as if customer is telling lie. I have been delivered a pack of 50 grams Javitri (Mace) which is totally crushed just like powder, when I raised the issue with customer care they simply refused to do anything about the issue.",1.0,96.0,2026-07-11 12:16:02,play_store,,c72974c1-4f29-429b-8b83-6ab9d514eb5d,TRUST_QUALITY,SERVICE_NOISE,['spices'],False,negative
e4d00ec8-993f-4a16-9f7b-973363a9d051,Pathetic service! once you buy a product ( no matter what condition they are delivering you). They won't take it back FULL STOP,1.0,0.0,2026-07-11 12:14:10,play_store,,e4d00ec8-993f-4a16-9f7b-973363a9d051,SERVICE_NOISE,,[],False,negative
faa0a551-0efd-40bd-85c7-a9f1ac6ec33c,"Regular Zepto customer,but fresh produce quality keeps getting worse.Ordered 1kg pomegranates; only 3 of 8 were usable,the rest were unripe/spoiled.Support sent only a template reply claiming quality checks.This isn't the first time-torn banana leaves,poor raw mangoes,rotten spring onions and stale coriander too.Premium prices deserve better quality.Uninstalling this app and will never use it again.Not recommended. Guys please spend your earnings wisely.",1.0,0.0,2026-07-11 12:13:37,play_store,,faa0a551-0efd-40bd-85c7-a9f1ac6ec33c,TRUST_QUALITY,HABIT_AUTOPILOT,"['fruits', 'vegetables']",False,negative
2366f240-1336-40e8-879d-fb55d60aed47,"Zepto is the worst delivery app. They delivered an expired product, and even after I reported it, they neither exchanged it nor processed a refund. Now I'm stuck with the expired product. What am I supposed to do with it? I've never had this kind of experience with other delivery apps. My very first order turned out to be a terrible experience.",1.0,0.0,2026-07-11 12:08:56,play_store,,2366f240-1336-40e8-879d-fb55d60aed47,TRUST_QUALITY,SERVICE_NOISE,[],False,negative
02946bf6-7999-4a61-bbce-bdfa64a783c9,sometimes I don't receive the instant,4.0,0.0,2026-07-11 11:29:04,play_store,,02946bf6-7999-4a61-bbce-bdfa64a783c9,SERVICE_NOISE,,[],False,negative
454c27d1-9563-4c5d-ac3e-f46831c76d67,delivery drivers r good,5.0,0.0,2026-07-11 11:18:29,play_store,,454c27d1-9563-4c5d-ac3e-f46831c76d67,SERVICE_NOISE,,[],False,positive
ba0c3215-e0bd-44ee-8e47-bd08cb434e59,I ordered for some product..and it delayed without any reason...and when I asked the status and I was talking with agent they cancelled my order..,1.0,0.0,2026-07-11 11:14:13,play_store,,ba0c3215-e0bd-44ee-8e47-bd08cb434e59,SERVICE_NOISE,,[],False,negative
165ca8e8-b872-41a4-8060-20208e092054,Bombay stove is bad product need help,1.0,0.0,2026-07-11 10:58:00,play_store,,165ca8e8-b872-41a4-8060-20208e092054,TRUST_QUALITY,,['household'],False,negative
caf73db8-0976-408e-bb1f-24d5956bc47a,Ben's are little apoil,3.0,0.0,2026-07-11 10:45:37,play_store,,caf73db8-0976-408e-bb1f-24d5956bc47a,TRUST_QUALITY,,[],False,negative
813bf415-e484-4e1e-87ba-5b30a7fd0615,they fully expired product and they won't give your money back so many times i ordered all time they give already opened product fully dirty product so don't order in zepto now i order the limca some fully spoiled and on that limca small small white warms 🤮💀 worst experience in zepto don't order in zepto and don't weast your money they don't give ah proper closer also don't use zepto becuz you going to lose the money for expiry product and dirty product fully small insects,1.0,0.0,2026-07-11 10:38:01,play_store,,813bf415-e484-4e1e-87ba-5b30a7fd0615,TRUST_QUALITY,SERVICE_NOISE,['beverages'],False,negative
4bbc63c9-32a3-48ca-a215-f0e13047d6d3,Onion & Tomato ki quality bahoot poor aati hai.,5.0,0.0,2026-07-11 10:33:01,play_store,,4bbc63c9-32a3-48ca-a215-f0e13047d6d3,TRUST_QUALITY,,['vegetables'],False,negative
1f1c5438-d306-4801-bd42-ba82572f3fea,"I would give them a negative rating if the option was available. One of the worst customer service, keep going back and forth on emails and they never accept that they send damaged and tampered goods. Choose blinkit or Instamart over them.",1.0,1.0,2026-07-11 10:14:54,play_store,,1f1c5438-d306-4801-bd42-ba82572f3fea,TRUST_QUALITY,SERVICE_NOISE,[],False,negative
27c2b2fa-bfdc-4fbe-a4fb-4311a3ff0ea6,poor delivery services... always fail in time commitment.... worst staff...,1.0,0.0,2026-07-11 10:14:15,play_store,,27c2b2fa-bfdc-4fbe-a4fb-4311a3ff0ea6,SERVICE_NOISE,,[],False,negative
7c363dbc-da6f-4818-99e1-9f7561454763,This app is a scam. They always deliver about to expire product. I have been recieving about to expire worse quality product last few orders. I had only noticed the quality issues during consumption because i was busy. These people are playing with customer health. Do not use this platform. Pay few bucks extra and use other options who deliver quality products!!!!!,1.0,0.0,2026-07-11 10:07:52,play_store,,7c363dbc-da6f-4818-99e1-9f7561454763,TRUST_QUALITY,HABIT_AUTOPILOT,[],False,negative
e74d3703-5b66-44d7-8573-11ee8a6430df,"Horrible experience, we ordered around 4 liters of milk and all of them were spoilt, it looks like they don't refrigerate and their customer care refused to refund saying that it met their standard checks and all were passed. This is my last order with Zepto",1.0,0.0,2026-07-11 09:44:42,play_store,,e74d3703-5b66-44d7-8573-11ee8a6430df,TRUST_QUALITY,,['milk'],False,negative
246ae243-3639-465e-bf81-30d22a681486,"no way to resolve issues even smaller. recently I placed an order , received partial quantity of 1 item. i have tried help on app but it closed with one sided their own notion. sent multiple emails but same disappointing reply everytime. i have repeatedly asked for evidence that you sent me correct quantity but didn't get it yet. just to make it clear i am following on zepto support email for this and that doesn't help at all.",1.0,0.0,2026-07-11 09:42:28,play_store,,246ae243-3639-465e-bf81-30d22a681486,SERVICE_NOISE,,[],False,negative
d578f8be-3850-4e56-8088-aede6c92a6d3,"⭐☆☆☆☆ Extremely disappointing experience. Zepto delivered an expired Lotus Passion Fruit Shrikhand. The product's expiry date was 06-07-2026, but it was delivered to me on 11-07-2026, five days after expiry. Delivering expired dairy products is a serious food safety issue and is completely unacceptable. While the refund has been initiated, this does not compensate for the inconvenience or the potential health risk. Zepto must improve its inventory management and quality control. SMLHJJRCD25992",1.0,0.0,2026-07-11 09:34:27,play_store,,d578f8be-3850-4e56-8088-aede6c92a6d3,TRUST_QUALITY,,['dairy'],False,negative
0c2ec031-4dd9-4019-a6e9-0179ea4403c2,"worst communication.. as am telling product s missing, they responding can't repay.. then what's solution.. again addressed via email, for name sake giving a call ..",1.0,0.0,2026-07-11 09:23:54,play_store,,0c2ec031-4dd9-4019-a6e9-0179ea4403c2,SERVICE_NOISE,,[],False,negative
8d202a13-1aae-4aba-a099-fb52b4ffb077,civil line store se fek order bhut bhut ho rhe hai,5.0,0.0,2026-07-11 09:06:51,play_store,,8d202a13-1aae-4aba-a099-fb52b4ffb077,SERVICE_NOISE,,[],False,negative
ad314ae7-8058-43f9-92b4-59f47535e7f6,excellent delivery experience,5.0,0.0,2026-07-11 09:02:39,play_store,,ad314ae7-8058-43f9-92b4-59f47535e7f6,SERVICE_NOISE,,[],False,positive
9d5fe6a2-0151-47bc-a52b-74f325f930df,pathetic. my account is on hold. not even me I have 3 mobile no and from all when I try to login it shows ur account on hold. what is the reason behind?,1.0,0.0,2026-07-11 08:55:40,play_store,,9d5fe6a2-0151-47bc-a52b-74f325f930df,SERVICE_NOISE,,[],False,negative
57ebb581-a31c-4e29-b169-ce9847c8a057,Check expire date before selling the product,1.0,0.0,2026-07-11 08:45:23,play_store,,57ebb581-a31c-4e29-b169-ce9847c8a057,TRUST_QUALITY,,[],False,negative
3491d605-27ea-4dcd-9ec1-0600955dcbdf,Bekar experience hai mil ayea kharb nikla itni request Dali koi update nhi dea,1.0,0.0,2026-07-11 08:43:32,play_store,,3491d605-27ea-4dcd-9ec1-0600955dcbdf,SERVICE_NOISE,,[],False,negative
db483337-2fd9-4927-b465-ad382fecf881,Everything In minutes door step used for old-age people younger ones too,5.0,0.0,2026-07-11 08:33:14,play_store,,db483337-2fd9-4927-b465-ad382fecf881,SERVICE_NOISE,,[],False,positive
d7857990-428d-4da7-b019-51d4a503b88e,This morning I ordered chicken in zepto and received completely spoiled chicken unable to raise the complaint requesting call back from customer service,1.0,0.0,2026-07-11 08:29:15,play_store,,d7857990-428d-4da7-b019-51d4a503b88e,TRUST_QUALITY,,['chicken'],False,negative
e0ee656d-f5c3-4ea9-9619-fce42ea542ad,good app for daily needs,5.0,0.0,2026-07-11 08:24:11,play_store,,e0ee656d-f5c3-4ea9-9619-fce42ea542ad,SERVICE_NOISE,,[],False,positive
b414d836-7cf3-4456-b5f2-021773a02014,"I don't know nowadays there is many fradulants in zepto delivery partners , I faced a unforgettable situation today 11/7/2026,the reason is that I filled every details correctly and the delivery partners does a cheat to take high amount of tip the kind of cheat he is doing that he arrived at a wrong spot/location like 300m away and after I send my live location and he arrived at my location then he take ₹50 tip for just 300m ,actually the maximum tip for every plateform is ₹10-30,I'll delete it",1.0,0.0,2026-07-11 08:10:28,play_store,,b414d836-7cf3-4456-b5f2-021773a02014,SERVICE_NOISE,,[],False,negative
f77145a3-88c6-427e-a2ea-05b3933930f7,thank you so much happy,5.0,0.0,2026-07-11 07:59:12,play_store,,f77145a3-88c6-427e-a2ea-05b3933930f7,SERVICE_NOISE,,[],False,positive
90434682-6067-490d-bbd5-c803c0fc8f4d,Worst grocery app I have ever seen... Expiry date products with no easy refunds,1.0,0.0,2026-07-11 07:53:05,play_store,,90434682-6067-490d-bbd5-c803c0fc8f4d,TRUST_QUALITY,,[],False,negative
baadbfd3-1f4d-4980-947d-0e340c5370f3,very good app useful app,5.0,0.0,2026-07-11 07:47:50,play_store,,baadbfd3-1f4d-4980-947d-0e340c5370f3,SERVICE_NOISE,,[],False,positive
9cfb6478-f17d-48f1-b59e-daec0cad154d,"Added later: so, I mailed to the email u have shared in ur reply. no response so far( more than 3months) is this some kind of an eyewash? Original: Ordered a party curtain with lights. The order got delivered without led lights. zepto refused to replace the item. They wud love our trust vut willnot trust the customers in return. I have uninstalled the app and no more coming back.",1.0,0.0,2026-07-11 07:44:47,play_store,,9cfb6478-f17d-48f1-b59e-daec0cad154d,SERVICE_NOISE,,[],False,negative
41e8a57f-3ec5-414f-82f6-a4aab3b428b1,"Fraudulent service and worst customer support! I ordered items including Electral ORS packets, but 1 packet was missing in the delivery. When I contacted customer care, they flatly refused to give a refund or send the missing item. They take full payment but don't deliver all items. Beware of this app, they don't value honest customers. Completely unprofessional!",1.0,0.0,2026-07-11 07:02:04,play_store,,41e8a57f-3ec5-414f-82f6-a4aab3b428b1,SERVICE_NOISE,,['medicines'],False,negative
3a1ba92e-07e0-4dc6-a27a-dfe831d710b9,fastest delivery ever in just 3 min,5.0,0.0,2026-07-11 04:41:58,play_store,,3a1ba92e-07e0-4dc6-a27a-dfe831d710b9,SERVICE_NOISE,,[],False,positive
222a4cf6-261d-4302-9812-0063c0848a9c,"Delivered wrong quantity of the product and on return of the product, no refund is given. Very poor customer support. Other than email and messaging mechanism there is no customer support number to speak with customer care executive or seek resolution. Refunds are not given in case of any defect in the products.",1.0,0.0,2026-07-11 04:06:21,play_store,,222a4cf6-261d-4302-9812-0063c0848a9c,SERVICE_NOISE,,[],False,negative
68ed1ed4-abe0-4283-a1dd-860bdd9815d7,Never order from zepto totally fraud app always deliver curdle milk n expire products.n wid no replacement n refund.worst app seen ever so far.boycot zepto.,1.0,0.0,2026-07-11 03:11:23,play_store,,68ed1ed4-abe0-4283-a1dd-860bdd9815d7,TRUST_QUALITY,SERVICE_NOISE,['milk'],False,negative
1d8fb979-43df-4a24-b544-f925771cc388,"Very unfair algorithm. They penalize loyal customers. They keep increasing delivery charges, search fees, and handling fees for regular users while giving big offers to new ones. Switching to Swiggy Instamart forever.",1.0,0.0,2026-07-11 02:27:06,play_store,,1d8fb979-43df-4a24-b544-f925771cc388,PRICE_VALUE,,[],False,negative
bc3b493a-89f0-4c5f-8681-a5b31c9f519f,excellent experience and fast delivery and fresh plus well packaging,5.0,0.0,2026-07-11 02:26:23,play_store,,bc3b493a-89f0-4c5f-8681-a5b31c9f519f,SERVICE_NOISE,,[],False,positive
8be8f7c1-fdfe-493a-9997-72b59ff9b7c2,Very good experience.,5.0,0.0,2026-07-11 02:25:16,play_store,,8be8f7c1-fdfe-493a-9997-72b59ff9b7c2,SERVICE_NOISE,,[],False,positive
f3e2f80f-ab40-4bcc-821e-437cae59c3b7,"worst application, with worst customer support",1.0,0.0,2026-07-11 01:37:05,play_store,,f3e2f80f-ab40-4bcc-821e-437cae59c3b7,SERVICE_NOISE,,[],False,negative
9263e16a-0dcf-4f03-ba01-e4ee07a4cbf6,zepto is best online delivery app because his not charge delivery fee late night fee best app,5.0,0.0,2026-07-11 01:16:42,play_store,,9263e16a-0dcf-4f03-ba01-e4ee07a4cbf6,PRICE_VALUE,,[],False,positive
d3503c63-cdc9-4b11-b39c-9036997efa14,"Fast delivery, good discount Offers.",5.0,0.0,2026-07-11 01:06:30,play_store,,d3503c63-cdc9-4b11-b39c-9036997efa14,PRICE_VALUE,,[],False,positive
d579dc0f-5d7c-4b7e-ac16-a0849a68a479,one of the best apps for groceries. best experience in surat.,5.0,0.0,2026-07-11 00:58:27,play_store,,d579dc0f-5d7c-4b7e-ac16-a0849a68a479,SERVICE_NOISE,,['groceries'],False,positive
38a7958a-a94a-49a5-9465-e8472ebb5eaf,Nice ossam snakes Thank-you zepto,5.0,0.0,2026-07-11 00:38:48,play_store,,38a7958a-a94a-49a5-9465-e8472ebb5eaf,SERVICE_NOISE,,['snacks'],False,positive
482f3a2c-9f8f-4352-9756-8f25f904bbe3,keep more unavailable items.,4.0,0.0,2026-07-11 00:37:30,play_store,,482f3a2c-9f8f-4352-9756-8f25f904bbe3,DISCOVERY_GAP,,[],False,negative
0be7bcee-80c9-47b2-a2c7-849ac8c17ee1,"Worst customer service experience with Zepto. I ordered cool drinks expecting them to be chilled, but they arrived completely warm. To make matters worse, Zepto hides behind a rigid ""no return policy"" for items they fail to deliver properly. I had to waste 3 hours of my time arguing with their support bot and agents just to get help. If you can't deliver items in the condition promised, don't sell them. Unacceptable behavior and zero accountability! #ZeptoConsumerHelp Very very very very very",1.0,0.0,2026-07-11 00:00:48,play_store,,0be7bcee-80c9-47b2-a2c7-849ac8c17ee1,SERVICE_NOISE,,['cool drinks'],False,negative
1d021653-00e9-4bdd-9449-eb6ced546e46,"Very disappointing experience. I reported a missing item worth over 500 rupees within minutes of delivery, but the complaint was rejected with a generic response saying the seller confirmed delivery. Even after escalating to the grievance team, I received the same template reply. There is no proper way to reach support other than email, and no fair investigation was conducted. Pathetic customer support and an even worse grievance process. I expected much better from Zepto.",1.0,0.0,2026-07-10 23:54:14,play_store,,1d021653-00e9-4bdd-9449-eb6ced546e46,SERVICE_NOISE,,[],False,negative
ba546ed5-5b72-4712-baed-a243b6b18a86,I always prefer Zepto first.,5.0,0.0,2026-07-10 23:52:55,play_store,,ba546ed5-5b72-4712-baed-a243b6b18a86,HABIT_AUTOPILOT,,[],False,positive
ac343528-fa15-4b79-9113-9f590d1a694e,I like zepto delivery timing good price low,5.0,0.0,2026-07-10 23:38:04,play_store,,ac343528-fa15-4b79-9113-9f590d1a694e,HABIT_AUTOPILOT,PRICE_VALUE,[],False,positive
f756a1ba-a6f9-44cb-944a-a174a7bfcf65,The riders should work on their behavior to us... I know there are few good riders who behave well in terms of helping nature towards us... (by us i mean that we the customers).if this cannot be done then I don't think the zepto's days are over soon .... it's just a possibility.. plz teach them some soft skills so that at least with customers.... they should behave well... afterall u r representing a big nd reputed company. that's all I want to improve as I am a zepto rider,5.0,0.0,2026-07-10 23:07:04,play_store,,f756a1ba-a6f9-44cb-944a-a174a7bfcf65,SERVICE_NOISE,,[],False,negative
4783d0b0-1484-4e9c-9333-70bb2b043e86,I am not able to raise a complaint against the wrong product getting delivered .There are big loopholes in the help and support section. This is really disappointing.In todays morden/AI era this mistake are makes this app really vulnerable.,1.0,0.0,2026-07-10 23:07:03,play_store,,4783d0b0-1484-4e9c-9333-70bb2b043e86,SERVICE_NOISE,,[],False,negative
d3052217-a637-48e1-8ffd-d81b51c41131,Orders are so delayed . its 15 mins never ends before 60 mins. Worst app blinkit is much better than you .,1.0,0.0,2026-07-10 22:51:43,play_store,,d3052217-a637-48e1-8ffd-d81b51c41131,SERVICE_NOISE,,[],False,negative
9817ba7e-4f9d-4272-a8b8-be06446cbe52,Excellent and very quick service with best prices in the market.,5.0,0.0,2026-07-10 22:49:27,play_store,,9817ba7e-4f9d-4272-a8b8-be06446cbe52,SERVICE_NOISE,,[],False,positive
8d9a97b0-64c8-4e08-9c15-fa0e4093bd35,zepto service is very deley,1.0,0.0,2026-07-10 22:26:27,play_store,,8d9a97b0-64c8-4e08-9c15-fa0e4093bd35,SERVICE_NOISE,,[],False,negative
9c329de2-6329-49fc-8feb-fdc67560f819,rotten vegitable rotten potato rotten tommato,2.0,0.0,2026-07-10 22:19:43,play_store,,9c329de2-6329-49fc-8feb-fdc67560f819,TRUST_QUALITY,,"['vegetables', 'potato', 'tomato']",False,negative
6f54e834-2dea-48a3-aa8d-fb4fa9a65fdb,very bad app not reply any complain even not accept that they send it I recommend everyone not download this app I also uninstall this ap,1.0,0.0,2026-07-10 22:17:53,play_store,,6f54e834-2dea-48a3-aa8d-fb4fa9a65fdb,SERVICE_NOISE,,[],False,negative
f8de0ced-f6c8-45a8-b9ee-10c894603df0,"I had a very disappointing experience with Zepto. I received rotten mangoes, and we opened the box in front of the delivery partner. He clearly saw the spoiled fruits and advised me to raise a refund request through the Zepto app, refusing to take the items back because he said customer support would handle it. To my surprise, Zepto rejected my refund claim, stating that the delivered items were in good condition—without conducting any investigation or even speaking to the delivery partner.",1.0,0.0,2026-07-10 22:13:12,play_store,,f8de0ced-f6c8-45a8-b9ee-10c894603df0,TRUST_QUALITY,SERVICE_NOISE,"['fruits', 'mangoes']",False,negative
cd2e1754-1671-4e45-b160-c9b556dd1799,taste is the also gud and zepto all products is always gud 👍 and timeing is also best,5.0,0.0,2026-07-10 22:07:45,play_store,,cd2e1754-1671-4e45-b160-c9b556dd1799,HABIT_AUTOPILOT,,[],False,positive
2b34ba8c-3ff0-44ba-9788-0734df24a9cf,vey useful and perfect app but can not find total bill amount very easily,5.0,0.0,2026-07-10 22:00:16,play_store,,2b34ba8c-3ff0-44ba-9788-0734df24a9cf,SERVICE_NOISE,,[],False,mixed
f6768217-22fd-4cca-b631-8e7304f291c3,"Pathetic customer service. They deliver damaged products and dont even acknowledge it. Forget getting a return, they don't accept they delivered damaged products. Their customer care is of no use. I hope this app and company gets destroyed and bankrupt for looting people and doing this to innocent ones.",1.0,0.0,2026-07-10 21:58:28,play_store,,f6768217-22fd-4cca-b631-8e7304f291c3,SERVICE_NOISE,,[],False,negative
7c4cb9ee-cd50-4c56-a129-3b9a364f000a,"Zepto was good earlier and its service and products and customer care experience have started to worsen gradually. Even after complaints on missing items, which is via email, the AI is replying repeatedly the same thing over and over again with no logical resolution. The products they send at times are lying in their centre for months and they keep sending repeatedly the same product and I need to complain every time. Uninstalling your app. Shame on you, Zepto. ✌🏻",1.0,0.0,2026-07-10 21:48:58,play_store,,7c4cb9ee-cd50-4c56-a129-3b9a364f000a,SERVICE_NOISE,,[],False,negative
31365378-2236-4a6a-8f9e-e84af431cd7d,"Extremely disappointed with Zepto. I ordered urgent items before leaving for an important office meeting. My order was delayed for 1.5 hours while the app kept showing ""Delivery in 1 minute."" Finally, I was asked to cancel because the rider wasn't responding. I reached my office late, my meeting got delayed, and my refund is still pending. This level of service is highly unprofessional, misleading, and completely unacceptable. I have lost all trust in Zepto.",1.0,0.0,2026-07-10 21:22:04,play_store,,31365378-2236-4a6a-8f9e-e84af431cd7d,SERVICE_NOISE,,[],False,negative
fb3cd7c0-1311-4774-8580-5b3a84883f56,there app is not serviceable in my any location I don't like it everywhere that is showing not serviceable only,1.0,0.0,2026-07-10 21:13:37,play_store,,fb3cd7c0-1311-4774-8580-5b3a84883f56,SERVICE_NOISE,,[],False,negative
0c1ac6ca-45bf-4017-819c-bb46123b203f,gud app for fast delivery,5.0,0.0,2026-07-10 21:04:30,play_store,,0c1ac6ca-45bf-4017-819c-bb46123b203f,SERVICE_NOISE,,[],False,positive
60bff0f6-0a94-4539-a8d0-ff02786a4ef2,liars when selling the product they say 7 days return available once you want 5o return the product never accepts and also very hopeless customer service,1.0,0.0,2026-07-10 21:02:21,play_store,,60bff0f6-0a94-4539-a8d0-ff02786a4ef2,SERVICE_NOISE,,[],False,negative
1949ff74-8956-44fb-94a6-ab456dbb2286,"order cancelled multiple times without delivery attempt and no refund yet, worst no longer trust worthy",1.0,0.0,2026-07-10 21:01:05,play_store,,1949ff74-8956-44fb-94a6-ab456dbb2286,SERVICE_NOISE,,[],False,negative
3988d74b-e117-4c9f-901a-a65978856411,"I don't know who's mistake is this but zepto started doing frauds by sending empty boxes and missing items I have complained about this but not getting proper response from customer service team, I have already sent an email to your useless support team but not getting any proper response",1.0,0.0,2026-07-10 21:00:47,play_store,,3988d74b-e117-4c9f-901a-a65978856411,SERVICE_NOISE,,[],False,negative
188c8286-d3c8-4c46-96dd-9154d68fa40c,bad quality..not upto test,1.0,0.0,2026-07-10 20:42:47,play_store,,188c8286-d3c8-4c46-96dd-9154d68fa40c,TRUST_QUALITY,,[],False,negative
bfedb183-927d-497c-ad73-c675e02bbca5,"quality of sevice declining day to day... Rotten items to missing of itmes. No delivery of item if it is missing. Customer support is very very poor. Customer will leave this app, if you will continue tike this",1.0,0.0,2026-07-10 20:37:50,play_store,,bfedb183-927d-497c-ad73-c675e02bbca5,TRUST_QUALITY,SERVICE_NOISE,[],False,negative
b5b82f9f-a0a2-466d-846a-0bf01eb2c69b,very nice zepto is a fast parcel,5.0,0.0,2026-07-10 20:37:16,play_store,,b5b82f9f-a0a2-466d-846a-0bf01eb2c69b,SERVICE_NOISE,,[],False,positive
7d389eae-592c-48a9-92ed-c8707c7e2763,"Worst service and full of hidden charges , pathetic customer support",1.0,0.0,2026-07-10 20:37:11,play_store,,7d389eae-592c-48a9-92ed-c8707c7e2763,SERVICE_NOISE,,[],False,negative
b8d795ff-4106-49d0-bef6-bfff6bdc589f,Please recheck Stock and do not dump another brand and flavour just like that on the customer,1.0,0.0,2026-07-10 20:30:17,play_store,,b8d795ff-4106-49d0-bef6-bfff6bdc589f,DISCOVERY_GAP,,[],False,negative
51ee4687-c658-4423-972e-f113ba320544,these is good but in my location these to slow in my location,5.0,0.0,2026-07-10 20:29:41,play_store,,51ee4687-c658-4423-972e-f113ba320544,SERVICE_NOISE,,[],False,mixed
1d0d4156-6b93-4d6f-a062-829a00b6c3f5,The ads are annoying and continuous. There is no notification categories to stop ad notifications. The only way is to completely block all notifications from the app.,1.0,0.0,2026-07-10 20:25:36,play_store,,1d0d4156-6b93-4d6f-a062-829a00b6c3f5,SERVICE_NOISE,,[],False,negative
4ae3f01f-5d57-4915-8310-adbc70568738,good app help me all time,5.0,0.0,2026-07-10 20:25:09,play_store,,4ae3f01f-5d57-4915-8310-adbc70568738,SERVICE_NOISE,,[],False,positive
a88fe36f-7cec-4f69-ac06-1acab3688155,"Pathetic customer service. I paid for 2 shorts but received only 1. Instead of investigating, Zepto blindly accepted the seller's false claim that everything was delivered. No accountability, no resolution. Completely unacceptable and a breach of customer trust.",1.0,0.0,2026-07-10 20:23:01,play_store,,a88fe36f-7cec-4f69-ac06-1acab3688155,SERVICE_NOISE,,[],False,negative
82ad5a96-01e9-400f-a31c-8093bbfbd59a,packing was good but the stuff is was a little bit dirty also the polythene was also dirty from inside,5.0,0.0,2026-07-10 20:14:18,play_store,,82ad5a96-01e9-400f-a31c-8093bbfbd59a,TRUST_QUALITY,,[],False,negative
2a9406ba-496d-4621-a385-df7cd5fcde5a,"Extremely disappointed with Zepto's service. I placed a grocery order, but it was cancelled simply because the delivery partner was unwilling or unable to deliver to my address. This is completely unacceptable. Customers should not have their orders cancelled due to poor delivery management. Accepting an order and then cancelling it for operational reasons wastes the customer's time and shows a lack of reliability and accountability... worst experience..",1.0,0.0,2026-07-10 20:13:58,play_store,,2a9406ba-496d-4621-a385-df7cd5fcde5a,SERVICE_NOISE,,['grocery'],False,negative
6c1312fb-23f6-4bf9-8e8b-e19ee7b2787d,"good products, quick service, delivery person 👌👍",5.0,0.0,2026-07-10 20:11:48,play_store,,6c1312fb-23f6-4bf9-8e8b-e19ee7b2787d,SERVICE_NOISE,,[],False,positive
fb4311de-14e4-4553-b675-6304996a9a0a,worst experience on zepto.not a single order is delivered on time.this app doesn't deserve one star rating,1.0,0.0,2026-07-10 20:02:51,play_store,,fb4311de-14e4-4553-b675-6304996a9a0a,SERVICE_NOISE,,[],False,negative
0fc822a1-ee3f-4dde-b416-4403836856ce,item are missing and they don't have solution for that....,1.0,0.0,2026-07-10 19:48:11,play_store,,0fc822a1-ee3f-4dde-b416-4403836856ce,SERVICE_NOISE,,[],False,negative
fb081195-e009-47e7-ae46-db5d98eececd,I ordered milk from this app but the milk was curdled then I talk with consumer support but they didn't help me at last I throw the milk in dustbin and forgot my money shame on zepto consumer support,1.0,0.0,2026-07-10 19:44:10,play_store,,fb081195-e009-47e7-ae46-db5d98eececd,TRUST_QUALITY,SERVICE_NOISE,['milk'],False,negative
35b78b5a-f243-4b23-b4bb-a78ce988316d,its a worst app even after returning the product they have marked return as failed and even not refunded my amount worst app don't ever use it they are cheaters even there is no customer care number present there worst appp don't ever use it u will be badly cheated some day they don't even leave their loyal customers while cheating,1.0,0.0,2026-07-10 19:32:50,play_store,,35b78b5a-f243-4b23-b4bb-a78ce988316d,SERVICE_NOISE,,[],False,negative
626131db-6855-4558-a2ea-a3f93d48f906,DELIVERY CHARGES HIGH,2.0,0.0,2026-07-10 19:28:14,play_store,,626131db-6855-4558-a2ea-a3f93d48f906,PRICE_VALUE,,[],False,negative
9e448c17-025a-44f3-bb77-6734fc1f1e7b,"Terrible customer service. They delivered a package with missing items and completely refused to resolve the issue, blindly trusting the seller over the customer. Absolute lack of support accountability.",1.0,0.0,2026-07-10 19:25:51,play_store,,9e448c17-025a-44f3-bb77-6734fc1f1e7b,SERVICE_NOISE,,[],False,negative
f072db6a-ddd3-41c0-9060-2ea980aba2ee,"very poor costumer support, if the order is damage or been tempered, you should check it properly before delivering. not making us take the picture of the damage products and later say we spoke to the concern people, "" they said the products was given in the proper conditions"" so who is to be blamed? the staff working in the store or the costumers who are purchasing? please check that the things are properly sealed, no damage,stale or rotten, or expired and don't labeled again with the new date.",1.0,0.0,2026-07-10 19:12:48,play_store,,f072db6a-ddd3-41c0-9060-2ea980aba2ee,TRUST_QUALITY,SERVICE_NOISE,[],False,negative
defaa603-ab27-4242-aa22-5ba1015bbe14,"it's a very good app I'm using this app in Nagpur Maharashtra and their service is impressive, it's a very good app and sometimes I have found good discounts on products and groceries.",4.0,0.0,2026-07-10 18:58:34,play_store,,defaa603-ab27-4242-aa22-5ba1015bbe14,PRICE_VALUE,,['groceries'],False,positive
d7adbb76-2db1-46a4-91df-86c7afec8a2c,sending wrong items and advertising like they are the best. 👎👎,1.0,0.0,2026-07-10 18:56:55,play_store,,d7adbb76-2db1-46a4-91df-86c7afec8a2c,SERVICE_NOISE,,[],False,negative
e69f1791-248d-45ef-ac93-b09300db5c83,My location not working. Y reason,1.0,0.0,2026-07-10 18:32:30,play_store,,e69f1791-248d-45ef-ac93-b09300db5c83,SERVICE_NOISE,,[],False,negative
ecd33dfe-c564-4f1b-b076-708692f0adfc,"sending wrong items which are less in Price, and not any solution just keep sending, sorry mails. total scam app. worst service 😔",1.0,0.0,2026-07-10 18:31:50,play_store,,ecd33dfe-c564-4f1b-b076-708692f0adfc,SERVICE_NOISE,,[],False,negative
6f408aef-e61d-4b12-bacd-94570224af98,"Title: Terrible customer support for faulty items I have faced this issue multiple times now. Whenever Zepto delivers a faulty, rotten, or incorrect product, their customer service completely denies any refund or resolution. They take your money but refuse accountability when they make a mistake. Do not trust this app.If you cannot guarantee quality or provide basic customer service, you do not deserve a place on my phone. UNINSTALLED",1.0,0.0,2026-07-10 17:46:35,play_store,,6f408aef-e61d-4b12-bacd-94570224af98,TRUST_QUALITY,SERVICE_NOISE,[],False,negative
c7f68830-1800-4e0b-aad7-83bd37b191a0,better than yellow . orangeblue,5.0,0.0,2026-07-10 17:43:47,play_store,,c7f68830-1800-4e0b-aad7-83bd37b191a0,SERVICE_NOISE,,[],False,positive
5e1d6777-3591-4fa8-a235-665e85e86f22,cucumber support poor,1.0,0.0,2026-07-10 17:15:08,play_store,,5e1d6777-3591-4fa8-a235-665e85e86f22,SERVICE_NOISE,,['vegetables'],False,negative
b9a04d44-84ca-4c35-8b23-675ad46a33ce,hey zepto india i request to you that plz add cash on delivery and to many offers,1.0,0.0,2026-07-10 17:06:20,play_store,,b9a04d44-84ca-4c35-8b23-675ad46a33ce,SERVICE_NOISE,,[],False,neutral
f1ace4d6-4b25-4f3b-8894-7fcf6fe7130d,this app service is very bad their product quality is very poor they packaging the very bad like surf packet or acid packet all the products smell very badly or not able to eat the products when I emailed them to return the products they refused and not taken any action so I will suggest anyone to not use this app .,1.0,0.0,2026-07-10 17:01:54,play_store,,f1ace4d6-4b25-4f3b-8894-7fcf6fe7130d,TRUST_QUALITY,SERVICE_NOISE,[],False,negative
e005169c-ca19-4a87-8f0e-67b6c98cb53e,bahut achcha Saman hai,5.0,0.0,2026-07-10 16:57:32,play_store,,e005169c-ca19-4a87-8f0e-67b6c98cb53e,SERVICE_NOISE,,[],False,positive
0c24f191-5f57-42c1-9700-ecc90bfb9943,service bahut achi hai,5.0,0.0,2026-07-10 16:54:31,play_store,,0c24f191-5f57-42c1-9700-ecc90bfb9943,SERVICE_NOISE,,[],False,positive
638905fd-60cb-4443-b039-057323ff123e,deliver expired products / damaged products and doesn't respond customer service,1.0,0.0,2026-07-10 16:42:56,play_store,,638905fd-60cb-4443-b039-057323ff123e,TRUST_QUALITY,SERVICE_NOISE,[],False,negative
4b51dde8-b110-4392-aa42-48a39791ebcb,they cheat by sending wrong products and broken and melted things.... if u have any query... they won't let u in app... u have to write mails like the old times... total cheats!!!! pls don't download this app.... they make delivery free and finally cheat like this... beware!!!!,1.0,0.0,2026-07-10 16:40:16,play_store,,4b51dde8-b110-4392-aa42-48a39791ebcb,SERVICE_NOISE,,[],False,negative
40ab2bd2-1e99-47d0-8e29-c80914bdfc63,good quality and best price,4.0,0.0,2026-07-10 16:35:19,play_store,,40ab2bd2-1e99-47d0-8e29-c80914bdfc63,SERVICE_NOISE,,[],False,positive
2de16f45-3ecd-4800-a42e-13f72bd35a9c,referral option will not show,1.0,0.0,2026-07-10 16:27:49,play_store,,2de16f45-3ecd-4800-a42e-13f72bd35a9c,SERVICE_NOISE,,[],False,negative
63e82e8e-4d0f-4621-8be7-414f1952e7e0,partner behaviour was wrong,5.0,0.0,2026-07-10 16:12:15,play_store,,63e82e8e-4d0f-4621-8be7-414f1952e7e0,SERVICE_NOISE,,[],False,negative
837f3197-e3d8-408b-ad06-cdca488bb18f,please don't buy from zepto.there is no any customer support and product quality is too bad. return and exchange policy is totally kind of scam.it will show u 3 days but don't contact customer.plz don't use this app.delivery is always late.,1.0,0.0,2026-07-10 16:00:19,play_store,,837f3197-e3d8-408b-ad06-cdca488bb18f,TRUST_QUALITY,SERVICE_NOISE,[],False,negative
c35b2da2-e4fc-4a8e-a50c-21d7e955b83d,"Zepto raised limit for free delivery from 99 to149, today I wanted to place order for 165 rs but free limit was raised more, while at tha same time at other's mobile it was 149 only. My question is that how it can happen, different policy for different people, this is not fare.",1.0,1.0,2026-07-10 15:57:28,play_store,,c35b2da2-e4fc-4a8e-a50c-21d7e955b83d,SERVICE_NOISE,,[],False,negative
403b77a0-4fb3-4a8d-82eb-112a7c330a19,"when I open the app, it keeps closing automatically. It just crashes. fix it",1.0,0.0,2026-07-10 15:44:35,play_store,,403b77a0-4fb3-4a8d-82eb-112a7c330a19,SERVICE_NOISE,,[],False,negative
e4f8e482-0b57-48ee-874a-eb6af4aa85a1,very good service and reasonable price products,5.0,0.0,2026-07-10 15:26:51,play_store,,e4f8e482-0b57-48ee-874a-eb6af4aa85a1,SERVICE_NOISE,,[],False,positive
61486144-dc02-4dce-be23-81323cce0c95,"I can't login the app, and i ordered an adaptor and a cable worth 2000 and now it's not got. the app got fraud",1.0,0.0,2026-07-10 15:15:56,play_store,,61486144-dc02-4dce-be23-81323cce0c95,SERVICE_NOISE,,['electronics'],False,negative
cdd46c9e-3bb1-44c0-923e-78bdb3281325,too high rate of each material,1.0,0.0,2026-07-10 15:03:52,play_store,,cdd46c9e-3bb1-44c0-923e-78bdb3281325,PRICE_VALUE,,[],False,negative
5eab2678-acae-47e3-a884-513a9bced08e,"App is great, but the main thing delivery is too worst in my area there are taking 1hr just to deliver",2.0,0.0,2026-07-10 15:02:30,play_store,,5eab2678-acae-47e3-a884-513a9bced08e,SERVICE_NOISE,,[],False,mixed
0d845c96-fa97-4de2-9163-e25bed5602df,everything in minutes,5.0,0.0,2026-07-10 14:40:17,play_store,,0d845c96-fa97-4de2-9163-e25bed5602df,SERVICE_NOISE,,[],False,positive
5870188b-f774-443c-a41f-092a5290a548,Had a great experience in 1st order.,5.0,0.0,2026-07-10 14:37:39,play_store,,5870188b-f774-443c-a41f-092a5290a548,SERVICE_NOISE,,[],False,positive
d2e765f8-ed74-466c-9b26-ce1b306deebe,one one time bad quality,2.0,0.0,2026-07-10 14:31:40,play_store,,d2e765f8-ed74-466c-9b26-ce1b306deebe,TRUST_QUALITY,,[],False,negative
96612d52-1aaf-492d-8d6a-94c78a498d5c,very easy to use and on time delivery,5.0,0.0,2026-07-10 14:16:18,play_store,,96612d52-1aaf-492d-8d6a-94c78a498d5c,SERVICE_NOISE,,[],False,positive
63089f3c-a4af-4a8f-ad56-77141ac74404,Carts are unserviceable.prducts are not available.consumes are harrassed.,2.0,0.0,2026-07-10 14:04:02,play_store,,63089f3c-a4af-4a8f-ad56-77141ac74404,SERVICE_NOISE,,[],False,negative
2c37e6f0-484f-4944-8037-60a7637a243a,they sell bad mango rotten ones and their support don't help either,1.0,0.0,2026-07-10 14:01:56,play_store,,2c37e6f0-484f-4944-8037-60a7637a243a,TRUST_QUALITY,SERVICE_NOISE,['fruits'],False,negative
be871349-6eef-4885-8221-fc2d4a3ed17c,more items may include like 5lit water bottle etc,5.0,0.0,2026-07-10 13:59:49,play_store,,be871349-6eef-4885-8221-fc2d4a3ed17c,DISCOVERY_GAP,,['household'],False,negative
4302a834-a464-4f57-9448-97bf1bfc8a95,"Warning: Verify product weights on Zepto before accepting deliveryPlease be careful and double-check your item weights when ordering from Zepto. I have noticed a consistent issue where the app delivers less quantity than advertised, and their return policy makes it difficult to get a fair resolution.I recently ordered a 500g cucumber and received it in a sealed 450g package. I highly recommend verifying the weight of your items immediately upon delivery. In my experience, it is much more reliabl",5.0,0.0,2026-07-10 13:56:56,play_store,,4302a834-a464-4f57-9448-97bf1bfc8a95,TRUST_QUALITY,SERVICE_NOISE,['vegetables'],False,negative
393ddcb5-222c-4075-94f8-95b2eab6d9be,This is the worst and most fraudulent app.They sent me the wrong items and didnt respond to the helpline.,1.0,0.0,2026-07-10 13:45:41,play_store,,393ddcb5-222c-4075-94f8-95b2eab6d9be,SERVICE_NOISE,,[],False,negative
db9f2f07-07f6-4944-9775-7ba6854b204c,Not getting any Referral option in application,4.0,0.0,2026-07-10 13:37:12,play_store,,db9f2f07-07f6-4944-9775-7ba6854b204c,SERVICE_NOISE,,[],False,negative
94686f84-1430-4e12-a565-3574842859cc,dudh and dahi hamesha bekar aata hai zepto se and they do not refund,1.0,0.0,2026-07-10 13:34:34,play_store,,94686f84-1430-4e12-a565-3574842859cc,TRUST_QUALITY,SERVICE_NOISE,['dairy'],False,negative
bf6fe0d5-a678-46aa-b58b-e4816bdbace4,very bad customer support here,1.0,1.0,2026-07-10 13:26:49,play_store,,bf6fe0d5-a678-46aa-b58b-e4816bdbace4,SERVICE_NOISE,,[],False,negative
4422c177-9359-4492-8baf-334c45a7fea7,very worst company as a service,1.0,0.0,2026-07-10 13:22:29,play_store,,4422c177-9359-4492-8baf-334c45a7fea7,SERVICE_NOISE,,[],False,negative
dff34582-d6d3-4cbb-8ffe-e39de5035cb0,nice no delivery charges like other and reasonable price and value for money go for it,5.0,0.0,2026-07-10 13:15:29,play_store,,dff34582-d6d3-4cbb-8ffe-e39de5035cb0,PRICE_VALUE,,[],False,positive
0960ae35-5d23-4ab8-87f6-884ef0979227,claims if we buy for ₹99 free delivery now not it increases to ₹149 why? nandini Milk blue pack 1 liter most of the time it get curdled while heating it's too loss for me. customer care doesn't provide refund/replacement,2.0,0.0,2026-07-10 13:12:53,play_store,,0960ae35-5d23-4ab8-87f6-884ef0979227,TRUST_QUALITY,SERVICE_NOISE,['milk'],False,negative
7c0153ca-f164-4b86-891c-0d3c0dc681dc,best product/ super ⏩ fast delivery 🚚,5.0,0.0,2026-07-10 12:59:29,play_store,,7c0153ca-f164-4b86-891c-0d3c0dc681dc,SERVICE_NOISE,,[],False,positive
f44aef54-8eca-4d8b-a41a-dc558629dbb0,worst service ever this app is looting app,1.0,0.0,2026-07-10 12:59:21,play_store,,f44aef54-8eca-4d8b-a41a-dc558629dbb0,SERVICE_NOISE,,[],False,negative
de7ea455-c216-4bd2-9923-b6a7f6c226f0,"very bad experience with zepto uninstalling this app forever now,",1.0,0.0,2026-07-10 12:40:34,play_store,,de7ea455-c216-4bd2-9923-b6a7f6c226f0,SERVICE_NOISE,,[],False,negative
0bf17ac0-9553-452a-844c-252ffb178a1d,"worst experience till now. received 3 products 2 are less quantity and 1 was rotton, I raised issue then the customer support closed my chat box without my concern or just left me with those rotten products. name of the member was sirisha bojja. MY ISSUE HAS NOT BEEN RESOLVED TILL NOW.",1.0,0.0,2026-07-10 12:32:19,play_store,,0bf17ac0-9553-452a-844c-252ffb178a1d,TRUST_QUALITY,SERVICE_NOISE,[],False,negative
ac9e1aca-59b5-4d92-acf6-629cc29354aa,"Dear Zepto Owner, If you are reading this, please respond to my complaint. I am a Zepto delivery partner. We spend 30–60 minutes completing RTO (Return to Origin) orders, but we don't receive any payment for that time and effort. Even after contacting the store captain, our issues are not resolved and we don't get proper support. Please look into this matter, improve rider support, and ensure fair payment for RTO orders. Thank you.",1.0,0.0,2026-07-10 12:31:26,play_store,,ac9e1aca-59b5-4d92-acf6-629cc29354aa,SERVICE_NOISE,,[],False,negative
15b17e75-6dda-4756-b252-45ba0d4c0107,"1 Star Very disappointing experience with Zepto Cafe. I ordered Chole Kulcha, but the quality was poor and it seemed stale, which upset my stomach. The taste and freshness were not up to the mark. I expected much better quality. I'd rather order from Zomato, where the food quality has generally been more reliable.",1.0,0.0,2026-07-10 12:28:13,play_store,,15b17e75-6dda-4756-b252-45ba0d4c0107,TRUST_QUALITY,MENTAL_MODEL,['food'],False,negative
b916f7ef-9df0-4abd-aeb5-00a4ad96e5ba,"usefull, highly recommend 👍😊",5.0,0.0,2026-07-10 12:17:52,play_store,,b916f7ef-9df0-4abd-aeb5-00a4ad96e5ba,SERVICE_NOISE,,[],False,positive
3f8c46fe-8a0c-417b-8f60-2ef516098c0c,"Very disappointed. I found an insect inside the sooji packet, which is a serious hygiene issue. Also, I ordered regular tomatoes but received hybrid tomatoes instead. Poor quality control and incorrect delivery. I've requested a refund and hope Zepto improves its product checks before dispatching orders.",1.0,0.0,2026-07-10 12:10:32,play_store,,3f8c46fe-8a0c-417b-8f60-2ef516098c0c,TRUST_QUALITY,SERVICE_NOISE,"['vegetables', 'grains']",False,negative
2bd49be8-286f-4123-917e-b2adb351cd8c,milk packet expired item received no exchange no refund,1.0,0.0,2026-07-10 12:06:23,play_store,,2bd49be8-286f-4123-917e-b2adb351cd8c,TRUST_QUALITY,SERVICE_NOISE,['milk'],False,negative
bb134575-01f3-4798-a59d-06ffd68bc501,itne bekar service to instamart and flipkart bhi nhi deta jitna zepto deta h faltu si mail dal deta h aur kheta h ispe enquiry bhejo aur jab zepto ki mail pe enquiry bhejo to koi response nhi,1.0,0.0,2026-07-10 12:00:59,play_store,,bb134575-01f3-4798-a59d-06ffd68bc501,SERVICE_NOISE,,[],False,negative
272fbad8-92aa-4fc0-ba42-aafa172bff8e,fraud apps don't install product kharb bhejta hain nd fir return nahi krta account par hold laga deta hain.,1.0,0.0,2026-07-10 11:45:22,play_store,,272fbad8-92aa-4fc0-ba42-aafa172bff8e,TRUST_QUALITY,SERVICE_NOISE,[],False,negative
8ac0bcc3-a888-454d-9955-02dbb9c5d005,don't show the referral link for refering,1.0,0.0,2026-07-10 11:45:21,play_store,,8ac0bcc3-a888-454d-9955-02dbb9c5d005,SERVICE_NOISE,,[],False,negative
bbd74dfb-2153-4273-9765-c9c9e0c76738,"I'm pretty sure the reviews scores are bought because there's no way this app has a rating that high. How do you even run an e-commerce business with zero customer support? I placed my order an hour ago and it still says order arriving in 5 mins. I try to contact support and guess what, it's a chatbot. A chatbot that just spams the same 5 replies at you and is incapable of actually doing ANYTHING. Never using this app again.",1.0,0.0,2026-07-10 11:41:20,play_store,,bbd74dfb-2153-4273-9765-c9c9e0c76738,SERVICE_NOISE,,[],False,negative
049c4a53-fee0-48f5-bf18-ea763e42d68a,"""Extremely disappointed with Zepto's terrible management. I ordered Brooke Bond Red Label Natural Care (250g) for ₹170, but they delivered a cheap substitute, Tata Tea Agni (250g), which costs only ₹75. When I raised a return, it took them over an hour just to pick it up. This is not a one-off mistake. Out of 10 orders, 9 times I receive either the wrong item, missing items, or expired products. There is zero quality control or management. I have had the worst experience multiple times now.",1.0,0.0,2026-07-10 11:36:22,play_store,,049c4a53-fee0-48f5-bf18-ea763e42d68a,TRUST_QUALITY,SERVICE_NOISE,['tea'],False,negative
5c83faa3-8f18-45bc-a36b-6927b6a9a742,Delivery schedule 10-11A.M. yesterday night but it's 11.30 A.M. but still not received my order. Where is 10 minutes Delivery policy?,1.0,0.0,2026-07-10 11:31:13,play_store,,5c83faa3-8f18-45bc-a36b-6927b6a9a742,SERVICE_NOISE,,[],False,negative
ba70020a-cf81-4be9-b05f-a85f3df926b5,very bad experience no coustember support,1.0,0.0,2026-07-10 11:27:14,play_store,,ba70020a-cf81-4be9-b05f-a85f3df926b5,SERVICE_NOISE,,[],False,negative
e21cb34d-011d-451c-a1b2-3059a4ea1359,Good but thoda or jyada fast delivery chahiye,5.0,0.0,2026-07-10 11:16:47,play_store,,e21cb34d-011d-451c-a1b2-3059a4ea1359,SERVICE_NOISE,,[],False,mixed
3171a47c-2fb3-4553-9471-1c09a1923381,all vegetables are spoil and less quantity what is this please refund my money I have trusted zepto and I order everytime,1.0,0.0,2026-07-10 11:15:26,play_store,,3171a47c-2fb3-4553-9471-1c09a1923381,TRUST_QUALITY,HABIT_AUTOPILOT,['vegetables'],False,negative
90ad894e-6869-4ae4-9843-ea45e7ea27ab,"easy to buy, quick delivery, everything is frus",5.0,0.0,2026-07-10 11:09:44,play_store,,90ad894e-6869-4ae4-9843-ea45e7ea27ab,SERVICE_NOISE,,[],False,positive
64c78ffa-a6b7-4fdf-a867-909cff2364e0,"I got wrong product delivered,even after sharing the pic of what I got n what I should have got, zepto is not accepting the mistake, either they are blind as they can't see the difference as its very obvious or just plain gundagardi is whats happening.Despite all the relevant details given customercare people are just mailing me that seller checked nothing is wrong, first of all I don't know seller why zepto customer care is telling me what seller is saying?such an obvious mistake no resolution",1.0,0.0,2026-07-10 11:09:16,play_store,,64c78ffa-a6b7-4fdf-a867-909cff2364e0,SERVICE_NOISE,,[],False,negative
193ada36-2d7a-472f-b6c1-c5277338ae7d,please instruct to delivery boy always be careful about glass items just like sauce bottles,5.0,0.0,2026-07-10 11:05:59,play_store,,193ada36-2d7a-472f-b6c1-c5277338ae7d,SERVICE_NOISE,,['sauces'],False,negative
e3afc9f4-ffc9-4b29-a14e-92778d685fa7,it shows that the order will come in 13 minutes but it took more than an hour and that is after they cancelled my order twice,1.0,0.0,2026-07-10 10:43:18,play_store,,e3afc9f4-ffc9-4b29-a14e-92778d685fa7,SERVICE_NOISE,,[],False,negative
01eea6f7-8e1d-4eef-85b1-ce9dfb16e6b5,"best app for us, খুব ভাল, সব জিনিস খুব কম দামের মধ্যেই পাওয়া যায়❤️❤️❤️❤️। thank you zepto for the best online service providing for the people's 😊❤️😊❤️",4.0,0.0,2026-07-10 10:33:43,play_store,,01eea6f7-8e1d-4eef-85b1-ce9dfb16e6b5,SERVICE_NOISE,,[],False,positive
f327cc70-5e6a-456b-b992-0fbf2cc9d968,i receive damge or small insects in that itime,1.0,0.0,2026-07-10 10:32:04,play_store,,f327cc70-5e6a-456b-b992-0fbf2cc9d968,TRUST_QUALITY,,[],False,negative
704cc98a-2a8b-4a2b-811b-d1bbed430443,No refund for damaged products.,1.0,0.0,2026-07-10 10:32:00,play_store,,704cc98a-2a8b-4a2b-811b-d1bbed430443,SERVICE_NOISE,,[],False,negative
1e784805-c20b-4360-a7b8-308a8a149835,disgusting app no customer while Ordering,1.0,0.0,2026-07-10 10:24:43,play_store,,1e784805-c20b-4360-a7b8-308a8a149835,SERVICE_NOISE,,[],False,negative
64278884-c9c6-4aa8-99ab-e5f451e720b7,spoiled milk delivered. when i formally complained about that with images of it no response from customer care. absolutely worse customer care service in this day and age.,1.0,0.0,2026-07-10 10:09:07,play_store,,64278884-c9c6-4aa8-99ab-e5f451e720b7,TRUST_QUALITY,SERVICE_NOISE,['milk'],False,negative
5af74ec5-1508-4fa0-94d6-b43b481c2c60,yes received very good,5.0,0.0,2026-07-10 09:58:58,play_store,,5af74ec5-1508-4fa0-94d6-b43b481c2c60,SERVICE_NOISE,,[],False,positive
b7471065-cd20-4bf4-8b9e-ace02e1fe25e,they delivered a faulty safari bag and not processing my return or exchange. frauds. now I wasted 600+ rupees on a bag that will not close. great scam. congrats.,1.0,0.0,2026-07-10 09:58:44,play_store,,b7471065-cd20-4bf4-8b9e-ace02e1fe25e,SERVICE_NOISE,,[],False,negative
27b57765-12dd-447d-bdf0-0ac3069202a0,Delievering Curdled milk & Sour Dahi No one is there to help in customer care have balance in zepto wallet once it get finished will delete the Account,1.0,0.0,2026-07-10 09:58:27,play_store,,27b57765-12dd-447d-bdf0-0ac3069202a0,TRUST_QUALITY,SERVICE_NOISE,"['milk', 'dahi']",False,negative
683f52fd-624c-4552-baee-6138d3055cb4,excellent working at Lucknow by zepto.They try to send best products,5.0,0.0,2026-07-10 09:45:57,play_store,,683f52fd-624c-4552-baee-6138d3055cb4,SERVICE_NOISE,,[],False,positive
5cdf1a60-efb6-48de-832a-3cd794003571,"Very disappointing experience. Most of the time, Zepto delivers a different product under the same category instead of what I ordered. For example, I ordered an ice cream worth ₹100 but received one worth around ₹60. I also ordered bread worth ₹65 and got a ₹40 bread instead. This has happened multiple times. It feels like this has become a new way for Zepto to earn extra money at customers' expense. Completely unacceptable.",1.0,0.0,2026-07-10 09:43:20,play_store,,5cdf1a60-efb6-48de-832a-3cd794003571,SERVICE_NOISE,,"['ice cream', 'bread']",False,negative
c3e9a3ae-10de-479d-a492-a01e61961d75,"please people Don't buy in Zepto.They send expired and very bad quality of Product.Specially vegetables,Colddrink,all eatable items.",1.0,0.0,2026-07-10 09:33:54,play_store,,c3e9a3ae-10de-479d-a492-a01e61961d75,TRUST_QUALITY,,"['vegetables', 'cold drinks', 'eatable items']",False,negative
9e0f37aa-c9d6-4e13-9f6e-71741a58e499,zepto provide best rate.,5.0,0.0,2026-07-10 09:19:15,play_store,,9e0f37aa-c9d6-4e13-9f6e-71741a58e499,PRICE_VALUE,,[],False,positive
a7f325cc-9a3b-4f99-94f1-d41ecaceaa1d,zepto is bluffing with the customers by delivering expired products my giving some hope s of sample free products very bad experience really very upset they have return facility but not answering i usually get expired products I just deleted the app as my money gets wasted 😔 4.2 rating is wrong this app should not get any rating it should be bicoted,1.0,0.0,2026-07-10 09:00:52,play_store,,a7f325cc-9a3b-4f99-94f1-d41ecaceaa1d,TRUST_QUALITY,SERVICE_NOISE,[],False,negative
91797263-d98c-4a6c-a15b-77437fea19cf,good service to customers from zepto.,5.0,0.0,2026-07-10 08:57:11,play_store,,91797263-d98c-4a6c-a15b-77437fea19cf,SERVICE_NOISE,,[],False,positive
277978b7-aa84-453c-af0c-11d2fb1e99b3,in my zepto app I can see refer code option,1.0,0.0,2026-07-10 08:47:39,play_store,,277978b7-aa84-453c-af0c-11d2fb1e99b3,SERVICE_NOISE,,[],False,neutral
d33d7935-4165-425e-b683-12c1fe247cff,worst app... expired products the main part is I have ordered a big order which has 32 items and 21 items... my one product is missing... and customer service is not helpful at all .. when I have paid I have the right to get my refund... I have mailed the customer support for 2 days.. but the response was worthless...,1.0,0.0,2026-07-10 08:43:43,play_store,,d33d7935-4165-425e-b683-12c1fe247cff,SERVICE_NOISE,TRUST_QUALITY,[],False,negative
72af5c60-cf4e-4331-b5ef-b9b70d12b656,Great app for anything and everything,5.0,0.0,2026-07-10 08:42:42,play_store,,72af5c60-cf4e-4331-b5ef-b9b70d12b656,SERVICE_NOISE,,[],False,positive
e12b0514-89a6-46b1-8c12-02dac79799e6,deliver on the time 😀,5.0,0.0,2026-07-10 08:20:24,play_store,,e12b0514-89a6-46b1-8c12-02dac79799e6,SERVICE_NOISE,,[],False,positive
aa885dbd-9e15-4c83-80ef-ddbe24ebea8c,milk rarely comes fresh and have quality issues,1.0,0.0,2026-07-10 08:09:03,play_store,,aa885dbd-9e15-4c83-80ef-ddbe24ebea8c,TRUST_QUALITY,,['milk'],False,negative
b79cfbf7-a01c-4795-9594-1df3fe2afc02,good store very helpful,5.0,0.0,2026-07-10 06:58:43,play_store,,b79cfbf7-a01c-4795-9594-1df3fe2afc02,SERVICE_NOISE,,[],False,positive
0735d41f-a4e9-44c2-a112-d5a8e3a5a4c2,Wonderful and fast services of Zepto...I m very thankful to each and every person of Zepto family,5.0,0.0,2026-07-10 06:54:22,play_store,,0735d41f-a4e9-44c2-a112-d5a8e3a5a4c2,SERVICE_NOISE,,[],False,positive
5da80deb-3426-42f4-97e3-c9b18dac3417,time waste app not open I' waste,1.0,0.0,2026-07-10 06:53:36,play_store,,5da80deb-3426-42f4-97e3-c9b18dac3417,SERVICE_NOISE,,[],False,negative
c2a1393a-4c3a-4ad3-8b15-8aca1500877e,Don't buy anything from these fraudsters. They deliver damaged products and then shamelessly claim that everything was sent in perfect condition. Their customer support is completely unhelpful and refuses to take responsibility. There are plenty of better alternatives available—don't waste your money or your trust on them. I'm uninstalling this app right now.,1.0,0.0,2026-07-10 06:40:42,play_store,,c2a1393a-4c3a-4ad3-8b15-8aca1500877e,SERVICE_NOISE,TRUST_QUALITY,[],False,negative
0328b54d-f767-4014-85eb-37ee9841ee6b,The worst app works on your api and mapping algorithm so the rider gets the exact delivery location. p.s blinkit is far better than you,1.0,0.0,2026-07-10 05:31:35,play_store,,0328b54d-f767-4014-85eb-37ee9841ee6b,SERVICE_NOISE,,[],False,negative
8672b10c-01b6-4710-a8f0-7cf1d4db1b65,Great App Zepto THX 😊,5.0,0.0,2026-07-10 04:30:46,play_store,,8672b10c-01b6-4710-a8f0-7cf1d4db1b65,SERVICE_NOISE,,[],False,positive
f3465d24-a211-493c-a2a3-21f0d97c6955,Life saver for a women who feel unsafe to go out at night..very helpful ..thanx zepto,5.0,0.0,2026-07-10 02:48:00,play_store,,f3465d24-a211-493c-a2a3-21f0d97c6955,SERVICE_NOISE,,[],False,positive
a74925bb-6b75-483e-aa81-239924fd6a59,very bad service and even worse redressal of issues. zero accountability and big big cheaters.,1.0,0.0,2026-07-10 02:47:40,play_store,,a74925bb-6b75-483e-aa81-239924fd6a59,SERVICE_NOISE,,[],False,negative
2411d9d5-769c-4e96-b2a1-273708d017b4,cheaters..if cancelled due to non availability of your riders then refund also not giving.,1.0,0.0,2026-07-10 02:46:53,play_store,,2411d9d5-769c-4e96-b2a1-273708d017b4,SERVICE_NOISE,,[],False,negative
0604333c-8c46-4330-b356-0c0e6baf522f,Very rude behaviour by your representative Name MIZBAH BEGAM,1.0,0.0,2026-07-10 01:24:16,play_store,,0604333c-8c46-4330-b356-0c0e6baf522f,SERVICE_NOISE,,[],False,negative
085183d9-f9b2-43f2-98e7-fa44e69b2968,zepto is very fast and delivered boy is very good I am happy,2.0,0.0,2026-07-10 00:29:25,play_store,,085183d9-f9b2-43f2-98e7-fa44e69b2968,SERVICE_NOISE,,[],False,positive
e1f55417-e035-4077-839c-398e161d6ba2,"Extremely disappointed with Zepto's customer service. I ordered two torches. One works perfectly, but the other is completely defective—it doesn't turn on, doesn't charge, and even the charging LED never lights up. I shared clear video proof, but support keeps sending the same copy-paste reply saying the product matches the description. They refuse to provide a refund or replacement without properly reviewing the evidence. Very poor after-sales support.",1.0,0.0,2026-07-10 00:22:59,play_store,,e1f55417-e035-4077-839c-398e161d6ba2,SERVICE_NOISE,TRUST_QUALITY,['electronics'],False,negative
ece7fdec-8cdf-4ea7-b59f-94385b3b750e,worst experience their customer service isn't working at all I got rotten chicken and i want to complain about it and i can't file it bucz it's not workinh,1.0,0.0,2026-07-09 23:42:09,play_store,,ece7fdec-8cdf-4ea7-b59f-94385b3b750e,SERVICE_NOISE,TRUST_QUALITY,['chicken'],False,negative
ffb94e55-61e2-484a-9aba-b677206e42e2,delivery partners are fraud and cancel the order without waiting for a minute and without a single call.,1.0,0.0,2026-07-09 23:30:03,play_store,,ffb94e55-61e2-484a-9aba-b677206e42e2,SERVICE_NOISE,,[],False,negative
49a6ad81-54fd-42ea-a051-2fe15de3ebe6,"Open Fraud & Theft by Riders! I ordered 910g oil (₹183) but got 750g (₹143). Raised exchange, rider put correct packet in my lowered bag, took a photo, but then stole it back & left the wrong one. I raised a return. Same rider came 3rd time, took the product, marked ""Return Unsuccessful"" on app, and sped away! Now, chat option is disabled. No product, no refund of my ₹183. Riders are openly looting customers. Check Ticket ID/Order immediately! Pathetic experience😓",1.0,0.0,2026-07-09 23:18:17,play_store,,49a6ad81-54fd-42ea-a051-2fe15de3ebe6,SERVICE_NOISE,TRUST_QUALITY,['oil'],False,negative
6e439038-ac80-43f9-85ce-0e890c646480,best appoo for students and middle class family,5.0,0.0,2026-07-09 23:16:13,play_store,,6e439038-ac80-43f9-85ce-0e890c646480,SERVICE_NOISE,,[],False,positive
90689930-362f-4510-b889-25b995a15339,zepto is bad service damage milke is selling,5.0,0.0,2026-07-09 23:15:10,play_store,,90689930-362f-4510-b889-25b995a15339,TRUST_QUALITY,,['milk'],False,negative
11098b00-7f65-435c-b198-5a04786c623b,the worst delivery app ... says 15 min to deliver ...but it takes more than an hour ... the service provided is poor .. don't waste time in zepto,1.0,0.0,2026-07-09 23:11:38,play_store,,11098b00-7f65-435c-b198-5a04786c623b,SERVICE_NOISE,,[],False,negative
8d738cbe-4b8d-46b1-bd98-6b7f89775ff6,"awesome service, keep going",5.0,0.0,2026-07-09 23:09:06,play_store,,8d738cbe-4b8d-46b1-bd98-6b7f89775ff6,SERVICE_NOISE,,[],False,positive
acb6952e-f880-4aa6-9c37-f8ebde84e13c,"Using Zepto almost every week it's so much helpful for me ordering from this app while sitting home. Amazing service and a greatest delivery team members. Very much Thankful to Zepto for creating such magnificent services for all of us. Appreciate your efforts and work. Very much Thankful to you Zepto, your whole team members and all your delivery team members for all your kind support to us and amazing work you all are doing. Heartfelt Gratitude Always!!",5.0,0.0,2026-07-09 23:07:10,play_store,,acb6952e-f880-4aa6-9c37-f8ebde84e13c,HABIT_AUTOPILOT,,[],False,positive
0f522488-4ae8-4455-bf09-8b897441c300,Rotten Vegetables are sent,1.0,0.0,2026-07-09 23:00:56,play_store,,0f522488-4ae8-4455-bf09-8b897441c300,TRUST_QUALITY,,['vegetables'],False,negative
a678ceb0-88bc-49b2-a03e-7a20a7d6e9b5,green chilli is missing,1.0,0.0,2026-07-09 22:57:04,play_store,,a678ceb0-88bc-49b2-a03e-7a20a7d6e9b5,SERVICE_NOISE,,['green chilli'],False,negative
bebdb91a-4888-448a-833b-ecef7e2b695b,"worst delivery experience, it shows delivery in 7mins and once payment is done then it shows 50 mins and even after 1 hrs no delivery partner can be asign because of shortage and even refund would take 7 to 8 days if cancel... please zepto work on this or we have different options as well like blinkit which take some extra money for handling but delivery in time",1.0,0.0,2026-07-09 22:51:05,play_store,,bebdb91a-4888-448a-833b-ecef7e2b695b,SERVICE_NOISE,PRICE_VALUE,[],False,negative
f3008079-1519-4689-91e0-c91f18ae183d,I don't know they block my all accounts,1.0,0.0,2026-07-09 22:47:27,play_store,,f3008079-1519-4689-91e0-c91f18ae183d,SERVICE_NOISE,,[],False,negative
e8200d72-7e42-4dfb-aff5-62ac6463e15f,all good but ice cream does not come good,4.0,0.0,2026-07-09 22:44:45,play_store,,e8200d72-7e42-4dfb-aff5-62ac6463e15f,TRUST_QUALITY,,['ice cream'],False,mixed
27ab34be-f457-4dbf-a151-cc34bd3fe1b0,very bad service and comapny ke pass delivary ke liye bande tak nhi hai jo ki time par order la sake... mere lagbag sare order 30- 40 mint let hai jabki store se gher ki duri only 2.5 km hai..30 mint tak tho order hi recive nhi hote hai becouse company ke pas ladke hi nhi hai jo kam kar sake..,1.0,0.0,2026-07-09 22:41:13,play_store,,27ab34be-f457-4dbf-a151-cc34bd3fe1b0,SERVICE_NOISE,,[],False,negative
a0d3fb4f-5d05-4396-b5c6-efc2d00d25f0,"Actually, I had ordered two parcels. Due to sizing issues, I initiated an exchange for one and a return for the other. The delivery partner who came to collect the return ended up taking both parcels—the one meant for exchange as well as the one for return. Later, another delivery partner arrived—the one actually assigned to handle the exchange—and I told him that the previous partner had already taken the exchange parcel away. Since then, I haven't received a refund for it, and I have no idea",1.0,0.0,2026-07-09 22:39:22,play_store,,a0d3fb4f-5d05-4396-b5c6-efc2d00d25f0,SERVICE_NOISE,,[],False,negative
567c02e4-c2ce-482f-a67e-70a77ca76fc5,i don't get any help from zepto,1.0,0.0,2026-07-09 22:38:50,play_store,,567c02e4-c2ce-482f-a67e-70a77ca76fc5,SERVICE_NOISE,,[],False,negative
35cd7706-6b68-4311-ab6a-d246c347cc71,inka retun Or replace bilkul bekar hai mere sath 2 bar fraud ho chuka hai inke delivery boy ne Or inko bs message krte rhi koi fayeda nhi hota bs paise ek bar de diye to na product change hota hai nai paise Or inke customer care wale kuch nhi sunte ye customer ko hi galat bolte hai maine product retune kiya to dusra aaya or same expired date thi to wo return le gya or app pr show kr rha hai ki delivery ho gyi message pr jo delivery wale ka number hai wo sabse phle wale ka de rhe hai jo sabse las,1.0,0.0,2026-07-09 22:33:23,play_store,,35cd7706-6b68-4311-ab6a-d246c347cc71,SERVICE_NOISE,TRUST_QUALITY,[],False,negative
353ad0a9-bd37-4405-a01f-b64e5d89a6f7,"Excellent quality! All the vegetables were fresh, neatly packed, and delivered on time. Great experience with Zepto.",5.0,0.0,2026-07-09 22:29:36,play_store,,353ad0a9-bd37-4405-a01f-b64e5d89a6f7,SERVICE_NOISE,,['vegetables'],False,positive
c707998e-db8d-416e-9649-43ed7f4b8c48,worst experience i have order above 20000 rs of item got one item with damaged condition and these support staff of zepto aay they don't see any evidence keeping things in your store and not maintaining it and then making customer into trouble is not what you are here for,1.0,0.0,2026-07-09 22:28:48,play_store,,c707998e-db8d-416e-9649-43ed7f4b8c48,TRUST_QUALITY,,[],False,negative
9e95b76f-9b7d-47f2-956a-292f64c8c375,good product and fresh,5.0,0.0,2026-07-09 22:28:00,play_store,,9e95b76f-9b7d-47f2-956a-292f64c8c375,SERVICE_NOISE,,[],False,positive
356b499c-4556-433b-97ea-5426055d020c,very good quality and low price,5.0,0.0,2026-07-09 22:11:05,play_store,,356b499c-4556-433b-97ea-5426055d020c,SERVICE_NOISE,,[],False,positive
5c61cf09-9070-4f86-b9a4-31875aa8e703,someday wrong adress someday wrong items.. only for first 2-3 orders it was right after that everytime there was some problem.. it took minimum 1 hour to receive the order,1.0,0.0,2026-07-09 22:09:54,play_store,,5c61cf09-9070-4f86-b9a4-31875aa8e703,SERVICE_NOISE,,[],False,negative
4b9a43a4-342f-41dc-ba65-d9ca6c9abf23,today is 9 july and they delivered me bread expired on 26 june. now in the app it says to return I have to wait till tomorrow. no option to talk with support. what if I eaten that? will zepto take the responsibility for our health? there is a reason these guys sell things cheaper. do not shop from zepto by compromising your health,1.0,0.0,2026-07-09 22:06:27,play_store,,4b9a43a4-342f-41dc-ba65-d9ca6c9abf23,TRUST_QUALITY,,['bread'],False,negative
52b38736-30ec-4566-ab54-02ebc56c0c15,यह साले zepto वाले कस्टमर को पागल समझते हैं अभी मैं इसे दो पैकेट मिल्क आर्डर किया दोनों पैकेट मिल्क एक्सपायरी थे उसमें पहले से ही दही की तरह जमा था जब उसको खोला तो वह पूरी तरह से दही निकला है इनको कस्टमर केयर पर मैं मैसेज कर रहा हूं तो यह उधर से कोई जवाब नहीं दे रहे हैं,1.0,0.0,2026-07-09 22:04:53,play_store,,52b38736-30ec-4566-ab54-02ebc56c0c15,TRUST_QUALITY,,['milk'],False,negative
60d41ff5-872b-49e0-bec6-74d8f78d4328,"really fast,got within 10 minutes of placing the order at around 21.50hrs,good keep it up",5.0,0.0,2026-07-09 22:03:53,play_store,,60d41ff5-872b-49e0-bec6-74d8f78d4328,SERVICE_NOISE,,[],False,positive
ce6a0a73-8dd9-48ac-b97c-43e96bc06308,"Zepto is a very useless application. I had placed three orders through it which were above ₹100 but there was no delivery charge on it and what did it do, it removed one order from one of them.And then the order charge was applied again. Because of which I found this application very useless and I immediately uninstalled it.",1.0,0.0,2026-07-09 21:56:26,play_store,,ce6a0a73-8dd9-48ac-b97c-43e96bc06308,SERVICE_NOISE,,[],False,negative
f93bdda9-c98c-44bf-a5fd-c9be6f97a3a1,refer option not showing can't refer it to anyone 😕,1.0,0.0,2026-07-09 21:55:47,play_store,,f93bdda9-c98c-44bf-a5fd-c9be6f97a3a1,SERVICE_NOISE,,[],False,negative
781d50f9-3df8-4b0b-b15e-261d99d9dc85,Worst company in the history..... Uninstalling the app and really worst experience.....the customer support literally started abusing on the call....,1.0,0.0,2026-07-09 21:51:38,play_store,,781d50f9-3df8-4b0b-b15e-261d99d9dc85,SERVICE_NOISE,,[],False,negative
f08bb813-b63a-444a-9692-ba989ab299ed,zepto literally shows 6 min before ordering. but after ordering it jumps to 15+min..even worse it will take nearly 30min to get delivered. amazon now is way better.at lease they give realistic timeline,1.0,0.0,2026-07-09 21:39:03,play_store,,f08bb813-b63a-444a-9692-ba989ab299ed,SERVICE_NOISE,,[],False,negative
4f8b5a93-db7f-4b17-935e-2cb54f1a1a99,worst app to ever exist. always takes 30 mins to deliver despite the fact that the dark store is just 200 metres away from my house.,1.0,0.0,2026-07-09 21:34:51,play_store,,4f8b5a93-db7f-4b17-935e-2cb54f1a1a99,SERVICE_NOISE,,[],False,negative
097a25c6-6a1e-4f17-ab12-4e367414873a,they are just making fool of their customer first didn't deliver your complete order second their customer care executive didn't even listen to your complaints,1.0,0.0,2026-07-09 21:28:50,play_store,,097a25c6-6a1e-4f17-ab12-4e367414873a,SERVICE_NOISE,,[],False,negative
aee3e01f-b48b-4a0a-b0bb-c11f5746f661,they are sending stale and about to expire product and denied refund by just saying the seller has checked all item before dispatch even if you show them proof. now they have increased min order amount 149 to just show profit before bringing IPO. but if you are not resolving customer complain seriously then IPO will definitely fail.,1.0,0.0,2026-07-09 21:27:10,play_store,,aee3e01f-b48b-4a0a-b0bb-c11f5746f661,TRUST_QUALITY,,[],False,negative
049e9263-6fb8-42e7-baf1-38e913919e01,"Pathetic service. Zero/very poor return policy for defected products delivered. Also the response on the 'SO CALLED' support mail is even worse, they will respond then no follow up will be done.",1.0,0.0,2026-07-09 21:26:35,play_store,,049e9263-6fb8-42e7-baf1-38e913919e01,SERVICE_NOISE,,[],False,negative
c5b0f237-361b-4669-b5cb-a31d25c1c6e3,delivery is a very good. packing not good,5.0,0.0,2026-07-09 21:20:55,play_store,,c5b0f237-361b-4669-b5cb-a31d25c1c6e3,SERVICE_NOISE,,[],False,mixed
a6e770be-e5e3-485e-b55a-bb41bc185872,"I am extremely disappointed with my experience today. I placed two prepaid orders on Zepto, but both were cancelled due to item unavailability. If the items were not available, why were the orders accepted and delivery time committed? My money was also held, and my time was wasted. This reflects poor inventory management by the store and an unsatisfactory customer experience from Zepto. I request strict action against the concerned store and a proper resolution from Zepto.",1.0,0.0,2026-07-09 21:17:11,play_store,,a6e770be-e5e3-485e-b55a-bb41bc185872,SERVICE_NOISE,,[],False,negative
7c951d36-fdc7-421d-925b-e8c334837146,"I'm disappointed with how the payment issue has been handled. If this isn't resolved, I'll have no option but to uninstall the Zepto app. You'll be losing a loyal and regular customer, which I'd rather avoid. I hope you can resolve this matter as soon as possible.",1.0,0.0,2026-07-09 21:15:14,play_store,,7c951d36-fdc7-421d-925b-e8c334837146,SERVICE_NOISE,,[],False,negative
cc93b287-1128-4782-9c92-5e2def621f2a,fraud app i am going to file a complaint against this app,1.0,0.0,2026-07-09 21:09:47,play_store,,cc93b287-1128-4782-9c92-5e2def621f2a,SERVICE_NOISE,,[],False,negative
570902ad-b332-4bf4-872d-a0b6951a1ed1,worst app the delivery partners are scammers they don't return the change,1.0,0.0,2026-07-09 20:54:06,play_store,,570902ad-b332-4bf4-872d-a0b6951a1ed1,SERVICE_NOISE,,[],False,negative
c84808ee-95ec-4cef-b8a7-defee5d5af24,"Best Platform for the daily groceries, way more better than Blinkit and Instamart.",5.0,0.0,2026-07-09 20:51:01,play_store,,c84808ee-95ec-4cef-b8a7-defee5d5af24,SERVICE_NOISE,,['groceries'],False,positive
c37cb3d6-35cf-4892-a600-cc375794220e,"will not order again because an item was missing, but paid full payment of the order even though the item wasn't given and got said that it was delivery charge even though it says free delivery.... I'm pissed off because one of my items didn't arrived and had to pay for it.",1.0,0.0,2026-07-09 20:47:28,play_store,,c37cb3d6-35cf-4892-a600-cc375794220e,SERVICE_NOISE,,[],False,negative
6f8efc5d-ebcc-4529-b0e9-dc806c27bfd2,"very bad experience, no refund, no timely delivery,",1.0,0.0,2026-07-09 20:12:28,play_store,,6f8efc5d-ebcc-4529-b0e9-dc806c27bfd2,SERVICE_NOISE,,[],False,negative
12b5a2f3-2527-4ef2-a099-4f3463206d9d,why your delivery partner never contain cash please take it at a serious note,1.0,0.0,2026-07-09 20:11:20,play_store,,12b5a2f3-2527-4ef2-a099-4f3463206d9d,SERVICE_NOISE,,[],False,negative
41ebec3d-d1b7-4fd7-a3e4-199f25c0cb42,"sent a near expired product that had complete fungus on it, did not even acknowledge it , will think again before ordering.",1.0,0.0,2026-07-09 20:09:16,play_store,,41ebec3d-d1b7-4fd7-a3e4-199f25c0cb42,TRUST_QUALITY,SERVICE_NOISE,[],False,negative
064cbbd3-92db-4838-8620-f468e5a18559,"improved experience, updating my rating",5.0,0.0,2026-07-09 20:05:33,play_store,,064cbbd3-92db-4838-8620-f468e5a18559,SERVICE_NOISE,,[],False,positive
e5f2378e-0319-4ae9-bf32-10e923d21709,"worst app ghatiya,after wrong iteam delivery not replace not refund shame on you",1.0,0.0,2026-07-09 20:05:00,play_store,,e5f2378e-0319-4ae9-bf32-10e923d21709,SERVICE_NOISE,,[],False,negative
d1cebafb-1676-423c-a484-c84bbf5f3d57,worst refund policy. no live chat support. and providing support over email with unknown timeline.. very bad customer experience.,2.0,0.0,2026-07-09 19:57:03,play_store,,d1cebafb-1676-423c-a484-c84bbf5f3d57,SERVICE_NOISE,,[],False,negative
9fb50a01-9f42-4377-b47c-5003632cffbc,very good experience and faster delivery,5.0,0.0,2026-07-09 19:51:35,play_store,,9fb50a01-9f42-4377-b47c-5003632cffbc,SERVICE_NOISE,,[],False,positive
c42f6aa0-da71-4611-939c-c5f262e17c89,very useful app for everyday 😎😎,5.0,0.0,2026-07-09 19:48:46,play_store,,c42f6aa0-da71-4611-939c-c5f262e17c89,SERVICE_NOISE,,[],False,positive
bbc40973-6aa3-4820-b9a3-69332a2ae45c,it is reliable and delivered in good condition.,5.0,0.0,2026-07-09 19:38:27,play_store,,bbc40973-6aa3-4820-b9a3-69332a2ae45c,SERVICE_NOISE,,[],False,positive
d7b4c53f-1a34-4dae-84aa-1ab0f350c03b,Non supportive team leaders asking for solution by customer support doesnt help instead is just waste of time. Delivery executive are more worst then anyone else. The Leaders Team Executive is only good to guide how to exit the app instead of solution.,1.0,0.0,2026-07-09 19:35:36,play_store,,d7b4c53f-1a34-4dae-84aa-1ab0f350c03b,SERVICE_NOISE,,[],False,negative
36b93303-265d-4054-a6a3-7ab061bce2db,"Very poor quality control by Zepto in terms of electronic products i would recommend not to buy electronics from zepto. I received a USB extension cable today having 4 ports. on checking, 2 out of the ports are not working at all. Only 2 port is functional. For an electronic item, this is unacceptable. The product should have been checked before delivery. Raised a complaint but got very unprofessional resolution. Do not buy electronics from Zepto if they can't ensure basic quality checks.",1.0,0.0,2026-07-09 19:16:27,play_store,,36b93303-265d-4054-a6a3-7ab061bce2db,TRUST_QUALITY,SERVICE_NOISE,['electronics'],False,negative
1ac204f2-6709-4ade-a071-bc274e34571e,"My experience with Zepto was extremely disappointing. The Zap chatbot failed to understand that products were missing and kept treating it as a delivery delay. There was no option for me or the rider to cancel the order, and customer support only asked me to send an email instead of providing immediate help. This process is frustrating, inefficient, and shows a complete lack of proper customer support",1.0,0.0,2026-07-09 19:15:41,play_store,,1ac204f2-6709-4ade-a071-bc274e34571e,SERVICE_NOISE,,[],False,negative
5dce2155-d1cd-4e0a-8834-5e3f019e8690,very nice zepto delivery,3.0,0.0,2026-07-09 18:58:50,play_store,,5dce2155-d1cd-4e0a-8834-5e3f019e8690,SERVICE_NOISE,,[],False,positive
3dd7d8af-ec1a-45cb-9208-55a0e715f4ad,very bad experience. i ordered four packet of country delight milk. all the milk packets are curdled and what they ask me is to return the packet. how am I suppose to return an open packet. and their customer support said sorry and without even listening to further comment they ended the communication. extremely bad. use blinkit or insta better option.,1.0,0.0,2026-07-09 18:58:31,play_store,,3dd7d8af-ec1a-45cb-9208-55a0e715f4ad,TRUST_QUALITY,SERVICE_NOISE,['milk'],False,negative
f81d06b4-99b6-4415-98c1-67f1313cdd17,worst app ever no customer support and I am order something 1 product is missing,1.0,0.0,2026-07-09 18:56:18,play_store,,f81d06b4-99b6-4415-98c1-67f1313cdd17,SERVICE_NOISE,,[],False,negative
c8419450-1dd4-4fff-99b2-2662e2040f95,"I placed a 2-item order on Zepto for eggs and cigarettes. By mistake, I accidentally selected rolling paper/filters instead of the actual cigarettes. Realizing my error immediately, I tried to raise a return/replacement request right away. ​Instead of helping, the app kept giving me a glitchy error saying ""store is currently unavailable"" every single time I submitted the request. I tried repeatedly, but the system blocked me.",1.0,0.0,2026-07-09 18:50:19,play_store,,c8419450-1dd4-4fff-99b2-2662e2040f95,SERVICE_NOISE,,"['eggs', 'cigarettes']",False,negative
3c9a8455-06c7-4673-87a3-d098b1037384,Everything is good but why you extend free delivery charges and every when I ordered icecream it always melt,2.0,0.0,2026-07-09 18:41:23,play_store,,3c9a8455-06c7-4673-87a3-d098b1037384,TRUST_QUALITY,SERVICE_NOISE,['icecream'],False,mixed
5faf873d-f1b1-49c1-9648-bd05b3f9401d,meri location per order nahin a raha hai 🥺🥺,1.0,0.0,2026-07-09 18:39:36,play_store,,5faf873d-f1b1-49c1-9648-bd05b3f9401d,SERVICE_NOISE,,[],False,negative
896f9de4-9ac1-43e7-a093-6433eae98fec,"Looters, They Don't return and refund their items once it's delivered, keep sending generic frustrating mails. Don't rely on them if you are buying any Costly item or food. any edible item in their warehouses are replaced with low quality items as you know there are always Good and Bad for everything. so they are Selling Worst quality items labelling them premium quality. Edit:- As mentioned their support keeps sending generic mails without reading your email. I lost almost 160/- Beware!",1.0,0.0,2026-07-09 18:28:04,play_store,,896f9de4-9ac1-43e7-a093-6433eae98fec,TRUST_QUALITY,SERVICE_NOISE,['food'],False,negative
9cf170f4-f867-443b-836d-0576f6f7edd4,"The app is not good at all. Pathetic customer support! Whenever there's an issue, they simply ask you to write an email instead of resolving it. I ordered vegetables, and they arrived spoiled. Such a disappointing experience. Completely unhelpful support—I wouldn't recommend using this app for grocery orders.",1.0,0.0,2026-07-09 18:18:16,play_store,,9cf170f4-f867-443b-836d-0576f6f7edd4,TRUST_QUALITY,SERVICE_NOISE,['vegetables'],False,negative
bb3a7d92-6f40-4d92-9287-6fe3fb4715ae,"sometimes it takes to much time to log in, otp comes too late",1.0,0.0,2026-07-09 18:08:15,play_store,,bb3a7d92-6f40-4d92-9287-6fe3fb4715ae,SERVICE_NOISE,,[],False,negative
6539bdac-de93-420f-be5b-96bbfc3a09b8,no customer care service available. they change their policy after ordering the product The worst application don't get fraud bewared of this application,1.0,0.0,2026-07-09 18:05:26,play_store,,6539bdac-de93-420f-be5b-96bbfc3a09b8,SERVICE_NOISE,,[],False,negative
88aa0972-79db-4988-95f4-3589a41053ea,"worst app ever used, whenever I open it to order something it just blanks out the images or the items and only the names remain visible. Really very annoying",1.0,0.0,2026-07-09 18:02:34,play_store,,88aa0972-79db-4988-95f4-3589a41053ea,SERVICE_NOISE,,[],False,negative
6035898c-c11f-4483-83e1-9f5e870631e4,very nice but rate is high,5.0,0.0,2026-07-09 18:01:55,play_store,,6035898c-c11f-4483-83e1-9f5e870631e4,PRICE_VALUE,,[],False,negative
67783049-f55d-4ce3-951b-708c7d5e04be,"when my order is missing and some items are stole or rotten I go to customer care but it not answering or takes too late like wait for answers but it not give answers and not open saya something went wrong or couldn't possible to return , exchange or refund",1.0,0.0,2026-07-09 17:47:32,play_store,,67783049-f55d-4ce3-951b-708c7d5e04be,SERVICE_NOISE,TRUST_QUALITY,[],False,negative
e913aa94-9883-452a-89bc-783258c07e93,"pathetic customer service ,robotic keeps giving same answer",1.0,0.0,2026-07-09 17:45:49,play_store,,e913aa94-9883-452a-89bc-783258c07e93,SERVICE_NOISE,,[],False,negative
b2fc645e-11e7-4cfa-9947-8014886c18a7,"The problem is that refunds are not the solution. Customers don't order groceries just to get their money back later. We order them because we need them. By the time I realize the milk is spoiled, my meal is already delayed, and I have no choice but to place another order. That means I end up paying extra delivery fees, handling charges, platform fees, and other charges just to replace an item that should have been fresh in the first place. App Getting worse day by day.....",1.0,0.0,2026-07-09 17:25:06,play_store,,b2fc645e-11e7-4cfa-9947-8014886c18a7,TRUST_QUALITY,SERVICE_NOISE,['milk'],False,negative
af0772ae-cb09-4559-9d59-b8f4fc6437a2,reasonable price and good delivery food products keep it up,5.0,0.0,2026-07-09 16:47:27,play_store,,af0772ae-cb09-4559-9d59-b8f4fc6437a2,SERVICE_NOISE,,['food products'],False,positive
89c2806d-0595-4a1c-ac62-0a9c1b3f383b,they have me a 5 days expired yogurt and this isn't the first time. children who eat expired dates can really be harmful,1.0,0.0,2026-07-09 16:28:43,play_store,,89c2806d-0595-4a1c-ac62-0a9c1b3f383b,TRUST_QUALITY,,['yogurt'],False,negative
9782e7d2-94aa-41f6-ad29-407a0afdd81c,Don't buy ice cream on zepto they only giving melted icecream,1.0,0.0,2026-07-09 16:23:46,play_store,,9782e7d2-94aa-41f6-ad29-407a0afdd81c,TRUST_QUALITY,,['ice cream'],False,negative
16b88095-0ae3-4f02-9908-5979c3224fb0,it's very very good but sometimes the location which I gave you the correct location but the delivery partner will get confused and go with another and they just collapse so then if they call they will no they wenten wrong they reach the correct location,5.0,0.0,2026-07-09 16:04:41,play_store,,16b88095-0ae3-4f02-9908-5979c3224fb0,SERVICE_NOISE,,[],False,mixed
aa54a4a1-a15f-49a5-a1fa-b4ba23bcc51a,"I like to order in zepto as it arrives early,good products. . it is very comfortable and convenient to use it..promote to other cities and towns also...thank you for your service...keep going....",5.0,0.0,2026-07-09 15:56:19,play_store,,aa54a4a1-a15f-49a5-a1fa-b4ba23bcc51a,SERVICE_NOISE,,[],False,positive
ec18f3d0-4004-4eeb-88b4-875672de29b2,best online aap for shopping,5.0,0.0,2026-07-09 15:53:55,play_store,,ec18f3d0-4004-4eeb-88b4-875672de29b2,SERVICE_NOISE,,[],False,positive
8550287a-03fc-4a43-993b-c712fdc7db70,thug company they always know how to cheat the consumer,1.0,0.0,2026-07-09 15:50:45,play_store,,8550287a-03fc-4a43-993b-c712fdc7db70,SERVICE_NOISE,,[],False,negative
fc5b7e95-385f-4427-a228-dda927e4868e,very bad experience. always icecreams r melted. and no refund .cheaters .don't download this app. use other app,1.0,0.0,2026-07-09 15:45:19,play_store,,fc5b7e95-385f-4427-a228-dda927e4868e,TRUST_QUALITY,SERVICE_NOISE,['ice creams'],False,negative
46952d8b-528b-4e4e-a9b4-4c83ea4b9565,daily increase limit for free dilivery,1.0,0.0,2026-07-09 15:29:50,play_store,,46952d8b-528b-4e4e-a9b4-4c83ea4b9565,SERVICE_NOISE,,[],False,negative
5479371d-3b05-4e7a-919f-ef0422e7daf3,Good and Happy.Most quality #100%,5.0,0.0,2026-07-09 15:26:49,play_store,,5479371d-3b05-4e7a-919f-ef0422e7daf3,SERVICE_NOISE,,[],False,positive
698207a1-11f7-445e-a63d-e2365e28a87d,"Extremely disappointed. I placed an order specifically because the app advertised a 10-minute delivery time. It has now been 27 minutes, and the app hasn't even assigned a delivery partner to my order yet. If you can't fulfill your core promise of quick delivery, don't advertise it to get customers to buy. This was my last time using this service. Complete waste of time.",1.0,0.0,2026-07-09 15:05:01,play_store,,698207a1-11f7-445e-a63d-e2365e28a87d,SERVICE_NOISE,,[],False,negative
6af9adf9-d10c-47f3-a775-2430a0895b4e,Thank you for your service,5.0,0.0,2026-07-09 14:44:34,play_store,,6af9adf9-d10c-47f3-a775-2430a0895b4e,SERVICE_NOISE,,[],False,positive
cfbe1c62-03dc-4a11-af09-4653626df3b5,100% customer satisfaction,5.0,0.0,2026-07-09 14:43:55,play_store,,cfbe1c62-03dc-4a11-af09-4653626df3b5,SERVICE_NOISE,,[],False,positive
f9bb706e-d678-4728-8873-2231b586359e,expired items and worst service,1.0,0.0,2026-07-09 14:34:52,play_store,,f9bb706e-d678-4728-8873-2231b586359e,TRUST_QUALITY,SERVICE_NOISE,[],False,negative
97ee79f6-4aa4-42f7-bb05-d63bc5ec8d80,"stopped using zepto because whenever I open current delivery page, so many things to spin or scratch or whatever. disgusting",1.0,0.0,2026-07-09 14:08:47,play_store,,97ee79f6-4aa4-42f7-bb05-d63bc5ec8d80,SERVICE_NOISE,,[],False,negative
42544b56-3b4d-4670-934d-493dff1d50df,didn't get any first time offer from Zepto,3.0,0.0,2026-07-09 14:04:30,play_store,,42544b56-3b4d-4670-934d-493dff1d50df,SERVICE_NOISE,,[],False,negative
b92716cc-1244-4e6b-90ec-4f6f3ece42b5,this is best app please download this app,5.0,0.0,2026-07-09 14:02:02,play_store,,b92716cc-1244-4e6b-90ec-4f6f3ece42b5,SERVICE_NOISE,,[],False,positive
29aac910-4ef1-4199-9934-b949146e8dd0,product quality is very bad and not return or refund overall good delivery partner is good,1.0,0.0,2026-07-09 13:56:59,play_store,,29aac910-4ef1-4199-9934-b949146e8dd0,TRUST_QUALITY,SERVICE_NOISE,[],False,negative
63c85d70-9c70-49be-9fd1-65d8bbc33ff3,very Old vegetable and milk sum product if I completed they not taking action and refund,1.0,0.0,2026-07-09 13:37:34,play_store,,63c85d70-9c70-49be-9fd1-65d8bbc33ff3,TRUST_QUALITY,SERVICE_NOISE,"['vegetables', 'milk']",False,negative
5b1350d8-0126-491d-9563-519e63806751,"Zepto experience is quite good for me. You get good prices and quality at the same time. I don't have to go out and buy veggies n groceries,they are delivered to me in just 10 mins. I had few issues with one or two orders also. Thankfully the support helped me. So, I would urge Zepto to keep doing the good work and give fresh vegetables/fruits and good quality stuff so that your customers always stick to you. Kudos🙂",5.0,0.0,2026-07-09 13:34:51,play_store,,5b1350d8-0126-491d-9563-519e63806751,HABIT_AUTOPILOT,PRICE_VALUE,"['vegetables', 'groceries', 'fruits']",False,positive
3e22420e-8ab4-4b44-8377-8924fb165301,"I am really very frustrated with this app as there is no chat support in the app for the user and every time I have to pay a handling fee of rs 20 on each order, what a disgusting thing it is. very very disappointed with the service",1.0,0.0,2026-07-09 13:31:39,play_store,,3e22420e-8ab4-4b44-8377-8924fb165301,SERVICE_NOISE,,[],False,negative
31e1f152-f87e-4a5f-8d45-b42ff078134f,Did't receive the proper product,3.0,0.0,2026-07-09 13:27:58,play_store,,31e1f152-f87e-4a5f-8d45-b42ff078134f,SERVICE_NOISE,,[],False,negative
33456b1b-d1f6-4c77-b1c9-4ed9eace4fb7,my all time fav zepto .please ap अपना service assam main start kijiye silchar ghy in sab main.,5.0,0.0,2026-07-09 13:17:24,play_store,,33456b1b-d1f6-4c77-b1c9-4ed9eace4fb7,SERVICE_NOISE,,[],False,positive
26cb422d-aafe-4bef-959d-d007890fb175,please remove ask me anything beta feature it's make trouble while using in this app,3.0,0.0,2026-07-09 13:14:10,play_store,,26cb422d-aafe-4bef-959d-d007890fb175,SERVICE_NOISE,,[],False,negative
7945d05b-5e5b-4c6d-b23d-f2e8b1265de8,unable to see referral code,1.0,0.0,2026-07-09 13:05:54,play_store,,7945d05b-5e5b-4c6d-b23d-f2e8b1265de8,SERVICE_NOISE,,[],False,negative
13a89c3d-8be9-4560-8985-7ae72ecea14e,very bad experience. first time ordered they cancelled my order says bike kharab ho gyi hai when I say 30 mins me dusre rider se bhej do customer service says sorry no rider available very poor experience,1.0,0.0,2026-07-09 13:02:24,play_store,,13a89c3d-8be9-4560-8985-7ae72ecea14e,SERVICE_NOISE,,[],False,negative
767c4f0b-a4f1-46a8-a230-09d5e7c67366,"Dear Zepto Support, I am disappointed with my recent order. We requested the delivery executive to wait outside the gate while we counted the items because the order was already prepaid. However, he left before we finished checking. After verifying the items, we found that one item was missing from the order. Since the delivery executive had already gone, we could not report it immediately. I request a refund or replacement for the missing item and ask that delivery staff allow customers enough",1.0,0.0,2026-07-09 12:56:14,play_store,,767c4f0b-a4f1-46a8-a230-09d5e7c67366,SERVICE_NOISE,,[],False,negative
f34dbad9-5a15-4898-8cf1-b9f87a4952ae,very nice.. rate bhi jyada nhe or saman bhi vadia hai ji txs zepto good service,5.0,0.0,2026-07-09 12:50:58,play_store,,f34dbad9-5a15-4898-8cf1-b9f87a4952ae,SERVICE_NOISE,,[],False,positive
9a40400a-1631-4eb8-9765-3379902e46aa,nice app but now they are doing scam....handling charge is rs 40 .but not for everyone....its a fraud...4.6 rating is also a scam..,1.0,0.0,2026-07-09 12:46:40,play_store,,9a40400a-1631-4eb8-9765-3379902e46aa,SERVICE_NOISE,,[],False,negative
a67169ca-52c9-4599-8fde-f19c02455219,vry poo quality product u gave the customer,1.0,0.0,2026-07-09 12:39:06,play_store,,a67169ca-52c9-4599-8fde-f19c02455219,TRUST_QUALITY,,[],False,negative
54097019-862d-4276-b488-67caf45202b5,best delivery app good price and good taste,5.0,0.0,2026-07-09 12:15:43,play_store,,54097019-862d-4276-b488-67caf45202b5,SERVICE_NOISE,,[],False,positive
d86b8ecc-2a10-4c08-9af3-ff7c7f0fd5ed,location??????? problem,2.0,0.0,2026-07-09 12:09:22,play_store,,d86b8ecc-2a10-4c08-9af3-ff7c7f0fd5ed,SERVICE_NOISE,,[],False,negative
a5f3a83f-ca85-417b-9ab3-a2c4db388424,v.good zepto and v.fast delivery,5.0,0.0,2026-07-09 11:55:34,play_store,,a5f3a83f-ca85-417b-9ab3-a2c4db388424,SERVICE_NOISE,,[],False,positive
688e9432-c014-4940-9d9d-cea4799926ad,I think this good enough when you have money to buy more items,5.0,0.0,2026-07-09 11:55:21,play_store,,688e9432-c014-4940-9d9d-cea4799926ad,MENTAL_MODEL,,[],False,mixed
472f1ab2-124d-4a2b-aeb8-f707c965bce7,fast service and overall good 👍,5.0,0.0,2026-07-09 11:41:35,play_store,,472f1ab2-124d-4a2b-aeb8-f707c965bce7,SERVICE_NOISE,,[],False,positive
aa7f0ab3-d8f1-49b3-802d-4f3c83d4a12e,"Pathetic customer support. The chat doesn't even take any uploade photos—what's the point of having it then? The product was sour, foul-smelling, and had visible black spots. Photos clearly show the black spots, but taste and smell can't be captured in an image. I've kept the product aside for inspection if needed. I need an immediate refund, failing which I'll escalate the matter to the Consumer Court. Selling spoiled products is completely unacceptable. PROVIDE ME YOUR EMAIL ADDRESS TO FIX IT",1.0,0.0,2026-07-09 11:26:23,play_store,,aa7f0ab3-d8f1-49b3-802d-4f3c83d4a12e,TRUST_QUALITY,SERVICE_NOISE,[],False,negative
10d48097-16da-4e2e-b470-3b4c0908dcac,my one item missing please receive my item,1.0,0.0,2026-07-09 11:21:00,play_store,,10d48097-16da-4e2e-b470-3b4c0908dcac,SERVICE_NOISE,,[],False,negative
7f859f5b-e8a2-40c3-8c55-f6b45d51bd0b,zepto refferal code not reachable and not working fake app,1.0,0.0,2026-07-09 11:03:17,play_store,,7f859f5b-e8a2-40c3-8c55-f6b45d51bd0b,SERVICE_NOISE,,[],False,negative
6fe35ff4-d675-4da5-9ad2-65ddc29788c1,"First two orders the experience was good then it went downhill the product didn't match what was shown in the picture ordered normal carrots got baby carrots the raw banana it was not even worth the money. The customer service. The chat agents are completely incompetent, lazy, and arrogant. They just spam pre-stored copy-paste messages instead of reading. One female agent didn't even bother trying to resolve the issue and just aggressively shut down the chat. Teach them some professionalism",1.0,0.0,2026-07-09 10:55:36,play_store,,6fe35ff4-d675-4da5-9ad2-65ddc29788c1,TRUST_QUALITY,SERVICE_NOISE,['vegetables'],False,negative
c69e6425-9def-4b5b-bee7-c026e846472c,mostly they don't offer cash on delivery on many orders if zero star was there I will give 0 star,1.0,0.0,2026-07-09 10:53:17,play_store,,c69e6425-9def-4b5b-bee7-c026e846472c,SERVICE_NOISE,,[],False,negative
b13fdfb8-3cdd-4ebe-acab-324f86181278,great experience with zepto,5.0,0.0,2026-07-09 10:48:33,play_store,,b13fdfb8-3cdd-4ebe-acab-324f86181278,SERVICE_NOISE,,[],False,positive
f4ec25e0-16dc-4dab-87ed-1079eb40d430,"What a worst customer care i have ever seen, i place order and a find out that i put wrong location, and i request cancel even before 1 min, they say it cannot be cancel because its already process, and after 10 mins they told me that its already dispach it cant be cancel anymore, im lucky that i dont prepay the worst app ever",1.0,0.0,2026-07-09 10:46:04,play_store,,f4ec25e0-16dc-4dab-87ed-1079eb40d430,SERVICE_NOISE,,[],False,negative
d3ab66b5-7220-4096-9752-0cfb889b2208,"Pathetic company with gundda delivery partners they will be threatening to accept orders. From now onwards will not place any orders from zepto the company with fraudulent staff pathetic experience after 3 months thought to give one more chance order id PLNTJJAAD74992 but same, this time they delivered melted icecream and delivery guy even do not take back items batteries were faulty",1.0,0.0,2026-07-09 10:46:00,play_store,,d3ab66b5-7220-4096-9752-0cfb889b2208,TRUST_QUALITY,SERVICE_NOISE,"['ice cream', 'batteries']",False,negative
96c64bbc-300c-493c-9cb0-eb15fa47f512,delivered near expiery products,1.0,0.0,2026-07-09 09:56:15,play_store,,96c64bbc-300c-493c-9cb0-eb15fa47f512,TRUST_QUALITY,,[],False,negative
dc5fb24f-fc9e-4ef5-ac62-2812a3e6c9e8,zepto is not take caring of missing item and also some item are expired and low quality upto know i din't receive my refund in Missing items it's very bad and also it's has no official number to call customer care i send lot of messages to mail but it's answer is only in one word that sorry feel free we can't do in further.missing item responsiblity is yours and you will take care of this .too bad and bad,1.0,0.0,2026-07-09 09:51:14,play_store,,dc5fb24f-fc9e-4ef5-ac62-2812a3e6c9e8,TRUST_QUALITY,SERVICE_NOISE,[],False,negative
6463659b-bbcc-40ae-91ca-f2cb44ac52ce,yesterday 2 times missing my titem,1.0,1.0,2026-07-09 09:48:07,play_store,,6463659b-bbcc-40ae-91ca-f2cb44ac52ce,SERVICE_NOISE,,[],False,negative
9bb9613f-a0e6-4f21-b609-dff06cae155c,worst customer experience. Never buy anything from here. If you're from delhi please try to avoid this cheap and fake platform.,1.0,0.0,2026-07-09 09:29:10,play_store,,9bb9613f-a0e6-4f21-b609-dff06cae155c,TRUST_AUTHENTICITY,,[],False,negative
00b92192-62b9-4b51-bbc5-ffe3bd4983e8,"firstly they deliver wrong products and later no customer support and no refund, if u want waste your money try for sure.",1.0,0.0,2026-07-09 09:19:30,play_store,,00b92192-62b9-4b51-bbc5-ffe3bd4983e8,SERVICE_NOISE,,[],False,negative
c6a31359-1edb-4d0e-a8be-420bb6ce3a28,"The map isn't working, not processing with the editing address or adding a new one using the current location",1.0,0.0,2026-07-09 09:10:31,play_store,,c6a31359-1edb-4d0e-a8be-420bb6ce3a28,SERVICE_NOISE,,[],False,negative
d88c95f3-4712-4c39-88d8-eee971651f19,not at all quick commerce it takes 1-2 hours to deliver,1.0,0.0,2026-07-09 09:09:50,play_store,,d88c95f3-4712-4c39-88d8-eee971651f19,SERVICE_NOISE,,[],False,negative
e6ffda02-369d-4771-a82c-95c8fce9389e,this very important in rain seasons,5.0,0.0,2026-07-09 09:02:45,play_store,,e6ffda02-369d-4771-a82c-95c8fce9389e,SERVICE_NOISE,,[],False,positive
66f101e4-e4f1-4c6e-a19a-f489b06f5fed,"to be frankly speaking the app is good, then don't overcharge, but the delay they make is so much that it can take nearly half an hour where the distance is not that much. I don't know the reason why it is like that? may be the scarcity of delivery partners but things need to be improved.",3.0,0.0,2026-07-09 08:59:32,play_store,,66f101e4-e4f1-4c6e-a19a-f489b06f5fed,SERVICE_NOISE,PRICE_VALUE,[],False,mixed
991162dd-5a6e-4614-8c31-7932775ac431,"1) it won't deliver by the time it shows.. it shows me 7 min.. and it took more than 30 min till it was not delivered.. 2) most third class support systems.. you can't talk with live agents easily they are so VIP.. only chatbots will respond to repeated answers 3) You can't cancel order if it's their fault also.. for this you need to struggle a lot as well.. 4) After harassing customers/wasting their time.. the only thing you get is ""we are sorry"". ...no intention to compasate it..",1.0,0.0,2026-07-09 08:57:09,play_store,,991162dd-5a6e-4614-8c31-7932775ac431,SERVICE_NOISE,,[],False,negative
0de901f5-4599-4977-a627-cc39f3cc05d7,handling charge too much,1.0,0.0,2026-07-09 08:23:43,play_store,,0de901f5-4599-4977-a627-cc39f3cc05d7,PRICE_VALUE,,[],False,negative
0e2c98b9-e425-46ab-bbab-a9346f74b0b6,"I placed an order on Zepto, and the Paneer listed in my order was not delivered, even though the order was marked as delivered. When I contacted Zepto customer care, the response was extremely disappointing. The support system feels almost non-existent, and instead of resolving a simple missing-item issue, they are refusing to refund or compensate me properly. I have ordered hundreds/thousands of products online and have no reason to falsely claim that a ₹85 paneer packet was missing. UNETHICAL",1.0,1.0,2026-07-09 08:17:03,play_store,,0e2c98b9-e425-46ab-bbab-a9346f74b0b6,SERVICE_NOISE,,['paneer'],False,negative
c0936c2c-9ac2-4307-8f88-ce9ba7e7ed08,fast and good service 👍,5.0,0.0,2026-07-09 07:06:42,play_store,,c0936c2c-9ac2-4307-8f88-ce9ba7e7ed08,SERVICE_NOISE,,[],False,positive
de012c0e-59be-4f3b-899d-ce46213bb7c5,worst customer care service.. no accountability.. even after delivering expired products asking review n not even checking tht!?,1.0,0.0,2026-07-09 06:37:25,play_store,,de012c0e-59be-4f3b-899d-ce46213bb7c5,TRUST_QUALITY,SERVICE_NOISE,[],False,negative
280dd48d-6f3a-47e5-9f8f-9d4c16c52ba1,zepto is not good not costomer care available no comments link not call sistem only parches offline Best,1.0,0.0,2026-07-09 05:52:34,play_store,,280dd48d-6f3a-47e5-9f8f-9d4c16c52ba1,SERVICE_NOISE,,[],False,negative
9c2cc7d2-f5c2-4ca8-b20a-b373bd8f6266,"doesn't deliver at trehan Residencies, tapukara",1.0,0.0,2026-07-09 05:17:59,play_store,,9c2cc7d2-f5c2-4ca8-b20a-b373bd8f6266,SERVICE_NOISE,,[],False,negative
b6b4a218-2b1d-4e34-b77d-b696929a2a2b,fast delivery very nice app thanks zepto,5.0,0.0,2026-07-09 04:32:52,play_store,,b6b4a218-2b1d-4e34-b77d-b696929a2a2b,SERVICE_NOISE,,[],False,positive
f9f576c9-d33b-40bd-807b-8a217be45651,nice 👍 app and every product is cheap price and low price budget very happy budget,5.0,0.0,2026-07-09 03:49:56,play_store,,f9f576c9-d33b-40bd-807b-8a217be45651,PRICE_VALUE,,[],False,positive
96ebd90a-bcac-4e65-b2d4-92bfc42f95c3,Sorry to add this issue in this section but it is because there isn't any section where one can make a complaint other than product or service eg. I have been trying to order for myself since the last 6-7 days and the App says there is rain in your area so you have to order min. 299/- and actually there isn't rain and the other problem is nowadays many time App says you have to wait even after ordering high amount because there are too much orders and less Delivery Partners and it's not true,1.0,0.0,2026-07-09 02:06:36,play_store,,96ebd90a-bcac-4e65-b2d4-92bfc42f95c3,SERVICE_NOISE,,[],False,negative
31dcc95b-3cab-411e-b4fd-ade245a228b6,I hate this app I place order and the delivery driver isn't moving I am literally starving these people think we don't have our personal life I will never order anything from this app and it's been 1 hour and 30 minutes but still not received I talk to zepto assistant but they aren't doing any help of me I am literally crying I hate this app It's night I also wanted to sleep and delivery rider isn't picking call edit : it's been 2 hours and 30 minutes and it's now saying failed to deliver,1.0,0.0,2026-07-09 02:00:58,play_store,,31dcc95b-3cab-411e-b4fd-ade245a228b6,SERVICE_NOISE,,[],False,negative
19c6c6ac-a953-4e39-bfd5-41f27422deb4,not showing refferal code,1.0,0.0,2026-07-09 01:53:08,play_store,,19c6c6ac-a953-4e39-bfd5-41f27422deb4,SERVICE_NOISE,,[],False,negative
65370f6e-dba0-45a5-afab-4537638ed889,fraud and agent was not pick up the call.. fraud app. please not instal and use the app.. waste of money and not value. of. money. and send expiry items,1.0,0.0,2026-07-09 01:39:42,play_store,,65370f6e-dba0-45a5-afab-4537638ed889,TRUST_QUALITY,SERVICE_NOISE,[],False,negative
2d246436-aaca-4e1c-a506-3041c93c3901,Customer support is too bad most of the numbers are spam,2.0,0.0,2026-07-09 01:12:37,play_store,,2d246436-aaca-4e1c-a506-3041c93c3901,SERVICE_NOISE,,[],False,negative
865fbfb0-258b-44ec-95ca-446926452169,delivery drivers are rude and the customer service is garbage. go download blinkit instead,1.0,0.0,2026-07-09 01:10:21,play_store,,865fbfb0-258b-44ec-95ca-446926452169,SERVICE_NOISE,,[],False,negative
8f7a31f3-0ef3-45f2-8ad9-157d23f9b89e,"I ordered a Haldiram Agra Petha (350 g) from Zepto. The packet was delivered sealed, but it felt unusually light, and I could hear the contents moving around inside. When I opened the sealed box, I was shocked to find only three pieces of petha inside, with no inner packaging. I immediately contacted the delivery partner, Mohit, who informed me that he had delivered the package exactly as he received it from the store. Zepto customer support refused refund and didn't accept my complaint.",1.0,0.0,2026-07-09 01:06:47,play_store,,8f7a31f3-0ef3-45f2-8ad9-157d23f9b89e,TRUST_QUALITY,SERVICE_NOISE,['snacks'],False,negative
83ffe421-14e5-47a1-9aca-77c7fe4105ca,very bad product delivered.....app should does not apply complaint. very bad experience,1.0,0.0,2026-07-09 00:52:49,play_store,,83ffe421-14e5-47a1-9aca-77c7fe4105ca,TRUST_QUALITY,SERVICE_NOISE,[],False,negative
82a2fa7c-1f53-4eb2-ba71-9d57f8c6f47a,"pathetic experience 3 time, delivery late by 30 minutes",1.0,0.0,2026-07-09 00:42:53,play_store,,82a2fa7c-1f53-4eb2-ba71-9d57f8c6f47a,SERVICE_NOISE,,[],False,negative
5ac83f25-9694-4b95-a336-9fa1535f42f0,this was an good experience for me also thank you keep going,5.0,0.0,2026-07-09 00:40:19,play_store,,5ac83f25-9694-4b95-a336-9fa1535f42f0,SERVICE_NOISE,,[],False,positive
8349d850-a759-4067-96a8-8c3c563d70e1,some times too late to deliver,1.0,0.0,2026-07-09 00:29:36,play_store,,8349d850-a759-4067-96a8-8c3c563d70e1,SERVICE_NOISE,,[],False,negative
77675a81-de21-4718-a9fb-574acd924f37,fast delivery for all the products,4.0,0.0,2026-07-09 00:28:00,play_store,,77675a81-de21-4718-a9fb-574acd924f37,SERVICE_NOISE,,[],False,positive
c408fa75-14e4-436e-99a7-2d87f199e17d,very good service 👏 👍,5.0,0.0,2026-07-09 00:10:42,play_store,,c408fa75-14e4-436e-99a7-2d87f199e17d,SERVICE_NOISE,,[],False,positive
47361473-0a34-4cf0-b28e-ed230a252077,inko order kro or 2 ghante wait kr kr ke ye khud cancel kr dete hai ye bhi nae dekhte ki urgent need bhi ho skti hai kisi ki.,1.0,0.0,2026-07-08 23:57:36,play_store,,47361473-0a34-4cf0-b28e-ed230a252077,SERVICE_NOISE,,[],False,negative
c4a936ed-c069-403d-b193-b8cebc00b286,WORLD CLASS GARBAGE SUPPORT. Someone using my number to order and cancel and get zepto support does nothing. I get calls everyday saying someone ordered for me and calls everyday. PATHETIC APP. PATHETIC SUPPORT. NO CUSTOMER OBSESSION. I WILL NEVER USE ZEPTO IN LIFE.,1.0,0.0,2026-07-08 23:54:32,play_store,,c4a936ed-c069-403d-b193-b8cebc00b286,SERVICE_NOISE,,[],False,negative
84f75e58-fa9d-444a-94ba-e1bf48f76978,"one day i needed a kitchen cloth it was quite particular design so I was searching and i found it and i ordered it eventually BUT I received WRONG product which was a really disappointment. But that was not the problem.The problem was when I wanted to return it I went to help chat and I had no access to chat. so again I was uploading the photo which the app required for receiving the wrong product,but the movement i clicked it it went back to home screen and i tried again and again and again",1.0,0.0,2026-07-08 23:49:57,play_store,,84f75e58-fa9d-444a-94ba-e1bf48f76978,SERVICE_NOISE,,['household'],False,negative
1eefe58e-354d-405a-b592-84fdf9bf3255,very bad mene abhi electric repair kit order Kiya tha lekin magnet work nhi tha usme jab mene complaint kiya to koi response nhi mila service sahi nhi hai,1.0,0.0,2026-07-08 23:47:21,play_store,,1eefe58e-354d-405a-b592-84fdf9bf3255,SERVICE_NOISE,,['electronics'],False,negative
0347f553-649e-47af-98a6-895b768c647c,"Poor service. They mislead customers by displaying incorrect timings and fail to provide proper responses when questioned. The staff is unhelpful, and the overall experience was disappointing. I would not recommend their service.",1.0,0.0,2026-07-08 23:17:44,play_store,,0347f553-649e-47af-98a6-895b768c647c,SERVICE_NOISE,,[],False,negative
33c3a1a8-0310-47d0-81c8-b41bf2b84e15,products delivered the best,5.0,0.0,2026-07-08 23:17:08,play_store,,33c3a1a8-0310-47d0-81c8-b41bf2b84e15,SERVICE_NOISE,,[],False,positive
49d1e815-5be2-4ccb-a110-43040883e1c5,mostly received damaged product,1.0,0.0,2026-07-08 22:57:59,play_store,,49d1e815-5be2-4ccb-a110-43040883e1c5,TRUST_QUALITY,,[],False,negative
908268c0-0df3-4e3f-892c-161d341c428f,mere dusre number per cash on delivery band kar rakha hai aap logon Ne,1.0,0.0,2026-07-08 22:57:50,play_store,,908268c0-0df3-4e3f-892c-161d341c428f,SERVICE_NOISE,,[],False,negative
e1d3a671-fc4d-4dd8-bd6a-f02ad6757955,good app with customer support,5.0,0.0,2026-07-08 22:54:48,play_store,,e1d3a671-fc4d-4dd8-bd6a-f02ad6757955,SERVICE_NOISE,,[],False,positive
ba6de09a-a646-48a3-9fd4-886b87e1144e,good and fast delivery,5.0,0.0,2026-07-08 22:46:58,play_store,,ba6de09a-a646-48a3-9fd4-886b87e1144e,SERVICE_NOISE,,[],False,positive
f6b09848-a35c-448b-bcc9-e4a883d496a0,they says that instantly order within 10min but that takes too much time nearly i wasted my 1hr for order at 10.pm,1.0,0.0,2026-07-08 22:44:08,play_store,,f6b09848-a35c-448b-bcc9-e4a883d496a0,SERVICE_NOISE,,[],False,negative
fbe49af9-3eb9-4efa-9586-3eb59d7cda19,नारळ मागवलं होत पूर्ण खराब निघालं 😡,1.0,0.0,2026-07-08 22:32:17,play_store,,fbe49af9-3eb9-4efa-9586-3eb59d7cda19,TRUST_QUALITY,,['fruits'],False,negative
1fa0edeb-ee72-471a-849f-bef904bfb79c,Ru a Rahi thi yaar bahut time se pahle se baat kar rahe ho kya hua hai ya nahin Raha hai Na tu ro Raha hai Na tu ro Raha hai Na tu ro Raha hai Na tu ro Raha hai Na tu ro Raha hai Na tu,5.0,0.0,2026-07-08 22:20:11,play_store,,1fa0edeb-ee72-471a-849f-bef904bfb79c,SERVICE_NOISE,,[],False,negative
59e34037-30ce-4d9a-aabf-668e15764ab8,super and good delhivery partner,5.0,0.0,2026-07-08 22:19:12,play_store,,59e34037-30ce-4d9a-aabf-668e15764ab8,SERVICE_NOISE,,[],False,positive
f0bfb87f-feb9-4032-bc08-182c2a6821d1,bestest app ever. zepto is gold. literally better then blink it. i love zepto because its too affordable price same thing that i see in blink it. blink unnecessarily increase the price. zepto is best,5.0,0.0,2026-07-08 22:15:23,play_store,,f0bfb87f-feb9-4032-bc08-182c2a6821d1,PRICE_VALUE,,[],False,positive
7a39c8d1-8fe1-46de-a287-94b3bb9ae4b6,it's very fast and good best good 👍👍,5.0,0.0,2026-07-08 22:09:18,play_store,,7a39c8d1-8fe1-46de-a287-94b3bb9ae4b6,SERVICE_NOISE,,[],False,positive
da1bde6f-680c-4c50-979d-f84c2b1b7f0d,not show refferal code it's very hard problem,1.0,0.0,2026-07-08 22:05:49,play_store,,da1bde6f-680c-4c50-979d-f84c2b1b7f0d,SERVICE_NOISE,,[],False,negative
9adeb7a1-3402-4727-8630-f9610cebdf32,It was a very bad experience with the zepto app where the delivery partner cancelled the order without any information if I call them the discount the call even customer care also discount the call I pay well in advance but order accepted but not delivered please don't install this app am also uninstall it now,1.0,0.0,2026-07-08 22:04:40,play_store,,9adeb7a1-3402-4727-8630-f9610cebdf32,SERVICE_NOISE,,[],False,negative
109c5962-bd66-4b6a-aab9-4aeef6cf25f5,they dont deliver products and claim to be delivered and send rotten products and refuse to accept it fraud company,1.0,0.0,2026-07-08 21:56:47,play_store,,109c5962-bd66-4b6a-aab9-4aeef6cf25f5,TRUST_QUALITY,SERVICE_NOISE,[],False,negative
75902506-6898-43bf-bbc5-83c19f3ddae2,"Product quality is not up to the mark especially milk products, request not to order from Zepto any milk products. The customer support team is useless. Mr Amit from the customer support team he is a useless dump person. Zepto lost a customer due to Amit.",1.0,0.0,2026-07-08 21:48:17,play_store,,75902506-6898-43bf-bbc5-83c19f3ddae2,TRUST_QUALITY,SERVICE_NOISE,['milk products'],False,negative
e9805ef1-4a34-4f27-aeae-3786248fa1d8,zepto helped us many times through instant delivery,5.0,0.0,2026-07-08 21:48:12,play_store,,e9805ef1-4a34-4f27-aeae-3786248fa1d8,SERVICE_NOISE,,[],False,positive
dcbfd693-531f-4902-969b-74048ade3ce0,referal code not showing on app,1.0,0.0,2026-07-08 21:39:41,play_store,,dcbfd693-531f-4902-969b-74048ade3ce0,SERVICE_NOISE,,[],False,negative
4b1fdf9d-2f77-49a7-aa0d-0316bb3c2e1b,best app forever ❤️‍🔥,5.0,0.0,2026-07-08 21:35:58,play_store,,4b1fdf9d-2f77-49a7-aa0d-0316bb3c2e1b,SERVICE_NOISE,,[],False,positive
8714d148-7a3d-45a2-81e8-1ce6daf26de4,"very bad service , worst fruits and veggies , rotten and smelly",1.0,0.0,2026-07-08 21:35:19,play_store,,8714d148-7a3d-45a2-81e8-1ce6daf26de4,TRUST_QUALITY,,"['fruits', 'vegetables']",False,negative
da3a037f-428e-4c29-9dfb-380c93dbf8ae,"I always had great service but once i got a wrong product...return or exchange will never happen, worst experience ...customer care is always off, I switched to instamart...I can see a lot of bad reviews...im sure you lost more customers",1.0,0.0,2026-07-08 21:33:34,play_store,,da3a037f-428e-4c29-9dfb-380c93dbf8ae,SERVICE_NOISE,,[],False,negative
0c52fbaa-8260-4de5-9207-002b7d8e01dd,"Very disappointing experience. I ordered a Foxtale sunscreen from Pooja Cotton, but I received a kadai instead. Despite explaining the issue multiple times and asking them to recheck it properly, customer support kept saying that the correct order had been delivered and provided no proper solution. The customer service was extremely poor and unhelpful. I repeatedly asked them to investigate the issue or connect me with a senior representative, but they did not resolve my problem.",1.0,0.0,2026-07-08 21:32:21,play_store,,0c52fbaa-8260-4de5-9207-002b7d8e01dd,SERVICE_NOISE,,['skincare'],False,negative
bb993035-6d53-40a4-9edc-b30cd312d115,worst experience with zepto. orders get marked as delivered due to glitches and then payment is also not received after a week. pricing (MRP) in application is different than the product delivered.,1.0,0.0,2026-07-08 21:27:59,play_store,,bb993035-6d53-40a4-9edc-b30cd312d115,SERVICE_NOISE,,[],False,negative
39289639-f118-4dc9-97ed-86d0316f8d54,"The experience on this app is the worst in the market with constant ads and unsupported customer care, cannot reach an actual agent even in an emergency?",1.0,0.0,2026-07-08 21:25:02,play_store,,39289639-f118-4dc9-97ed-86d0316f8d54,SERVICE_NOISE,,[],False,negative
cbf9d4b9-8880-4219-bd45-e58660f42d06,"Had a great experience using the app, but with time delivery speed got delayed not a problem,but it never did updated the time properly, as mentioned by others too,before the delivery if it would show 8 mins even after 15 mins it would show 8 mins and nowadays zepto is always in high demand,asking us to come back after 15 mins,but its whole day the same,I'm not being able to order a simple thing for days. So well this is a farewell.",3.0,0.0,2026-07-08 21:23:33,play_store,,cbf9d4b9-8880-4219-bd45-e58660f42d06,SERVICE_NOISE,,[],False,negative
bf16dbbb-754a-4cca-9fcb-24ba19b59725,My COD order was cancelled. this is so disgusting 😡😡,1.0,0.0,2026-07-08 21:22:18,play_store,,bf16dbbb-754a-4cca-9fcb-24ba19b59725,SERVICE_NOISE,,[],False,negative
40668541-ce36-4050-8c6a-74c005019a81,Support is provided by a bot which doesn't pass the request to human agent at all unless it's 30 minutes past the expected delivery time,1.0,0.0,2026-07-08 21:21:30,play_store,,40668541-ce36-4050-8c6a-74c005019a81,SERVICE_NOISE,,[],False,negative
91a78f7f-c54b-4428-9e82-01eda1675251,the app is lowest price,5.0,0.0,2026-07-08 21:21:22,play_store,,91a78f7f-c54b-4428-9e82-01eda1675251,PRICE_VALUE,,[],False,positive
acd35231-5551-40af-8b7f-0deb2b5f7914,My referral link is not to be seen anywhere in the app.,1.0,0.0,2026-07-08 21:20:05,play_store,,acd35231-5551-40af-8b7f-0deb2b5f7914,SERVICE_NOISE,,[],False,negative
f0e4d66c-2441-4a60-a44e-599e9f3f050e,This is a rubbish app.. they give cashback and within two days the cashback is gone. I found the ice cream packaging completely torn and it was completely melted. aap log paise lekr food ghatiya or sadaa gala hua provide krte hai aur to or uper se refund bhi nhi hai,1.0,0.0,2026-07-08 21:08:29,play_store,,f0e4d66c-2441-4a60-a44e-599e9f3f050e,TRUST_QUALITY,SERVICE_NOISE,['ice cream'],False,negative
6608084a-9b98-4762-b712-63e643b831ac,very bad app received expired products very slow app not recommended at all blink it is far better the zepto product khula hua dete hai phir bolte hai hamare yaha se kuch galat ja hi nahi sakta bht bekar hai har koi app blink it nahi ban sakta scammer hai ye log,1.0,0.0,2026-07-08 21:02:42,play_store,,6608084a-9b98-4762-b712-63e643b831ac,TRUST_QUALITY,,[],False,negative
1262278c-46dd-49d7-9339-15b5967a4eaa,"You need not deliver in 10 minutes, putting the delivery man's life. 30mins is also fine",4.0,0.0,2026-07-08 20:59:45,play_store,,1262278c-46dd-49d7-9339-15b5967a4eaa,SERVICE_NOISE,,[],False,negative
131353ba-124a-41a4-8c2e-0a07155d9a9a,some item always show out stock,4.0,0.0,2026-07-08 20:54:31,play_store,,131353ba-124a-41a4-8c2e-0a07155d9a9a,SERVICE_NOISE,,[],False,negative
b71fa0be-b316-4186-a460-b6a81841ae39,seeds were not so good and fresh but coconut water is 10on 10,5.0,0.0,2026-07-08 20:50:59,play_store,,b71fa0be-b316-4186-a460-b6a81841ae39,TRUST_QUALITY,,"['seeds', 'coconut water']",False,mixed
e5421e98-c1aa-4a51-9d9f-4df6f9eb5a64,Wonderful ui but some rendering issue are there,4.0,0.0,2026-07-08 20:50:05,play_store,,e5421e98-c1aa-4a51-9d9f-4df6f9eb5a64,SERVICE_NOISE,,[],False,mixed
b4921079-3106-4452-99db-291a2f807f72,"delivery system satisfied, good delivery staff, good quality products . maintain as such",5.0,0.0,2026-07-08 20:48:18,play_store,,b4921079-3106-4452-99db-291a2f807f72,SERVICE_NOISE,,[],False,positive
2a7fd4c9-1835-4780-84de-6646bdd09586,"Worst application, rider abused me, no live chat support to talk only with bot",1.0,0.0,2026-07-08 20:43:18,play_store,,2a7fd4c9-1835-4780-84de-6646bdd09586,SERVICE_NOISE,,[],False,negative
6486696e-d3a6-4f27-a78a-69009abf1527,"L Zepto... I ordered some groceries today and two items were missing. I told this to the delivery boy and he said, ""It fell on the road due to rain. You can file a complaint for refund and we will get the refund"" he took the OTP and left. When I lodged a complaint that 2 items were missing and I wanted a refund, customer care refused to give the refund and said that it was not their responsibility. That's how they scam people😡😡😡",1.0,0.0,2026-07-08 20:41:37,play_store,,6486696e-d3a6-4f27-a78a-69009abf1527,SERVICE_NOISE,,['groceries'],False,negative
df2f539a-113d-4d76-8b04-c8333c8bf394,please provide little more amount to delivery boys. cause they provide the fast delivery in rainy season too. I know you are earning much more using your brain power but don't stole his rights!,4.0,0.0,2026-07-08 20:41:21,play_store,,df2f539a-113d-4d76-8b04-c8333c8bf394,SERVICE_NOISE,,[],False,negative
dd09a1cf-3995-41b0-8547-c9fea97cf87a,3rd class app very slow delivery 👎👎👎👎👎,1.0,0.0,2026-07-08 20:39:37,play_store,,dd09a1cf-3995-41b0-8547-c9fea97cf87a,SERVICE_NOISE,,[],False,negative
eb44bdc2-fbf6-4592-b36f-44f7dc0ca653,very small west of many,4.0,0.0,2026-07-08 20:37:35,play_store,,eb44bdc2-fbf6-4592-b36f-44f7dc0ca653,SERVICE_NOISE,,[],False,negative
8a0d8ec7-d6b0-4861-992b-fb958f539d58,"i ordered 3 items candel, tape , and rice it came after 30 min. but it came separately and although It charged delivery charge on each items, the app just fraud the customers",1.0,0.0,2026-07-08 20:31:57,play_store,,8a0d8ec7-d6b0-4861-992b-fb958f539d58,SERVICE_NOISE,,['rice'],False,negative
6305000b-3ff9-4091-b698-63673ae30331,my experience with zepto in first 2 order was good but on my 3rd order i had a worst experience ever in my life first there is no customer service and second there is issue/problem while reaching to delivery partners and then late delivery as it expected I order at 7 pm but got my order at 7:40 pm and I was in a hurry so I thought I would got my order in 10 min but it took 40 min because of this I have face lot of problem I missed my cab and when I book another cab it cost double than previous.,1.0,0.0,2026-07-08 20:16:45,play_store,,6305000b-3ff9-4091-b698-63673ae30331,SERVICE_NOISE,,[],False,negative
d725b986-8b0b-460f-9444-3fb756c4a512,very very nice all things are good partner behavior also nice,5.0,0.0,2026-07-08 20:12:48,play_store,,d725b986-8b0b-460f-9444-3fb756c4a512,SERVICE_NOISE,,[],False,positive
0a867710-f067-4093-b929-2e8b4c7a41a2,quick and smooth delivery,4.0,0.0,2026-07-08 19:53:54,play_store,,0a867710-f067-4093-b929-2e8b4c7a41a2,SERVICE_NOISE,,[],False,positive
9c2faa10-b439-4b24-a637-4891a3cdfa4e,Worst. The app is bad at uploading Pictures or complaining about anything.,1.0,0.0,2026-07-08 19:46:07,play_store,,9c2faa10-b439-4b24-a637-4891a3cdfa4e,SERVICE_NOISE,,[],False,negative
4898ff4c-5878-4e68-9044-6e10c151ceaa,"I would rate negative infinity since they didnt give me refund for fault on their side, told me to send email which I did and they said it cannot be processed furthur. I recommend blinkit over this.",1.0,0.0,2026-07-08 19:42:22,play_store,,4898ff4c-5878-4e68-9044-6e10c151ceaa,SERVICE_NOISE,,[],False,negative
217a27b5-23ea-4673-b82c-961ac95525e0,"This is a very rubbish application. From now on, I should not suggest this application nor should I see even a single ad because when it is not available in my area then why should I see such a rubbish ads.",1.0,0.0,2026-07-08 19:34:56,play_store,,217a27b5-23ea-4673-b82c-961ac95525e0,SERVICE_NOISE,,[],False,negative
93be41e8-0139-4147-98a8-bb06cc868eb2,buying milk from zepto is like throwing money in well. even well can deliver magic but there is no chance that your milk won't go spoiled. they can't afford a fridge and want to sell dairy item which is always spoiled. My prayer with God will be heard before their customer support. pathetic. worth paying convenience and all other fees of INR 50 with others than buying anything from zepto,1.0,0.0,2026-07-08 19:25:04,play_store,,93be41e8-0139-4147-98a8-bb06cc868eb2,TRUST_QUALITY,,['milk'],False,negative
392dfdde-68ca-43ff-8824-d380f36f690a,best price and good service,5.0,0.0,2026-07-08 19:24:47,play_store,,392dfdde-68ca-43ff-8824-d380f36f690a,SERVICE_NOISE,,[],False,positive
5695ded9-6c31-45d0-9648-098632c8cbf2,faltu ke jab dheko update dete ho admi ko emergency hongi toh wo kya update krta rahega ?,1.0,0.0,2026-07-08 19:23:00,play_store,,5695ded9-6c31-45d0-9648-098632c8cbf2,SERVICE_NOISE,,[],False,negative
1437e2d6-dcde-4637-9ba9-b44474c22925,Good items but i want to be advice that at least 2-3 offer comes in a week so zepto can place at top. 😗,4.0,0.0,2026-07-08 19:21:20,play_store,,1437e2d6-dcde-4637-9ba9-b44474c22925,PRICE_VALUE,,[],False,mixed
5804bf03-042a-46c8-8616-51816115df61,I ordered these things.within 5 secs we received.superb,5.0,0.0,2026-07-08 19:19:31,play_store,,5804bf03-042a-46c8-8616-51816115df61,SERVICE_NOISE,,[],False,positive
f7985000-f7b1-4ecb-ac5f-9ba6adf356e6,No one should make purchases from the Zepto site; it engages in large-scale fraud.,1.0,0.0,2026-07-08 19:08:40,play_store,,f7985000-f7b1-4ecb-ac5f-9ba6adf356e6,SERVICE_NOISE,,[],False,negative
bc8cce02-6fd2-4970-8723-c3f5b73244aa,mera account bina baat k suspend kar diya 👎🏻,1.0,0.0,2026-07-08 19:07:22,play_store,,bc8cce02-6fd2-4970-8723-c3f5b73244aa,SERVICE_NOISE,,[],False,negative
a8559c58-25b2-482b-8ec2-7653748e5c29,free cost delivery fast online shopping app door to door grocery delivery lowest price deal in the market best option,5.0,0.0,2026-07-08 19:03:16,play_store,,a8559c58-25b2-482b-8ec2-7653748e5c29,SERVICE_NOISE,,[],False,positive
5d4ebd2d-38ba-4826-88d7-fe9a57eee7ac,all selling rotten and spoliled items,1.0,0.0,2026-07-08 18:59:12,play_store,,5d4ebd2d-38ba-4826-88d7-fe9a57eee7ac,TRUST_QUALITY,,[],False,negative
98ae3c38-88d3-4e3b-89f8-376ded47f6fa,Great Services. Appreciate the speed of delivery. Keep it up Zepto.,5.0,0.0,2026-07-08 18:58:25,play_store,,98ae3c38-88d3-4e3b-89f8-376ded47f6fa,SERVICE_NOISE,,[],False,positive
38c4ccee-7f41-4680-a1ba-4d7bea384c70,worst app h prepaid payment krwa k na to order dete h na hi refund krte h. help support p complain krne k baad bhi payment refund nhi krte h bahana marte h aur paise waapas krne ka naam nhi lete h,1.0,0.0,2026-07-08 18:53:42,play_store,,38c4ccee-7f41-4680-a1ba-4d7bea384c70,SERVICE_NOISE,,[],False,negative
bbe7ae10-af96-4079-8a58-2f2331aaa3f1,very very disgusting app 1 hr waiting but order is not coming 😔,1.0,0.0,2026-07-08 18:48:18,play_store,,bbe7ae10-af96-4079-8a58-2f2331aaa3f1,SERVICE_NOISE,,[],False,negative
e6ebb29d-42d6-437e-8fcd-8c93ea137f73,Everyone can fulfill their needs by selecting and ordering the products. mentioned in this app within minutes.,5.0,0.0,2026-07-08 18:39:36,play_store,,e6ebb29d-42d6-437e-8fcd-8c93ea137f73,SERVICE_NOISE,,[],False,positive
9f666e11-2301-4703-a41d-6f49ecba70d7,I have received bad quality product.i try to send photos but it is not taking pic . I lost my money,1.0,0.0,2026-07-08 18:32:37,play_store,,9f666e11-2301-4703-a41d-6f49ecba70d7,TRUST_QUALITY,SERVICE_NOISE,[],False,negative
6e136533-ea52-4254-a6d4-f1f4205f813a,other app to compare rate to high,4.0,0.0,2026-07-08 18:28:01,play_store,,6e136533-ea52-4254-a6d4-f1f4205f813a,PRICE_VALUE,,[],False,negative
617b6369-8f57-41d2-98c1-eb66c9a28cb6,I received a damaged cake and boondi today. On their app chat support kept closing my issue and I had to submit the same images 8 times again and again after they closed my issue and then they stopped giving me any options of raising an issue and just told me to mail them. I just wanna say if you do not have a dedicated customer support contact system at least resolve the issue within your app. My money got wasted on bad quality items now they aren't even providing a refund. Wouldn't recommend.,1.0,0.0,2026-07-08 18:18:10,play_store,,617b6369-8f57-41d2-98c1-eb66c9a28cb6,SERVICE_NOISE,TRUST_QUALITY,"['cake', 'boondi']",False,negative
1469d6a5-3731-4713-9197-02746127db4a,very bad worst app they sending very poor quality i deleted zepto one off the worst experience every time,1.0,0.0,2026-07-08 18:12:18,play_store,,1469d6a5-3731-4713-9197-02746127db4a,TRUST_QUALITY,,[],False,negative
f6d44486-0aaa-458f-965c-1b8cc5af7347,"Zepto, please waive the delivery fee and open the store. I'm hungry! 😭🍔 and it's not raining in my area...😭😭😭 please give some freebies tooo......",5.0,0.0,2026-07-08 18:02:48,play_store,,f6d44486-0aaa-458f-965c-1b8cc5af7347,SERVICE_NOISE,,[],False,negative
d77d3689-ef1f-4f3b-92a1-afd555bdffd8,can't see the refferal code,1.0,0.0,2026-07-08 17:51:21,play_store,,d77d3689-ef1f-4f3b-92a1-afd555bdffd8,SERVICE_NOISE,,[],False,negative
78b4c4af-6a82-45d8-900e-46d3c39555a3,I ordered for Jamun Fruit. It was large and sweet. Delivery was also fast. Overall Excellent.,5.0,0.0,2026-07-08 17:44:40,play_store,,78b4c4af-6a82-45d8-900e-46d3c39555a3,SERVICE_NOISE,,['fruits'],False,positive
bd1df49b-9554-460c-b3ff-d2e34d7b351a,Excellent Customer Service,5.0,0.0,2026-07-08 17:43:12,play_store,,bd1df49b-9554-460c-b3ff-d2e34d7b351a,SERVICE_NOISE,,[],False,positive
3fefa0b5-b87d-4986-b0ee-954a38db2641,"This is very unfair, I was a long time customer of Zepto but today they have cheated me, I had ordered Amul Kaju Kari whose packing was open and was missing, I spoke to Shruti Singh in the first level help chat, she said that the delivery boy has delivered your product properly, we cannot do anything, this is fraud, I will no longer be a customer of Zepto and I suggest you also that if you do not have the same experience as mine, then you should order on your trust.",1.0,0.0,2026-07-08 17:35:38,play_store,,3fefa0b5-b87d-4986-b0ee-954a38db2641,SERVICE_NOISE,TRUST_QUALITY,['snacks'],False,negative
b7a9875b-1a4f-4349-8d5c-17c969a78047,very much disappointed because of theses partners necer have change neither physical nor online . never they have change with them n expect always customer to give them... utter waste app. for this... guys pls send ur delivery partners with some money.. this is very much irritating,1.0,0.0,2026-07-08 17:04:54,play_store,,b7a9875b-1a4f-4349-8d5c-17c969a78047,SERVICE_NOISE,,[],False,negative
b8f2d9a3-210a-4334-918b-e4431c043f19,Great app and good service. It took just 3 minutes and product was delivered perfectly. Thank you.,5.0,0.0,2026-07-08 17:00:56,play_store,,b8f2d9a3-210a-4334-918b-e4431c043f19,SERVICE_NOISE,,[],False,positive
412eca9c-78e6-4773-a583-2757ef49f59b,"it delivers orders so late and gives false hopes that it'll deliver fast. my latest three orders are examples of it. before placing the order, the app says it'll deliver in 7 mins or so. after placing the order it changes to 15 mins and if you actually compare the 15 mins on their app and the actual time it doesn't make sense as the order comes in more than half an hour. what kind of scam is this. blinkit in that is so much better.",1.0,0.0,2026-07-08 16:05:48,play_store,,412eca9c-78e6-4773-a583-2757ef49f59b,SERVICE_NOISE,PRICE_VALUE,[],False,negative
07d48613-cfe1-428c-bc0f-2eb28c9ee81f,overall good quality and delivery within time... emergency very helpful...save our time,5.0,0.0,2026-07-08 15:53:38,play_store,,07d48613-cfe1-428c-bc0f-2eb28c9ee81f,MENTAL_MODEL,,[],False,positive
2bbe7487-8fa5-4138-afad-e21a1745f2f1,"bad delivery and customer service, no one available to hear.",2.0,0.0,2026-07-08 15:52:30,play_store,,2bbe7487-8fa5-4138-afad-e21a1745f2f1,SERVICE_NOISE,,[],False,negative
8c7ee20b-ff6f-41fb-be36-af23b93ef449,all items are not good,1.0,0.0,2026-07-08 15:31:26,play_store,,8c7ee20b-ff6f-41fb-be36-af23b93ef449,TRUST_QUALITY,,[],False,negative
3ebfe539-2af3-4ab7-a3d3-46925438d707,"one major issue I seen and that is the reason i give 1 star rating. If your order delay more than hours and you try to call customer support team, then their is no option provided they just have an stupid ai agent that give same feeded response again and again and it's very frustrating. it's feel like trap and no one going to take this responsibility from zepto.",1.0,0.0,2026-07-08 15:05:31,play_store,,3ebfe539-2af3-4ab7-a3d3-46925438d707,SERVICE_NOISE,,[],False,negative
9b7c2c3f-c2d3-4653-8355-12cbaf8cc136,I want I want my order in Samay but it's rescheduled and give me 3 days after 3 days my order the charger damage it was too bad expense automatically schedule and give me next day,1.0,0.0,2026-07-08 15:04:55,play_store,,9b7c2c3f-c2d3-4653-8355-12cbaf8cc136,SERVICE_NOISE,TRUST_QUALITY,['electronics'],False,negative
8cc6e635-0160-404e-933e-7d3fe545129b,"pathetic, they are thieves. Zepto is a scam. They take your money, then disappear. Glitchy app, useless bot support, no customer service, and they canceled my return 7 times. Pathetic.",1.0,0.0,2026-07-08 15:00:44,play_store,,8cc6e635-0160-404e-933e-7d3fe545129b,SERVICE_NOISE,,[],False,negative
5d42cdb1-15a4-4ab6-957e-dba457a8dff4,instant delivery.. good rates... good product,5.0,0.0,2026-07-08 15:00:10,play_store,,5d42cdb1-15a4-4ab6-957e-dba457a8dff4,SERVICE_NOISE,PRICE_VALUE,[],False,positive
3c4059b0-de0c-482a-9ee7-f2c107280eb8,the person is soo rude,1.0,0.0,2026-07-08 14:58:24,play_store,,3c4059b0-de0c-482a-9ee7-f2c107280eb8,SERVICE_NOISE,,[],False,negative
3462b105-63c6-429b-a2d7-3b02eb32e45f,good app.comparison to another delevery app,5.0,0.0,2026-07-08 14:44:29,play_store,,3462b105-63c6-429b-a2d7-3b02eb32e45f,SERVICE_NOISE,PRICE_VALUE,[],False,positive
b8b6c600-cae7-47df-967d-8335b03f6979,excellent app but not available on my pin code,5.0,0.0,2026-07-08 14:21:00,play_store,,b8b6c600-cae7-47df-967d-8335b03f6979,SERVICE_NOISE,,[],False,mixed
7f1c05af-bee8-495d-a07d-637aee39fd15,"""I have updated my review as Zepto resolved my issue within just 2 hours and also processed my refund. It's great to see them taking steps to improve their services.",5.0,0.0,2026-07-08 14:15:35,play_store,,7f1c05af-bee8-495d-a07d-637aee39fd15,SERVICE_NOISE,,[],False,positive
cd489942-8df8-463a-8426-8b97ccadbe7d,it's the worst app when it comes to delivery. Yesterday I complaint about the order and zepto didn't respond. Worst experience with zepto.,1.0,0.0,2026-07-08 14:04:24,play_store,,cd489942-8df8-463a-8426-8b97ccadbe7d,SERVICE_NOISE,,[],False,negative
30bc5c5c-7e2d-4828-a8c5-c4f697b354f3,one of the worst campaigns is z - coins,1.0,0.0,2026-07-08 14:00:05,play_store,,30bc5c5c-7e2d-4828-a8c5-c4f697b354f3,SERVICE_NOISE,,[],False,negative
472d3d70-fbee-48e2-9f9f-81a39fe04c95,they irritate us for the location it feels very irritating I don't like it,1.0,0.0,2026-07-08 13:51:19,play_store,,472d3d70-fbee-48e2-9f9f-81a39fe04c95,SERVICE_NOISE,,[],False,negative
69e8d3f2-417f-4824-8601-7e1c96abd29c,"I actually ordered some products, and after that, the delivery boy, without delivering the product, marked the products as delivered. However, I contacted the delivery boy, and he said he's far and requested to reorder the product. I reordered it as it was urgent, but I still did not get the refund of the first product. i was busy that day. When I requested a refund the next day, zepto denied as it seems we need to ask for a refund within 24 hours!? I faced loss!",1.0,0.0,2026-07-08 13:46:24,play_store,,69e8d3f2-417f-4824-8601-7e1c96abd29c,SERVICE_NOISE,,[],False,negative
2eeb5404-0190-4f66-b84c-58ae04df2eb9,"delivery nhi kr pate ho , to payment kyu accept krte ho , or fer refund krnege dikhate ho ! order nhi le sakte to accept mt kiya kro , bhut bekar service hai !",1.0,0.0,2026-07-08 13:37:47,play_store,,2eeb5404-0190-4f66-b84c-58ae04df2eb9,SERVICE_NOISE,,[],False,negative
607b8113-9e68-4923-a3a1-52b222b58e59,I've ordered 603rupees valualble order I've paid amount in online my money has taken by zepto and order is canceled i did not get my refund is want my money back,1.0,0.0,2026-07-08 13:27:55,play_store,,607b8113-9e68-4923-a3a1-52b222b58e59,SERVICE_NOISE,,[],False,negative
3dd65ff8-f4c4-4fdc-b7c0-a685764c6105,They dont delivery the item in given time .,1.0,0.0,2026-07-08 13:15:48,play_store,,3dd65ff8-f4c4-4fdc-b7c0-a685764c6105,SERVICE_NOISE,,[],False,negative
4e67b15b-c7c5-490b-bad9-e77fb4784387,There help and support crashes. If I have issue with some products they ask for its photo and when it opens camera zepto crashes...Great now i cant even complaint about anything because they dont let us. The whole app works flawlessly except help and support i guess i see what you guys did there.,1.0,0.0,2026-07-08 12:57:01,play_store,,4e67b15b-c7c5-490b-bad9-e77fb4784387,SERVICE_NOISE,,[],False,negative
f8a03288-d0eb-4b7a-9514-af85c30226bc,Thank you your service very good 😊😊,5.0,0.0,2026-07-08 12:49:27,play_store,,f8a03288-d0eb-4b7a-9514-af85c30226bc,SERVICE_NOISE,,[],False,positive
8cc642e4-cf25-46f4-8d3f-da533abaede4,ये तो अपना बेचा सामान ज़ो इनकी ही पैकिंग में है । उसको भी लेने से मना कर रहे हैं । मतलब इनको शायद पता है कि सामान की गुणवत्ता क्या है ।,1.0,0.0,2026-07-08 12:49:08,play_store,,8cc642e4-cf25-46f4-8d3f-da533abaede4,TRUST_QUALITY,,[],False,negative
79d5ef8b-fbe4-48f9-90e2-125f8914bd99,Delivery was prompt. very nice 👍,5.0,0.0,2026-07-08 12:46:40,play_store,,79d5ef8b-fbe4-48f9-90e2-125f8914bd99,SERVICE_NOISE,,[],False,positive
2f889364-6946-492c-a7cb-9fba29ec79c3,"Very cunning folks. Yeaterday, I ordered vi john 400 gm foam Thst was priced at 90rs.along with other items. All other items arrived but vi John did not and the comment was delivery etson could not locate address. And immediately the price increased to 250.very dishonst",3.0,0.0,2026-07-08 12:44:48,play_store,,2f889364-6946-492c-a7cb-9fba29ec79c3,SERVICE_NOISE,PRICE_VALUE,['personal care'],False,negative
040a4cd0-e7df-4fc5-b30f-516c4ea97b9a,I bought water kettle and it was defective and head a crack on the handle so I asked asked them for a replacement or return but they keep telling me that to do after 24hours. after 24 hours waiting now they telling me to wait another 24 hour it's been 2 days. don't buy anything from here they will just waste your time after they will send you a defective product or expired product,1.0,0.0,2026-07-08 12:26:46,play_store,,040a4cd0-e7df-4fc5-b30f-516c4ea97b9a,TRUST_QUALITY,SERVICE_NOISE,['household'],False,negative
7a98561f-8bf2-4498-b023-b386da8d7ad7,Very good experience. Have received prompt help and refund when receiving expired products etc. please keep items like milk with late expiry date. I almost always get pouch milk that is expired and I have to return pls include ability to change rating (somtimes I give bad rating by mistake and there's no way to change it) also include option to give tip on app after delivery. giving tip before is risky if delivery never arrives or there is a problem,4.0,15.0,2026-07-08 12:25:12,play_store,,7a98561f-8bf2-4498-b023-b386da8d7ad7,TRUST_QUALITY,,['milk'],False,mixed
15e21eb8-852c-4c97-b692-757496bbc1ec,"I am writing to express my disappointment regarding the extremely unprofessional behavior of your delivery rider, Mahamad Manan, in relation to my order #NTHJJGGRF84117. The rider never even attempted to call me before marking the delivery as failed. However, while I was on a call with your customer support team, he falsely claimed that he had contacted me and even asked me to collect the order from the store myself. I find this behavior completely unacceptable.",1.0,0.0,2026-07-08 12:22:56,play_store,,15e21eb8-852c-4c97-b692-757496bbc1ec,SERVICE_NOISE,,[],False,negative
9d2ad6da-bcc0-4579-8765-e956d484aec6,overall the experience is good for me but since Sunday it's showing that they're currently unavailable and going to be back in 15 mins. I've cleared the cache and reinstalled the app but it's still showing that they're unavailable again and again. the place where I live is a heavy city area and they have delivered here before. I don't know why it is happening. please help me out.,3.0,0.0,2026-07-08 11:50:13,play_store,,9d2ad6da-bcc0-4579-8765-e956d484aec6,SERVICE_NOISE,,[],False,mixed
39af75a3-71f2-448d-9aa7-e9315fe3c473,very fast delivery. I like it,5.0,0.0,2026-07-08 11:44:07,play_store,,39af75a3-71f2-448d-9aa7-e9315fe3c473,SERVICE_NOISE,,[],False,positive
08e0db87-2c6e-46ad-9560-76b9d8233d3e,"There is a critical issue in the checkout flow. After a user attempts to place an order, the cart remains unchanged. previous still remains in the cart. Furthermore, the system provides no visual feedback, leaving the user completely unaware of whether their order succeeded or failed. I placed same order unknowingly for 2 times, my fridge is overloaded. There is no way you can return.",1.0,0.0,2026-07-08 11:32:08,play_store,,08e0db87-2c6e-46ad-9560-76b9d8233d3e,SERVICE_NOISE,,[],False,negative
a7221fd9-d0a0-4334-8aa4-da1e9173dce3,"my zepto refferal link not showing problem, please fix this problem",1.0,0.0,2026-07-08 11:27:22,play_store,,a7221fd9-d0a0-4334-8aa4-da1e9173dce3,SERVICE_NOISE,,[],False,negative
2d312c6e-e329-48d3-903e-d2253df7b259,Majority products are Good. But once in a while Stale too delivered,4.0,0.0,2026-07-08 11:19:19,play_store,,2d312c6e-e329-48d3-903e-d2253df7b259,TRUST_QUALITY,,[],False,mixed
70fe0dac-9bb6-4849-b2a6-f5c099cc37e6,very fast delivery in minutes.,5.0,0.0,2026-07-08 11:00:59,play_store,,70fe0dac-9bb6-4849-b2a6-f5c099cc37e6,SERVICE_NOISE,,[],False,positive
9a985b7e-891a-45c9-91e5-2ed60b824ea3,Excellent services and prompt delivery. I wish all the very best to Zepto.,5.0,0.0,2026-07-08 10:46:06,play_store,,9a985b7e-891a-45c9-91e5-2ed60b824ea3,SERVICE_NOISE,,[],False,positive
4493adeb-0ba1-4760-b7b9-7eca08ef209d,"want to say thanks to delivery boy, ☺️",5.0,0.0,2026-07-08 10:44:43,play_store,,4493adeb-0ba1-4760-b7b9-7eca08ef209d,SERVICE_NOISE,,[],False,positive
a54f189c-3e31-4b74-a9a0-94bc1094e453,Good Quality vegetables all grocery item and best price,4.0,0.0,2026-07-08 10:35:00,play_store,,a54f189c-3e31-4b74-a9a0-94bc1094e453,PRICE_VALUE,,"['vegetables', 'grocery']",False,positive
ef53e2dd-a036-47ff-adab-a52613f60408,good job thank you zepto,5.0,0.0,2026-07-08 10:31:17,play_store,,ef53e2dd-a036-47ff-adab-a52613f60408,SERVICE_NOISE,,[],False,positive
cadb6edb-91f6-4f08-af61-14f2ca48c404,very disappoint maine 3 packet doodh mangaya teeno fat gye,1.0,0.0,2026-07-08 10:31:07,play_store,,cadb6edb-91f6-4f08-af61-14f2ca48c404,TRUST_QUALITY,,['milk'],False,negative
1ee36d64-a49e-43f8-85bc-a9e71e67cc6b,good fastest delivery,5.0,0.0,2026-07-08 10:29:25,play_store,,1ee36d64-a49e-43f8-85bc-a9e71e67cc6b,SERVICE_NOISE,,[],False,positive
c11b59f4-2b95-46dc-b2c0-0930d7dad507,worthy app ever easy to buy,5.0,0.0,2026-07-08 10:26:07,play_store,,c11b59f4-2b95-46dc-b2c0-0930d7dad507,SERVICE_NOISE,,[],False,positive
4433c6dc-22b4-4af3-9f2e-831923cca525,good and good sarvice,5.0,0.0,2026-07-08 10:25:35,play_store,,4433c6dc-22b4-4af3-9f2e-831923cca525,SERVICE_NOISE,,[],False,positive
cd492cfd-73c6-4750-a4ab-87d0567390f7,The lack of customer support is annoying and customers are not valued at all. sending wrong products and then not believing the customers even after giving proof. A scam platform.,1.0,0.0,2026-07-08 10:23:17,play_store,,cd492cfd-73c6-4750-a4ab-87d0567390f7,SERVICE_NOISE,,[],False,negative
0b5a74ed-7b2d-4d4b-bb21-78cecced00cd,"sudden rise in delivery fees, product being recieved tampered.. when gone to complaint.. the page glitched.. hanged.",2.0,0.0,2026-07-08 10:23:13,play_store,,0b5a74ed-7b2d-4d4b-bb21-78cecced00cd,SERVICE_NOISE,,[],False,negative
ff0c10e8-4edd-428a-9c82-42f7acdf1047,worst customer service,1.0,0.0,2026-07-08 10:14:14,play_store,,ff0c10e8-4edd-428a-9c82-42f7acdf1047,SERVICE_NOISE,,[],False,negative
bd66d1fa-cb52-465d-932f-584e6a110e02,good delivery partner,5.0,0.0,2026-07-08 10:13:41,play_store,,bd66d1fa-cb52-465d-932f-584e6a110e02,SERVICE_NOISE,,[],False,positive
f11e8dfb-ddc9-442a-9270-ba50aae1fcb5,sabse ghatiya app h delivery partner upr saman Dene nhi aati or coustomer care wale se baat nhi hoti bs chat hoti h prepaid order kra delivery partner ne cancel kr dia upr nhi aaya h or refund pese kr diye jo 5-7 din me aaynge jb tk hum kya kre 😡🤬😡,1.0,0.0,2026-07-08 10:03:44,play_store,,f11e8dfb-ddc9-442a-9270-ba50aae1fcb5,SERVICE_NOISE,,[],False,negative
d24e66aa-5f32-4cfc-8bc6-30c20cbdb336,worst app for buying groceries. 1000 Rs ordered items were missing from my order. I tried contacting the support team . they told to mail the issue. in the mail they replied as per the seller all items were delivered. No support for the customer. No one even called and checked never buy from zepto !!!!! very disappointing,1.0,0.0,2026-07-08 09:59:40,play_store,,d24e66aa-5f32-4cfc-8bc6-30c20cbdb336,SERVICE_NOISE,,[],False,negative
39a984ac-ce4f-432c-8108-801672590129,zepto wale fraud karte h customer ke sath refund nahin karta hai mere ko 8 din ho gaye Mera refund abhi tak aaya nahin Hai isase order kbi mt. krna logo ke pese waps bi nhi krte h ye. zepto wale,1.0,0.0,2026-07-08 09:55:54,play_store,,39a984ac-ce4f-432c-8108-801672590129,SERVICE_NOISE,,[],False,negative
dc81b8d6-192e-4a9f-a05b-923f4c94e2f7,good deal and Service,5.0,0.0,2026-07-08 09:50:47,play_store,,dc81b8d6-192e-4a9f-a05b-923f4c94e2f7,SERVICE_NOISE,,[],False,positive
3ddd22d2-97e3-457e-b3ae-64259623b18c,Return policy is poor not Refunding the money,3.0,0.0,2026-07-08 09:37:16,play_store,,3ddd22d2-97e3-457e-b3ae-64259623b18c,SERVICE_NOISE,,[],False,negative
81fb385e-440f-43c2-8cd3-14721f7bc5ac,"Ridiculous service! Last night I was told my return was eligible, but the vendor wasn't available at 12 AM. When I contacted support again at 8 AM, they suddenly claimed there's no RETURN, REPLACEMENT, or REFUND. They also refused to connect me to a senior representative and kept repeating the same response from my end. But, it was from their end, saying only SORRY!!! And hung up the call. Just remove those options mentioned as 3Rs mentioned above!!! Absolute fraud!!!",1.0,0.0,2026-07-08 09:36:04,play_store,,81fb385e-440f-43c2-8cd3-14721f7bc5ac,SERVICE_NOISE,,[],False,negative
3fc8f4c3-619a-42cb-a414-9c37dc3112ab,pathetic service... no Customer support.,1.0,0.0,2026-07-08 09:29:11,play_store,,3fc8f4c3-619a-42cb-a414-9c37dc3112ab,SERVICE_NOISE,,[],False,negative
9e124d94-2d55-4ec0-9f3b-42afec288e81,Great platform. Good material supplied all the time and in quick time.,5.0,0.0,2026-07-08 09:25:03,play_store,,9e124d94-2d55-4ec0-9f3b-42afec288e81,SERVICE_NOISE,,[],False,positive
f10f59ad-961f-44ad-b466-dcc11d5ecee9,good delivery 🚚 thanks,5.0,0.0,2026-07-08 09:08:22,play_store,,f10f59ad-961f-44ad-b466-dcc11d5ecee9,SERVICE_NOISE,,[],False,positive
f6d99b88-eedf-436d-a071-a4c18516045b,"Third class app, delivered expired product and now not able to return nor response from customer care. Now saying that the email us.. Worst app ever I used....",1.0,0.0,2026-07-08 09:08:06,play_store,,f6d99b88-eedf-436d-a071-a4c18516045b,SERVICE_NOISE,TRUST_QUALITY,[],False,negative
de05b087-7897-44d6-b039-b59324243342,things are expensive and very bad quality,1.0,0.0,2026-07-08 09:02:48,play_store,,de05b087-7897-44d6-b039-b59324243342,PRICE_VALUE,TRUST_QUALITY,[],False,negative
c08660ca-e3e3-4440-8c6f-8b85c4ec90cc,very good reliable service,5.0,0.0,2026-07-08 08:56:02,play_store,,c08660ca-e3e3-4440-8c6f-8b85c4ec90cc,SERVICE_NOISE,,[],False,positive
e3d746dc-f6b3-4f89-bbcf-ebf82e5b82f3,"Remove the ZAP AI, IT IS PATHETIC. I HAD ORDER ISSUE AND YET IT NEITHER ALLOWING ME TO EXPLAIN THE ISSUE NOR CONNECTING ME TO CONNECT TO AN AGENT. YOUR DELIVERY AGENTS ARE THIEF, SCAMMERS STEALING ITEMS FROM CUSTOMERS ORDER AND ALL THAT ZEPTO DOES IS SAYING WE HAVE CONFIRMED THAT EVERYTHING WAS AS ORDERED BUT DOESN'T AGREE TO SHARE PICTURES TO CUSTOMER AT THE TIME OF PICKUP TO AT THE TIME OF DELIVERY. BECAUSE WHEN I CONFRONTED THE SAME TO DELIVERY AGENT, VERY CONFIDENTIALITY HE SAID RAISE REFUND",1.0,0.0,2026-07-08 08:48:46,play_store,,e3d746dc-f6b3-4f89-bbcf-ebf82e5b82f3,SERVICE_NOISE,,[],False,negative
d5331fb2-c303-4bb0-a1ee-928b37ef611d,doesn't provide any coupons and offers,1.0,0.0,2026-07-08 08:46:38,play_store,,d5331fb2-c303-4bb0-a1ee-928b37ef611d,PRICE_VALUE,,[],False,negative
4c07b6f0-ac7f-440e-a42a-03deabf41542,"a product was about to expire whenever I sent to complain and the column came to provide a pic, it glitched and the app kept restarting no matter what. At this point it seems like a deliberate attempt to not refund people for defective products by introducing a perpetual glitch.",1.0,0.0,2026-07-08 08:38:55,play_store,,4c07b6f0-ac7f-440e-a42a-03deabf41542,SERVICE_NOISE,TRUST_QUALITY,[],False,negative
c3d8afca-e5cf-48b3-b216-8decc466504f,milk is non usable most of the time. phat jata hai. customer care says packed return lenge. useless,1.0,0.0,2026-07-08 08:37:11,play_store,,c3d8afca-e5cf-48b3-b216-8decc466504f,TRUST_QUALITY,,['milk'],False,negative
46ee7b08-025b-481c-a2fc-e61ed95effc8,packing method should be more squre,5.0,0.0,2026-07-08 08:14:55,play_store,,46ee7b08-025b-481c-a2fc-e61ed95effc8,SERVICE_NOISE,,[],False,negative
6311e124-367b-4b4b-a1ea-6f9e2422ff89,my zepto cash balance is not worked,1.0,0.0,2026-07-08 08:08:21,play_store,,6311e124-367b-4b4b-a1ea-6f9e2422ff89,SERVICE_NOISE,,[],False,negative
b12aad76-8f00-4511-b8b1-093c1a1cc3e6,item return option not see or not avaliable,3.0,0.0,2026-07-08 08:04:02,play_store,,b12aad76-8f00-4511-b8b1-093c1a1cc3e6,SERVICE_NOISE,,[],False,negative
82cd51ef-f673-4c5a-8ac6-fd28c34b8153,online ke jagah cash on delivery Ho nahin Sakta kya sab kuchh theek hai under budget for vocation ho sakta hai kya online payment kabhi nahin hote hain to isliye hamesha cash hota Hai to hamesha delivery kaise delivery ho sakta hai,1.0,0.0,2026-07-08 08:03:21,play_store,,82cd51ef-f673-4c5a-8ac6-fd28c34b8153,SERVICE_NOISE,,[],False,negative
bd4db333-0ef1-4534-90cd-1cd58ac949dd,"Very poor customer service and on every order I do, they make some mistake or send used, damaged products with poor packaging.",1.0,0.0,2026-07-08 07:24:56,play_store,,bd4db333-0ef1-4534-90cd-1cd58ac949dd,SERVICE_NOISE,TRUST_QUALITY,[],False,negative
ebd5c562-2d49-4304-bee4-6c28e2a9c254,all products are too good,5.0,0.0,2026-07-08 07:13:32,play_store,,ebd5c562-2d49-4304-bee4-6c28e2a9c254,SERVICE_NOISE,,[],False,positive
8b5a3397-37b8-4cf0-acf7-496a6a3b3b35,"Robust customer support and seamless delivery of goods! I want to specifically mention the Customer Support team, which is available at all times & is prompt to resolve any issues! When most of the companies & start-ups are cutting costs by switching customer service with AI or Auto generated responses, a human in the loop is the most critical & significant component of the business. So, thanks for not deteriorating User Experience.",5.0,0.0,2026-07-08 07:04:40,play_store,,8b5a3397-37b8-4cf0-acf7-496a6a3b3b35,SERVICE_NOISE,,[],False,positive
5598f0c4-0678-44de-a237-063814f788f2,This app is worst doesn't support with order recovery Today I have got used products in order And no proper provision to check on refund or replacement they keep redirecting you from one to another pages such a nasty app Please don't use this app.,2.0,0.0,2026-07-08 06:48:04,play_store,,5598f0c4-0678-44de-a237-063814f788f2,SERVICE_NOISE,TRUST_QUALITY,[],False,negative
645640a4-633f-4061-a08f-bce092e383eb,pathetic app and no one to take ownership incase of service delays,1.0,0.0,2026-07-08 06:09:14,play_store,,645640a4-633f-4061-a08f-bce092e383eb,SERVICE_NOISE,,[],False,negative
a45ddb8d-3ee7-4433-be51-b4c1783cf4e4,Instead of Zepto: groceries delivery keep it as scamming the customers money or fraud company it will be suitable. one of the scammers from zepto sent an auto mail. Nothing will happen and moreover helpless customer support helpless apps....,1.0,0.0,2026-07-08 05:33:41,play_store,,a45ddb8d-3ee7-4433-be51-b4c1783cf4e4,SERVICE_NOISE,,[],False,negative
a55f38fc-9e2c-4a31-88f2-b30580fa230b,Frozen items & service is good but fresh items all times is damaged is not good,5.0,0.0,2026-07-08 05:13:23,play_store,,a55f38fc-9e2c-4a31-88f2-b30580fa230b,TRUST_QUALITY,,"['frozen items', 'fresh items']",False,negative
0f6210e7-8914-42d0-8719-f9266a6be5e0,Unable to use Zepto Lite App. Getting Error for the last 4-5 days. Customer Support is unaware and giving vague resolution.,1.0,0.0,2026-07-08 03:52:18,play_store,,0f6210e7-8914-42d0-8719-f9266a6be5e0,SERVICE_NOISE,,[],False,negative
8d19426b-d139-4802-ac65-2d15004dfe14,good app purchase at anytime,5.0,0.0,2026-07-08 02:22:29,play_store,,8d19426b-d139-4802-ac65-2d15004dfe14,SERVICE_NOISE,,[],False,positive
2eb7cc47-acdb-4eac-ab25-aa775dc093bb,should have ordered from Blinkit,1.0,0.0,2026-07-08 02:09:02,play_store,,2eb7cc47-acdb-4eac-ab25-aa775dc093bb,PRICE_VALUE,,[],False,negative
0784aaf5-4ad3-48ac-9689-45b9d9d71e57,Hi team I had purchased 3 product from your website today a cigarette packet a lighter and a tea packet when the lighter arrived it was smelling of gas hence I discarded it I had a chat with 3 executives who disconnected the chat saying we cannot do anything as the lighter is discarded I have not asked for refund i asked for replacement but I told them I don't have the original product to handover as it is discarded even your email team is of no use i believe a bot replies to it,1.0,0.0,2026-07-08 02:08:59,play_store,,0784aaf5-4ad3-48ac-9689-45b9d9d71e57,SERVICE_NOISE,TRUST_QUALITY,"['cigarette', 'lighter', 'tea']",False,negative
b576b33f-5f04-4a20-94fd-11a933467cd2,Thankyou for zepto family ❤️,5.0,0.0,2026-07-08 02:07:39,play_store,,b576b33f-5f04-4a20-94fd-11a933467cd2,SERVICE_NOISE,,[],False,positive
91cc5bf3-f5c2-4b59-ae05-8cae037f21d0,not giving free delivery for small cart,1.0,0.0,2026-07-08 01:42:23,play_store,,91cc5bf3-f5c2-4b59-ae05-8cae037f21d0,SERVICE_NOISE,,[],False,negative
b9ae84e8-b079-49e2-b344-f092ff4a1ca9,I really like product good quality,4.0,0.0,2026-07-08 01:03:29,play_store,,b9ae84e8-b079-49e2-b344-f092ff4a1ca9,SERVICE_NOISE,,[],False,positive
489b46da-0fbf-4f55-a5b2-84731473c743,without any reason. mera account inactive kar diya . hum her roj 150 se 200 rs ka order krte the per day,1.0,0.0,2026-07-08 00:50:02,play_store,,489b46da-0fbf-4f55-a5b2-84731473c743,SERVICE_NOISE,HABIT_AUTOPILOT,[],False,negative
8e8b905f-613e-4a67-827f-6e2765ff0797,"third class service no proper communication i wait hours or order and they themself cancelled the paid order and now they will take 3-5 days or refund but we have to pay on time what service pathetic worst service other service like blink it , instamart and other are better. yours is worst feeling to say much more but no use you will keep making fool of people waste time of people. minus star and minus for service",1.0,0.0,2026-07-08 00:38:13,play_store,,8e8b905f-613e-4a67-827f-6e2765ff0797,SERVICE_NOISE,PRICE_VALUE,[],False,negative
407a8288-d6cb-433f-9010-1ed8f8a5dbe5,isme cupon aad kr e ka option hi nhi aaa raha hai,1.0,0.0,2026-07-08 00:28:36,play_store,,407a8288-d6cb-433f-9010-1ed8f8a5dbe5,SERVICE_NOISE,,[],False,negative
f52138d8-c554-4b22-adc2-2ff561cb6023,"Fed up with the customer service. The app tells us to email support, but all we get are automated replies saying the seller confirmed the correct product was delivered. So the seller's word matters more than the customer's? Am I blind and unable to recognize what I ordered? Even after receiving the wrong product, they don't properly investigate. Very disappointing support.",1.0,0.0,2026-07-08 00:26:07,play_store,,f52138d8-c554-4b22-adc2-2ff561cb6023,SERVICE_NOISE,,[],False,negative
1c48fed5-7f63-42c9-a48e-b3fc4630630d,without any reason. mera zepto account ko inactive kar diya gya h ....,1.0,0.0,2026-07-08 00:22:28,play_store,,1c48fed5-7f63-42c9-a48e-b3fc4630630d,SERVICE_NOISE,,[],False,negative
3d2f96c7-edc3-4650-92c7-65adaa7f7e80,Good apps and very fast dilevry,5.0,0.0,2026-07-08 00:19:46,play_store,,3d2f96c7-edc3-4650-92c7-65adaa7f7e80,SERVICE_NOISE,,[],False,positive
1b057669-48a1-48ce-b243-bf37587bd537,worst app ordered ice cream that is melted and ice in that ice cream ice cream cost 190 they offered yes madam 250 rupees coupon they what if kids eat that how creepy app it is becoming now I didn't expect this all customer support executive just harrasing with the chat and sharing multiple time on email to mental torture,1.0,0.0,2026-07-08 00:19:42,play_store,,1b057669-48a1-48ce-b243-bf37587bd537,TRUST_QUALITY,SERVICE_NOISE,['ice cream'],False,negative
84bd144d-59f0-4e0e-b8bd-bc5565cd82e3,"Dirty poor torn packaging with expiry dates rubbed off, no help from customer care bot, even sent mail. Was a priority customer with membership too, still no help. All proofs attached and zepto still denied replacement or refund. I was a high value customer with multiple rs2k+ orders in a month. so good bye zepto. using my remaining Zcoins and deleting the app.",1.0,0.0,2026-07-08 00:18:27,play_store,,84bd144d-59f0-4e0e-b8bd-bc5565cd82e3,TRUST_QUALITY,SERVICE_NOISE,[],False,negative
4c94e152-ce3e-4d66-b237-4050acc239c2,reach on right time...thanks Zepto🥰🙏,5.0,0.0,2026-07-08 00:17:42,play_store,,4c94e152-ce3e-4d66-b237-4050acc239c2,SERVICE_NOISE,,[],False,positive
2720a52c-59cc-469f-8f65-69493a71ffec,very nice and good service,5.0,0.0,2026-07-08 00:02:02,play_store,,2720a52c-59cc-469f-8f65-69493a71ffec,SERVICE_NOISE,,[],False,positive
1ba7e4ad-3112-4e3a-b95a-b5d26b13b3a3,"It Takes 1.5 Hour For 10-15 Mins Delivery?, Seriously!, It Happend Three Times Every Time Very Alte Delivery, Worst Experience With Zepto The Late Comer",1.0,0.0,2026-07-07 23:59:45,play_store,,1ba7e4ad-3112-4e3a-b95a-b5d26b13b3a3,SERVICE_NOISE,,[],False,negative
aca4ab9a-e728-429f-90f3-fac445133e74,bad customer service.,1.0,0.0,2026-07-07 23:54:25,play_store,,aca4ab9a-e728-429f-90f3-fac445133e74,SERVICE_NOISE,,[],False,negative
c0dddca4-f662-4103-b1e7-cbc585c16691,i fobt get a refferal link to reffer someone,1.0,0.0,2026-07-07 23:42:41,play_store,,c0dddca4-f662-4103-b1e7-cbc585c16691,SERVICE_NOISE,,[],False,negative
de702c07-c7c4-4ab5-b21a-ebfb44c17bb7,totally fraud company...they take order but don't deliver items...and make false promise of delivery and make you wait for eternal.And after making you to wait for ages...and wasting your time...they will prompt you to cancel your order.Moreevr there is no option of customer support...there just an ai bot...which gives automated answer...totally fraud company...review are also seems to be fake.,1.0,0.0,2026-07-07 23:42:40,play_store,,de702c07-c7c4-4ab5-b21a-ebfb44c17bb7,SERVICE_NOISE,,[],False,negative
aa1e3f97-8ac7-48f9-acbc-e19e2c144801,such a cruel service from zepto and delivery partner these guys took my full money and didn't deliver half of the items when I raised complaint none of them were ready to listen or made sure to connect me with delivery partner i didn't receive my full items such a bad bad service please request everyone do not trust zepto and it's services blindly they're looting money from consumers and not willing to return money or items,1.0,0.0,2026-07-07 23:33:44,play_store,,aa1e3f97-8ac7-48f9-acbc-e19e2c144801,SERVICE_NOISE,,[],False,negative
4e816540-3dcc-48c5-bf2f-7afa5b3d388b,service to late n slow no options for cancel,1.0,0.0,2026-07-07 23:26:32,play_store,,4e816540-3dcc-48c5-bf2f-7afa5b3d388b,SERVICE_NOISE,,[],False,negative
03e2e9bc-385b-4fa0-bcda-f0d7219371c9,"I received a pack of ghee with the silver seal already slightly open. When I contacted customer support, they didn't address my concern instead I got the same generic reply that ""all quality checks were performed,"" without actually listening to or addressing the problem. To make matters worse, they close the chat without even listening to the customer's concerns or providing a proper resolution.",1.0,0.0,2026-07-07 23:25:18,play_store,,03e2e9bc-385b-4fa0-bcda-f0d7219371c9,TRUST_QUALITY,SERVICE_NOISE,['ghee'],False,negative
d3fd1029-0d69-4510-b26e-17d5f9a87c08,"no toll free number, no cancellation option available and not sent upi cashback and chating for query is not good and e mail response is worst. instant cash back not given. don't mislead",1.0,0.0,2026-07-07 23:14:09,play_store,,d3fd1029-0d69-4510-b26e-17d5f9a87c08,SERVICE_NOISE,,[],False,negative
15133ec9-a71f-46c7-93e1-5e8f627d4a7d,They are cheaters. Their delivery partner didn't give me my items and marked them as delivered. Now he is behaving like he is boss of this world. He and his company are rude on various levels. Uninstalling this pathetic app.,1.0,0.0,2026-07-07 23:10:12,play_store,,15133ec9-a71f-46c7-93e1-5e8f627d4a7d,SERVICE_NOISE,,[],False,negative
89f0227f-9eed-4898-940a-4cc1575c7628,fraud quick eCommerce company their customer support is the worst you can imagine. Please don't waste your money and time with this app .,1.0,0.0,2026-07-07 23:01:40,play_store,,89f0227f-9eed-4898-940a-4cc1575c7628,SERVICE_NOISE,,[],False,negative
9e0d9d36-163d-4fe7-afd7-92564577c1b6,"does not support Pluxee, zepto not useful",1.0,0.0,2026-07-07 22:51:14,play_store,,9e0d9d36-163d-4fe7-afd7-92564577c1b6,SERVICE_NOISE,,[],False,negative
ed2f7380-f812-4330-8418-00612041526d,"""I am disappointed with the customer service from Zepto. I ordered milk, but my issue has not been resolved despite multiple follow-ups. I expect a prompt resolution and better support in the future.""",1.0,0.0,2026-07-07 22:49:22,play_store,,ed2f7380-f812-4330-8418-00612041526d,SERVICE_NOISE,,['milk'],False,negative
18be5984-8a53-480d-8873-d7ff71d09c6e,I didn't logged in my mobile number,1.0,0.0,2026-07-07 22:44:42,play_store,,18be5984-8a53-480d-8873-d7ff71d09c6e,SERVICE_NOISE,,[],False,negative
3b253d04-5b3f-4c47-a723-15ac437667be,find the required item only in this app fast and good experience,5.0,0.0,2026-07-07 22:37:35,play_store,,3b253d04-5b3f-4c47-a723-15ac437667be,SERVICE_NOISE,,[],False,positive
c705d2eb-46b0-4b98-888f-e5411743bb4f,wjat a service lowest price always . happy shoping . must downloud. 5 star service and product,5.0,0.0,2026-07-07 22:37:15,play_store,,c705d2eb-46b0-4b98-888f-e5411743bb4f,PRICE_VALUE,,[],False,positive
c3cce0e2-ee9e-494e-812b-d5540bb282ec,very good platform to buy items at discounted rates. free home delivery,5.0,0.0,2026-07-07 22:35:53,play_store,,c3cce0e2-ee9e-494e-812b-d5540bb282ec,PRICE_VALUE,,[],False,positive
122aa91a-ea51-4acf-8d15-246578a8d913,This Zepto app sends defective goods and when you go to customer support they say send an email and there is no response to the email ever.,1.0,0.0,2026-07-07 22:12:03,play_store,,122aa91a-ea51-4acf-8d15-246578a8d913,SERVICE_NOISE,,[],False,negative
2ce608ff-05d3-466d-ac0c-833488bf1f63,bekar aap customer complaint nahi kar skta agr expired product aaya hai to help centre is aap ka kisi kam nahi hai,1.0,0.0,2026-07-07 22:00:18,play_store,,2ce608ff-05d3-466d-ac0c-833488bf1f63,TRUST_QUALITY,SERVICE_NOISE,[],False,negative
fbfbf1d1-fa40-4851-917b-cdc3bc3f5d2b,excellent app for the fastest delivery,5.0,0.0,2026-07-07 21:58:48,play_store,,fbfbf1d1-fa40-4851-917b-cdc3bc3f5d2b,SERVICE_NOISE,,[],False,positive
7e113b74-a665-4f63-a368-8cd29e0e1c7a,always gives fake delivery time,1.0,0.0,2026-07-07 21:56:07,play_store,,7e113b74-a665-4f63-a368-8cd29e0e1c7a,SERVICE_NOISE,,[],False,negative
8f4a2af6-0814-41f3-9376-39386eca9f7e,bhout he bekar app hai koi use mt kro isko,1.0,0.0,2026-07-07 21:46:39,play_store,,8f4a2af6-0814-41f3-9376-39386eca9f7e,SERVICE_NOISE,,[],False,negative
92c7139d-966b-49d2-ab65-c23368434ef0,Zepto does not refund bed service and does not even return the money after taking back the product. My 650 rupees have not been returned yet. Someone please delete this app.,1.0,0.0,2026-07-07 21:27:42,play_store,,92c7139d-966b-49d2-ab65-c23368434ef0,SERVICE_NOISE,,[],False,negative
929c84a4-d5f7-4ecb-ac0c-10f5af8dfb5c,"very poor items delivered in Chennai Tambaram area. repeat rotten , old vegetables selling",1.0,0.0,2026-07-07 21:18:05,play_store,,929c84a4-d5f7-4ecb-ac0c-10f5af8dfb5c,TRUST_QUALITY,,['vegetables'],False,negative
2897294a-a783-4db4-93a2-e7843ab00f12,It seems they have completely refused to help customers. they have got stupid internal policies stopping customer service agents from actually helping. and then dare to ask for feedback.,1.0,0.0,2026-07-07 21:07:32,play_store,,2897294a-a783-4db4-93a2-e7843ab00f12,SERVICE_NOISE,,[],False,negative
3dc0f160-f0f2-4c42-b0e9-ae1c2c2220c1,Fraud App they don't give refund money and order on time,1.0,0.0,2026-07-07 20:58:22,play_store,,3dc0f160-f0f2-4c42-b0e9-ae1c2c2220c1,SERVICE_NOISE,,[],False,negative
4c6e3bbc-98f3-4c83-91f3-fb1b419cf255,very bad you have to give option to cancel order or proceed.there is no option to cancel by mistakenly done order.kindly look once into it,1.0,0.0,2026-07-07 20:53:03,play_store,,4c6e3bbc-98f3-4c83-91f3-fb1b419cf255,SERVICE_NOISE,,[],False,negative
8d001ffb-8e01-4470-8c37-478552994121,"received useless item and expired item,and some item are missing.",1.0,0.0,2026-07-07 20:49:41,play_store,,8d001ffb-8e01-4470-8c37-478552994121,TRUST_QUALITY,,[],False,negative
f61d0fd5-d3bc-4655-bd17-398aadc2e3b6,"We are very Regularly purchase from Zepto 649/ , Now How it's increased the price, I paid now 690/- I am so much upset. next time I will not order.",1.0,0.0,2026-07-07 20:43:20,play_store,,f61d0fd5-d3bc-4655-bd17-398aadc2e3b6,PRICE_VALUE,HABIT_AUTOPILOT,[],False,negative
0e80755d-6009-4e43-88e7-0973f357469a,Hlo Zepto Team I am living in Village side How to Come village Side,5.0,0.0,2026-07-07 20:30:09,play_store,,0e80755d-6009-4e43-88e7-0973f357469a,SERVICE_NOISE,,[],False,negative
38f103fb-2848-4df4-88c2-1b2a62aa5c11,very bad it shows low price things but doesn't have any,1.0,0.0,2026-07-07 20:29:05,play_store,,38f103fb-2848-4df4-88c2-1b2a62aa5c11,DISCOVERY_GAP,,[],False,negative
9c165215-8d64-40ba-8583-0e83433ab7bf,Door to door delivery at reasonable price,5.0,0.0,2026-07-07 20:26:53,play_store,,9c165215-8d64-40ba-8583-0e83433ab7bf,SERVICE_NOISE,,[],False,positive
3a9d16a8-8a1b-45d0-af95-6f8d16938696,"The app asks users to enter a referral code to unlock rewards, but the referral code is not visible in my friend's account. We checked their profile, settings, and recent messages, but there is no code displayed anywhere, so it is unclear where they are supposed to find it or how they can share it with me. FALSE INFORMATION ❗❗",1.0,0.0,2026-07-07 20:19:49,play_store,,3a9d16a8-8a1b-45d0-af95-6f8d16938696,SERVICE_NOISE,,[],False,negative
1b36cdb5-834b-49ff-bf00-3b89a3d66490,"it's really nice, and the quality of products are usually very good. best part is delivered in minutes",5.0,0.0,2026-07-07 20:12:59,play_store,,1b36cdb5-834b-49ff-bf00-3b89a3d66490,SERVICE_NOISE,,[],False,positive
517a6268-ee6b-4cce-ba38-f303b1813fb7,very good service. I like ur staff,5.0,0.0,2026-07-07 20:04:34,play_store,,517a6268-ee6b-4cce-ba38-f303b1813fb7,SERVICE_NOISE,,[],False,positive
d7cb5999-34c9-42ae-a3dd-0feb946c894b,ek number ki chor company apna Mal ek bar bechne ke baad return lene ke liye 1760 naukre dikhati Hai,1.0,0.0,2026-07-07 19:57:45,play_store,,d7cb5999-34c9-42ae-a3dd-0feb946c894b,SERVICE_NOISE,,[],False,negative
ac9b602d-fc6a-4de9-8e91-ddbb3fe68e48,Now your delivery boy delivered less quantity. they stole some quantity. help center is useless. they said that money will be refunded but not refunded my money.,1.0,0.0,2026-07-07 19:52:44,play_store,,ac9b602d-fc6a-4de9-8e91-ddbb3fe68e48,SERVICE_NOISE,,[],False,negative
92390f04-64cc-4591-a533-35d37e2da85a,I am shattered that they are scamming people today i ordered some products and they cost 132 rs and after the order got packed it started showing 152 rs instead of 132 when I tried to connect with them one of the customer associate didn't even understand my situation otherone started saying that it is in the bill I mean they have got some guts to scam people now . I believe people should stop ordering from the app. From the day i have given review here they have hold on my account,1.0,0.0,2026-07-07 19:40:59,play_store,,92390f04-64cc-4591-a533-35d37e2da85a,SERVICE_NOISE,,[],False,negative
c2dcc376-310b-490d-bf8f-076796160c37,Best app out there for home delivery of any item,5.0,0.0,2026-07-07 19:38:42,play_store,,c2dcc376-310b-490d-bf8f-076796160c37,SERVICE_NOISE,,[],False,positive
f88244f1-85ad-4a97-a63d-03ca26acae5b,this app was so annoying. i ordered one item and with other 3 various items with it but that one product was spoiled and I try to complain about the product in the zepto.when I try to upload the photo of the product the chat page comes out automatically to the Home page . it was not acceptable my money was waste because of the zepto,1.0,0.0,2026-07-07 19:38:35,play_store,,f88244f1-85ad-4a97-a63d-03ca26acae5b,TRUST_QUALITY,SERVICE_NOISE,[],False,negative
04df5c2e-3905-46e5-8c8b-50af4aa271d5,there is no proper response support team.,1.0,0.0,2026-07-07 19:32:34,play_store,,04df5c2e-3905-46e5-8c8b-50af4aa271d5,SERVICE_NOISE,,[],False,negative
0f2543c5-552e-43c0-8d35-080dc71c9b4d,this app is very unknown,1.0,0.0,2026-07-07 19:28:25,play_store,,0f2543c5-552e-43c0-8d35-080dc71c9b4d,SERVICE_NOISE,,[],False,negative
d6bfc24f-a806-45ce-900e-fc49e7800481,no way to chat with support if any issue only email so uninstalled,1.0,0.0,2026-07-07 19:19:28,play_store,,d6bfc24f-a806-45ce-900e-fc49e7800481,SERVICE_NOISE,,[],False,negative
b320f1d8-2b26-4df0-b96b-cf6385485303,"there should be an option for non instant delivery, I am not always in need for quick 10 min grocery",4.0,0.0,2026-07-07 19:15:54,play_store,,b320f1d8-2b26-4df0-b96b-cf6385485303,MENTAL_MODEL,,['grocery'],False,negative
2fd00aaa-2921-43b0-a757-6da2f7e6c5bc,"Very bad app sometime the goods do not come complete, sometimes they come broken, sometimes they do not come for return",1.0,0.0,2026-07-07 19:08:38,play_store,,2fd00aaa-2921-43b0-a757-6da2f7e6c5bc,SERVICE_NOISE,TRUST_QUALITY,[],False,negative
8dddee78-ea67-4960-a882-40beefb74a34,this app is so disturbing app because there is no rain is coming in my area but he was showing your area have high raining,1.0,0.0,2026-07-07 18:47:24,play_store,,8dddee78-ea67-4960-a882-40beefb74a34,SERVICE_NOISE,,[],False,negative
79d949a7-0ace-4ece-9c21-c463890c530f,"Extremely disappointing customer service. I received a poor-quality product and reported the issue, but instead of resolving it, I kept getting scripted responses saying the complaint was raised after their 3-day window. My concern wasn't taken seriously at all. Good customer service is about resolving genuine",1.0,0.0,2026-07-07 18:37:12,play_store,,79d949a7-0ace-4ece-9c21-c463890c530f,SERVICE_NOISE,TRUST_QUALITY,[],False,negative
0b37ab06-0307-4fd5-9022-81e23dea7f75,time to time delivery TQ so much am so happy 😊,5.0,0.0,2026-07-07 18:22:25,play_store,,0b37ab06-0307-4fd5-9022-81e23dea7f75,SERVICE_NOISE,,[],False,positive
a5255133-a9fd-44f7-86b4-6c86308cf65e,"Stores around here are often unavailable, which makes the app useless and makes me want to use competitors like Swiggy Instamart. Hope they fix it soon.",1.0,0.0,2026-07-07 18:19:59,play_store,,a5255133-a9fd-44f7-86b4-6c86308cf65e,SERVICE_NOISE,,[],False,negative
09956eb5-ea94-4640-8751-e5858a3676f5,"Poor customer support and no access to a human agent when needed. Couldn't cancel an order even before it was packed. Also received unsealed products and poor-quality vegetables multiple times. After several bad experiences, I'm seriously reconsidering using Zepto. Many times no cover also when you chose the option for cover and still don't get one.",1.0,0.0,2026-07-07 18:19:00,play_store,,09956eb5-ea94-4640-8751-e5858a3676f5,SERVICE_NOISE,TRUST_QUALITY,['vegetables'],False,negative
6f605e4f-5961-47a3-8542-3006c0be5c33,"Very disappointing experience. I placed the order twice. The first payment was refunded, but the second payment was debited from my bank account. Initially, I was told the payment was never received, even though the money had already been deducted from my account. Now the app only shows that the refund is processing,with no clear timeline or proper resolution. The lack of transparency and inconsistent support has been extremely frustrating.",1.0,0.0,2026-07-07 18:17:59,play_store,,6f605e4f-5961-47a3-8542-3006c0be5c33,SERVICE_NOISE,,[],False,negative
723e14bb-534a-4259-a8fc-6c735ed519ca,"horrible, I've decided to discard this app.",1.0,0.0,2026-07-07 18:15:55,play_store,,723e14bb-534a-4259-a8fc-6c735ed519ca,SERVICE_NOISE,,[],False,negative
44957fd0-dbad-4267-b230-c929d692b194,Get before your dreams come to an end!,5.0,0.0,2026-07-07 18:07:29,play_store,,44957fd0-dbad-4267-b230-c929d692b194,SERVICE_NOISE,,[],False,positive
5320f902-96c1-4a2f-a50a-17f92f068c65,good and perfect for the delivery team,4.0,0.0,2026-07-07 18:07:08,play_store,,5320f902-96c1-4a2f-a50a-17f92f068c65,SERVICE_NOISE,,[],False,positive
9f58f089-ad7d-4ba4-813b-a1f4945dfe78,very bad at every single time with delivered products 😕 opens packaging some time time torn some time products are missing and even icecreams are opened and delivered tested and their customer service don't accept it and they say it's all ours foult blinkit it better than this zepto.,1.0,0.0,2026-07-07 17:44:31,play_store,,9f58f089-ad7d-4ba4-813b-a1f4945dfe78,SERVICE_NOISE,TRUST_QUALITY,['ice cream'],False,negative
29d48dde-d1d9-4307-ac69-4c891343f658,The Worst quick ecommerce products comes stale and rotten/damaged asked for replacement or refund denied.,1.0,0.0,2026-07-07 17:43:15,play_store,,29d48dde-d1d9-4307-ac69-4c891343f658,TRUST_QUALITY,,[],False,negative
00dd0636-4343-4bbb-9ccc-c8dc4493e1af,super app and all prices super,5.0,0.0,2026-07-07 17:37:04,play_store,,00dd0636-4343-4bbb-9ccc-c8dc4493e1af,SERVICE_NOISE,,[],False,positive
fd8a2454-3cc2-485d-babb-9e83fd0ccc9d,very good service 👏 👍,5.0,0.0,2026-07-07 17:12:59,play_store,,fd8a2454-3cc2-485d-babb-9e83fd0ccc9d,SERVICE_NOISE,,[],False,positive
e8bf86bf-4094-46dc-aa0b-b9be11625d4b,"terrible service, 4/9 products missing, no resolution. mailed, used in-app chat... but no resolution... such a scam! lost money + time!",1.0,0.0,2026-07-07 16:58:18,play_store,,e8bf86bf-4094-46dc-aa0b-b9be11625d4b,SERVICE_NOISE,,[],False,negative
561c28ab-ab98-4902-b4ca-cdb254d1ecb9,"worst delivery staff, I ordered chocolates and food items and delivery guy took and updated it's delivered. zepto staff supporting these activities. very poor service and arrogant zepto admin support staffs. plz be careful about this app",1.0,0.0,2026-07-07 16:56:30,play_store,,561c28ab-ab98-4902-b4ca-cdb254d1ecb9,SERVICE_NOISE,,"['chocolates', 'food items']",False,negative
440c2fd5-fa9d-4163-a96e-513ca2ac905d,put hold on my account for no reason,1.0,0.0,2026-07-07 16:33:18,play_store,,440c2fd5-fa9d-4163-a96e-513ca2ac905d,SERVICE_NOISE,,[],False,negative
92dd4495-cee3-450e-a6af-87ebf295e6be,"I am totally disappointed with this app they don't have customer service support,i ordered chia seeds and chips and they delivered something else , i asked for coustomer service help they didn't get me the solution instead they are saying they sent correct one but i said confirm with delivery person bcz he took photo of the products after delivering they still sent same text. totally waste of money and time",1.0,0.0,2026-07-07 16:33:15,play_store,,92dd4495-cee3-450e-a6af-87ebf295e6be,SERVICE_NOISE,,"['chia seeds', 'chips']",False,negative
a88a0e50-3183-4cc1-baab-d565d8b3362a,I have given the order for the 500gm tomato but i got only 200gm,1.0,0.0,2026-07-07 16:30:31,play_store,,a88a0e50-3183-4cc1-baab-d565d8b3362a,SERVICE_NOISE,,['tomato'],False,negative
baf1b815-8035-4a1d-8249-dc8ba8894a1f,They scam in for that offers in app that they collab,1.0,0.0,2026-07-07 16:21:18,play_store,,baf1b815-8035-4a1d-8249-dc8ba8894a1f,SERVICE_NOISE,,[],False,negative
e917027b-9044-4547-a06c-e0b170a45a0d,very bad service. Starting me sahi tha ab to delivery 1 hour tk late hoti h.,1.0,0.0,2026-07-07 16:13:19,play_store,,e917027b-9044-4547-a06c-e0b170a45a0d,SERVICE_NOISE,,[],False,negative
19086016-fa51-4607-b909-26d8b7ec5cb5,first time order Kiya tha but experience bahot bekar mila.,1.0,0.0,2026-07-07 16:02:21,play_store,,19086016-fa51-4607-b909-26d8b7ec5cb5,SERVICE_NOISE,,[],False,negative
27c212ca-bbf2-4001-91ad-be57a498aae9,Fast & Secure E- Commercial Platform ❤️ for online Delivery 🤩,5.0,0.0,2026-07-07 15:54:24,play_store,,27c212ca-bbf2-4001-91ad-be57a498aae9,SERVICE_NOISE,,[],False,positive
2d1d5f0d-adf8-40e6-8a95-101b9c3ff551,"""Zepto's service has become terrible lately. I ordered milk twice, and both times it arrived curdled. When I tried to contact customer service via the chat, the app wouldn't connect me to an agent and just told me to send an email. My money has been completely wasted. Do not order anything from this app—their support and refund systems are completely broken. It is the worst app.""",1.0,0.0,2026-07-07 15:19:36,play_store,,2d1d5f0d-adf8-40e6-8a95-101b9c3ff551,SERVICE_NOISE,TRUST_QUALITY,['milk'],False,negative
7c72917f-590e-41fc-81f5-4fd4f1cc490c,Worst delivery app after having the message that your order has delivered the delivery boy suddenly called me and told me that he will not deliver the order.... I mean why.... if they don't want to deliver then don't accept the order... what is the meaning of accepting it and make your consumer wait and after that suddenly you are saying it has cancelled.... and also after complaining to their CRM team.... they are showing unproffessional behavior... they are simply ignoring it and cut the call,1.0,0.0,2026-07-07 15:06:20,play_store,,7c72917f-590e-41fc-81f5-4fd4f1cc490c,SERVICE_NOISE,,[],False,negative
b4b5d1e0-3a0d-4c77-82bf-e4b5c2ff2012,Very bad customer service they are all theif and unable to resolve any theft,1.0,0.0,2026-07-07 14:56:52,play_store,,b4b5d1e0-3a0d-4c77-82bf-e4b5c2ff2012,SERVICE_NOISE,,[],False,negative
3adb54c3-3bc9-45be-84e6-e9628cdf043b,lanbai me 6 fut hei aur bhu t hi jaldi aaya achha bhi hei,5.0,0.0,2026-07-07 14:55:33,play_store,,3adb54c3-3bc9-45be-84e6-e9628cdf043b,SERVICE_NOISE,,[],False,positive
01fe5a99-018c-492b-b4b3-3a0df9d2a2db,your AI chatbot is one of the most frustrating I have used. it has wasted so much of my time before getting my issues resolved. please just use human agents.,2.0,0.0,2026-07-07 14:45:08,play_store,,01fe5a99-018c-492b-b4b3-3a0df9d2a2db,SERVICE_NOISE,,[],False,negative
5913bed3-ce2d-4da5-8231-686ab8afb573,"Always expect a horrible experience, they are never on time, no matter the location or the city. If it shows 5-20 minutes, always expect 50-60 minutes delivery. They don't let you cancel, don't offer refund and worse, a shiity chat bot as customer support, no human agent. Worst app in hyperlocal, never use it.",1.0,0.0,2026-07-07 14:30:51,play_store,,5913bed3-ce2d-4da5-8231-686ab8afb573,SERVICE_NOISE,,[],False,negative
d9e40de1-2bbd-4a18-8234-4a0c5ba930c7,"very good service, good products at reasonable price",5.0,0.0,2026-07-07 14:11:54,play_store,,d9e40de1-2bbd-4a18-8234-4a0c5ba930c7,SERVICE_NOISE,,[],False,positive
555e79e7-444e-46c8-8396-4bd141c62155,delivery and product availability is good. however the following features make this app horrible to use: 1. BAD UI - so many ads and scratch cards - pls allow an option to opt out 2. too many ads - so many that i don't use zepto unless I don't get the same product on another app 3. unreliable and misleading time to delivery - zepto is the only app where i have seen the time shown to delivery be nowhere near the actual time taken I'd use the app more if the above was addressed.,1.0,0.0,2026-07-07 13:50:28,play_store,,555e79e7-444e-46c8-8396-4bd141c62155,SERVICE_NOISE,MENTAL_MODEL,[],False,negative
3e2b552c-6fb6-4114-96cf-b4ed59be61c4,I like diss aap and very good,5.0,0.0,2026-07-07 13:18:20,play_store,,3e2b552c-6fb6-4114-96cf-b4ed59be61c4,SERVICE_NOISE,,[],False,positive
2ca94521-af3b-4ec8-9cfe-30267876348e,"Zepto is a very bad app in customer services. Please dont use zepto they gave me a fake product and they're now not even returning or replacing it, which is a scam. edited: zepto doesn't deserve a second chance theyre actually a cheater. i ordered country delight milk but I got amul milk with a different price. theyre not even providing with refund. I've placed the request more than 5 times but theyre denying. total cheater and fake for a home delivery app. worst customer service.",1.0,0.0,2026-07-07 13:10:07,play_store,,2ca94521-af3b-4ec8-9cfe-30267876348e,TRUST_AUTHENTICITY,SERVICE_NOISE,['milk'],False,negative
b1aff714-3a60-4982-bb17-d4d8a45e7567,change Zepto name as Scamtoo. totally fraud before adding my debit card offer was seen after adding card within a minute offer disabled.. in one of order there is offer with my amazon pay wallet that cashback i haven't received totally scamming consumers,1.0,0.0,2026-07-07 13:06:00,play_store,,b1aff714-3a60-4982-bb17-d4d8a45e7567,SERVICE_NOISE,,[],False,negative
ec3ce243-f0ff-489c-9383-c4d2fc3d4cee,Brought a new lipliner from zepto recently (Shrygan cosmetics) and noticed that it had a sticker showing the mfg date (Jan2026) and exp date (Jan2029). Something felt off so I peeled off this sticker to see the original mfg date on the lipliner which was 11-2020 and the exp was 10-2025 These original dates on the lipliner were blacked out using a marker in a poor attempt at hiding it. Zepto is scamming you by selling old products with a fake mfg and exp date. This is a clear health hazard.,1.0,0.0,2026-07-07 13:02:29,play_store,,ec3ce243-f0ff-489c-9383-c4d2fc3d4cee,TRUST_AUTHENTICITY,,['skincare'],False,negative
4b794abc-893c-4e5a-ad56-c2cb0db1714c,"If you receive any product, check and report the same day or immediately.. if you wait for the next day.. they will not support you at any cost... worst response for my case - 1. hdmi cable spec issues 5m shows & delivered 1.5m 2. ponni rice shows in the app & received other varieties of polished rice.. reported by mail, they do not support due to late reporting..",2.0,0.0,2026-07-07 12:58:48,play_store,,4b794abc-893c-4e5a-ad56-c2cb0db1714c,SERVICE_NOISE,,"['electronics', 'rice']",False,negative
e6b97d10-e11a-4760-be2a-b3c4dc5693c7,"whenever i add anything, the cart gets unserviceable.",1.0,0.0,2026-07-07 12:52:29,play_store,,e6b97d10-e11a-4760-be2a-b3c4dc5693c7,SERVICE_NOISE,,[],False,negative
ed0f4f50-f87d-4674-9da5-2d6b0b458b12,"yesterday , today I'm ordering things with gift bag i don't get n keep on recieved with blinkit plastic",1.0,0.0,2026-07-07 12:17:23,play_store,,ed0f4f50-f87d-4674-9da5-2d6b0b458b12,SERVICE_NOISE,,[],False,negative
6b23dd41-9fd9-4f62-b1dd-bb629666f1c1,absolutely pathetic customer care,1.0,0.0,2026-07-07 12:14:33,play_store,,6b23dd41-9fd9-4f62-b1dd-bb629666f1c1,SERVICE_NOISE,,[],False,negative
35d136bd-deda-4bbe-8104-5a7a1231a175,kbhi kbhi shi rahta hai phir inke delevery partner kuch bhi daal dete hain aur saman late hi nhi h kbhi road block kabhi kuch baki sare app se sbkuch ata h inka hi natak chalta rhta h,3.0,0.0,2026-07-07 12:00:10,play_store,,35d136bd-deda-4bbe-8104-5a7a1231a175,SERVICE_NOISE,,[],False,negative
c1097f61-3078-486d-8afc-de161f2f5f59,Quality of vegetables degrading day by day. There is no quality control in their storages.,1.0,0.0,2026-07-07 11:58:23,play_store,,c1097f61-3078-486d-8afc-de161f2f5f59,TRUST_QUALITY,,['vegetables'],False,negative
8072f4a7-bf0b-4464-96d0-be363e8bd859,best app for all your needs,5.0,0.0,2026-07-07 11:20:42,play_store,,8072f4a7-bf0b-4464-96d0-be363e8bd859,SERVICE_NOISE,,[],False,positive
2dd90532-10f3-4add-b330-2b7e171da024,Customer service is so bad. they delivered me a cookies which package was torned. I lodged a complain but my issue was not solved and the cookies were broken 😔. #shame on zepto and their services,1.0,0.0,2026-07-07 11:11:15,play_store,,2dd90532-10f3-4add-b330-2b7e171da024,SERVICE_NOISE,,['snacks'],False,negative
b2350686-cab1-4eb7-8e4f-3aacb8d0856e,bahut badhiya rate Lage,5.0,0.0,2026-07-07 11:08:24,play_store,,b2350686-cab1-4eb7-8e4f-3aacb8d0856e,SERVICE_NOISE,,[],False,positive
358dc824-6c90-4e59-a453-7c51cec908ce,"whenever I place order for yelakki banana I get low grade other variety normal yellow banana, after many complaints in customer care this problem not solving, so now I limit shopping in zepto, they are breaking their customers regular customers by providing low grade quality products specially banana",5.0,1.0,2026-07-07 10:44:00,play_store,,358dc824-6c90-4e59-a453-7c51cec908ce,TRUST_QUALITY,HABIT_AUTOPILOT,['fruits'],False,negative
eb25910d-5063-42a4-8e83-2c08185b0c30,his blocked my account,1.0,0.0,2026-07-07 10:05:57,play_store,,eb25910d-5063-42a4-8e83-2c08185b0c30,SERVICE_NOISE,,[],False,negative
10de502e-6d50-4cdb-b559-f6c65e93cd04,The delivery is delayed often. The useless AI they have doesn't connect you to a person which is even more annoying.,1.0,0.0,2026-07-07 10:03:45,play_store,,10de502e-6d50-4cdb-b559-f6c65e93cd04,SERVICE_NOISE,,[],False,negative
3803c530-6caf-4770-9db9-6d2d96bd7d58,they make mistakes knowingly and make it harder to reach customer care,1.0,0.0,2026-07-07 10:02:42,play_store,,3803c530-6caf-4770-9db9-6d2d96bd7d58,SERVICE_NOISE,,[],False,negative
5dc3c325-0b42-4839-824b-ab00617dc9ce,I had a very bad experience. they deliver the wrong items but do not provide any resolution.,1.0,0.0,2026-07-07 09:59:35,play_store,,5dc3c325-0b42-4839-824b-ab00617dc9ce,SERVICE_NOISE,,[],False,negative
42bf10b8-efd0-40dc-afc3-02e823540f21,"I am writing to bring to your attention an issue I encountered with my recent order. Unfortunately, two items totaling Rs 137 were missing upon delivery. In the past, I was pleased with how quickly and efficiently refunds were processed for similar issues. However, this time, I find myself needing to contact Customer Care for a resolution, and I have not received any response yet. I feel disappointed and totally unsatisfactory with the current service",1.0,0.0,2026-07-07 09:48:50,play_store,,42bf10b8-efd0-40dc-afc3-02e823540f21,SERVICE_NOISE,,[],False,negative
459eefc5-2475-46a3-a96c-1b58bc444a1a,delivery partner behaviour is rude. And your complaint will not listen.,1.0,0.0,2026-07-07 09:44:59,play_store,,459eefc5-2475-46a3-a96c-1b58bc444a1a,SERVICE_NOISE,,[],False,negative
ac62d419-1d75-4953-ad89-cbae4f72a38d,The best and far better than blinkit,5.0,0.0,2026-07-07 09:36:09,play_store,,ac62d419-1d75-4953-ad89-cbae4f72a38d,SERVICE_NOISE,,[],False,positive
a4faff5f-5030-4b8b-bb63-165097d2605c,delivery agent took my money and zepto did nothing worst management.,1.0,0.0,2026-07-07 09:22:53,play_store,,a4faff5f-5030-4b8b-bb63-165097d2605c,SERVICE_NOISE,,[],False,negative
69c73709-7dbf-4fff-91ad-307e2fc4207a,"The support option in the application is completely useless as it do not provide any option to directly contact a support agent. Also the delivery time keeps getting increased after the payment is done. Before placing order it is like ""delivery in 10 mins"". After placing order suddenly it is 14 mins. I understand okay, but now it keeps getting delayed and now it is more than 20 mins, and the bot that is suppose to help you, keeps repeating the same lines, without any useful update and reason.",1.0,2.0,2026-07-07 09:06:38,play_store,,69c73709-7dbf-4fff-91ad-307e2fc4207a,SERVICE_NOISE,,[],False,negative
d4b129f6-d831-4f68-950c-50b5927080b9,abhi tak ki mere phone main sabse ghatiya app or duniya ki sabse gandi dilivery time,1.0,0.0,2026-07-07 09:02:57,play_store,,d4b129f6-d831-4f68-950c-50b5927080b9,SERVICE_NOISE,,[],False,negative
9757ff0a-9480-4062-8f93-8ca11eb529c5,refer code not showing,1.0,0.0,2026-07-07 08:54:46,play_store,,9757ff0a-9480-4062-8f93-8ca11eb529c5,SERVICE_NOISE,,[],False,negative
dc563d89-d249-48f6-a4e0-21737b9d83aa,Very Very Good Quality...Very Good Service ... Delivery Boy Very Good Service...Low Price.... FRESH,5.0,0.0,2026-07-07 08:52:23,play_store,,dc563d89-d249-48f6-a4e0-21737b9d83aa,SERVICE_NOISE,,[],False,positive
bc6cb5ac-48db-4934-8389-e7814efb9baf,"ZEPTO IS A SCAM!!!! Ms Janki Choudhary, Ms Nadia Katoon and the delivery executive (whose no. both are not ready to share) are all jointly involved in the scam. My 6 orders worth rs 1024 is missing. I have also shared the pic of items received,they are not helping me to: 1. share the rider details to check where he has delivered 2. share the pic he has shared to confirm delivery 3. refund of the money since it was not resolved. Also, please hire team who can resolve issue.",1.0,1.0,2026-07-07 08:28:52,play_store,,bc6cb5ac-48db-4934-8389-e7814efb9baf,SERVICE_NOISE,,[],False,negative
8443a85a-595a-4db3-abf3-9f0ee768a296,useless and pethatic service and very bad response. useless products will deliver and not opt for refund,1.0,0.0,2026-07-07 08:25:39,play_store,,8443a85a-595a-4db3-abf3-9f0ee768a296,SERVICE_NOISE,,[],False,negative
795041f7-5a9d-45d3-8c5f-539eb4607968,zepto lite app and web broswer both are crashing and showing techical error from last 15 days...why are you not resolving the issue,1.0,0.0,2026-07-07 08:19:33,play_store,,795041f7-5a9d-45d3-8c5f-539eb4607968,SERVICE_NOISE,,[],False,negative
2645907b-87e0-4360-845c-a5921146b410,"very bad experience in zepto delivery person don't buy in zepto choose other options,",1.0,1.0,2026-07-07 08:07:15,play_store,,2645907b-87e0-4360-845c-a5921146b410,SERVICE_NOISE,,[],False,negative
32f4fd32-61fc-49f2-b557-905b22f9ded2,"Today i ordered 4 milk packets akshayakalpa, i received 3 packets today expired date, 1 packet fresh stock, tomorrow expire date. Don't place milk packets in Zepto, Today my last dairy products order in zepto.",1.0,0.0,2026-07-07 08:02:22,play_store,,32f4fd32-61fc-49f2-b557-905b22f9ded2,TRUST_QUALITY,,"['milk', 'dairy']",False,negative
c6d71140-3e94-4e0f-83c6-0ffc5726117f,The milk product they are deliverig now a days always curdled and the customer support talk nonsense about the expiry date. and do not refund. Nonsense. deleting the app,1.0,0.0,2026-07-07 07:51:28,play_store,,c6d71140-3e94-4e0f-83c6-0ffc5726117f,TRUST_QUALITY,SERVICE_NOISE,['milk'],False,negative
88eded73-f373-45a2-90ae-3d0a0e0ca9ae,good and immediately delevery,5.0,0.0,2026-07-07 07:25:17,play_store,,88eded73-f373-45a2-90ae-3d0a0e0ca9ae,SERVICE_NOISE,,[],False,positive
c4780b33-f4e7-4831-b1e9-fc149f79193c,very Good With minimum cost Best application I have Used,5.0,0.0,2026-07-07 07:22:01,play_store,,c4780b33-f4e7-4831-b1e9-fc149f79193c,SERVICE_NOISE,,[],False,positive
7756c2e0-96df-4802-8253-e04ecfa02c17,after the recent update the account was put on hold. all of a sudden. i asked my friends they also updated the app and their account was also put on hold.,1.0,0.0,2026-07-07 06:59:24,play_store,,7756c2e0-96df-4802-8253-e04ecfa02c17,SERVICE_NOISE,,[],False,negative
625fca0f-7f90-4d59-8524-7703cf95d55a,"from this app , the product is value for money. also minimum 100 orders give free delivery.",5.0,0.0,2026-07-07 06:53:18,play_store,,625fca0f-7f90-4d59-8524-7703cf95d55a,PRICE_VALUE,,[],False,positive
87f82dcb-779d-49d8-b5be-4859221e50f5,super easy to use and very helpful,5.0,0.0,2026-07-07 06:39:06,play_store,,87f82dcb-779d-49d8-b5be-4859221e50f5,SERVICE_NOISE,,[],False,positive
cf095795-d09e-4b82-b969-39d1096f126b,"Deeply disappointed with the customer service. I reported a missing item from my recent order, but support and the grievance team simply keep repeating that 'the seller confirmed delivery.' They are ignoring the fact that while some items arrived, the order was incomplete. Asking a customer for 'proof' that something was never in the box is absurd. I’ve paid for products I never received and am getting nowhere with their support team. Avoid if you value your time and money! Lost a loyal customer",1.0,3.0,2026-07-07 04:43:11,play_store,,cf095795-d09e-4b82-b969-39d1096f126b,SERVICE_NOISE,,[],False,negative
e6ca7865-7b6c-42f0-ad17-cc24fb4e9498,not able to login and out of sudden they hold my account not been able to login send mail queries but no response from them since a week..,1.0,0.0,2026-07-07 04:05:20,play_store,,e6ca7865-7b6c-42f0-ad17-cc24fb4e9498,SERVICE_NOISE,,[],False,negative
aab97894-8339-42d5-b944-02f1122ee198,bhut kharab service h,1.0,0.0,2026-07-07 03:03:04,play_store,,aab97894-8339-42d5-b944-02f1122ee198,SERVICE_NOISE,,[],False,negative
f82c7f01-5dce-4aa6-9384-f22b99025b4b,very worst they still money giving wrong product n not refunding or return there only one agent everytime he wasn't helpful at all,1.0,0.0,2026-07-07 02:39:34,play_store,,f82c7f01-5dce-4aa6-9384-f22b99025b4b,SERVICE_NOISE,,[],False,negative
ff9279a8-f075-449e-9a52-7d3dd4188780,I liked that your service is available day and night.,4.0,0.0,2026-07-07 01:46:28,play_store,,ff9279a8-f075-449e-9a52-7d3dd4188780,SERVICE_NOISE,,[],False,positive
8f12da88-74a6-4a7f-a273-53021d996059,"MANISH KUMAR SINGH this delivery guy in delhi walked off with my 100 rupees which he was supposed to give me back, he went down my building that's when I remembered and kept calling him but he kept rejecting my call.... it's not about the money, it's about the experience and ethics of this app.",2.0,0.0,2026-07-07 01:22:32,play_store,,8f12da88-74a6-4a7f-a273-53021d996059,SERVICE_NOISE,,[],False,negative
e31179e1-077f-4410-9584-a56da629beaf,wrost app charged couple of times if do prepaid order and not returning money to us totally frod app,1.0,0.0,2026-07-07 00:55:05,play_store,,e31179e1-077f-4410-9584-a56da629beaf,SERVICE_NOISE,,[],False,negative
5ba542c5-f65c-4371-bb67-beec4ebb5e07,"worst support, the chatbot just says the same thing after every message and no human agent to interact",1.0,0.0,2026-07-07 00:44:00,play_store,,5ba542c5-f65c-4371-bb67-beec4ebb5e07,SERVICE_NOISE,,[],False,negative
72e9bdf9-f142-4edb-a3c0-6fce44add958,items are gud. if any defect they provide immediate solution,5.0,0.0,2026-07-07 00:43:22,play_store,,72e9bdf9-f142-4edb-a3c0-6fce44add958,SERVICE_NOISE,,[],False,positive
648903a2-b6d0-4d93-b127-bcaf6b25a71f,don't install the app they are very worst sometimes they send broken product and even worst product and especially they accept order but they don't deliver so main thing no customer support some stupid ai they kept no use,1.0,0.0,2026-07-07 00:37:35,play_store,,648903a2-b6d0-4d93-b127-bcaf6b25a71f,SERVICE_NOISE,TRUST_QUALITY,[],False,negative
b7a178ba-3f1e-4cd1-abb0-9fa27bc60518,"Worst app, worst experience.. delivered rotten and stale products and when we try to go for the return product option it is forcing us to send an email to their customer support mail id. When I send an email, it always sends an automatic reply stating that we have delivered what you have ordered. Which means I only ordered rotten vegetables?so they delivered rotten products. in the email it says we tried but couldn't reach you unfortunately I didn't receive a single call... whole drama ...",1.0,0.0,2026-07-07 00:30:50,play_store,,b7a178ba-3f1e-4cd1-abb0-9fa27bc60518,TRUST_QUALITY,SERVICE_NOISE,['vegetables'],False,negative
24b18d58-18e8-423d-a06b-a82a87a4cebf,good and fast delivery,5.0,0.0,2026-07-07 00:15:53,play_store,,24b18d58-18e8-423d-a06b-a82a87a4cebf,SERVICE_NOISE,,[],False,positive
34aa3425-5b77-4328-a408-6fdf046011c4,bitter gourd very bad quality I don't want this products pls replace,5.0,0.0,2026-07-07 00:09:09,play_store,,34aa3425-5b77-4328-a408-6fdf046011c4,TRUST_QUALITY,,['vegetables'],False,negative
dc421739-5ff2-4bcb-b54c-ab93d172c5c1,"very bad service, they are giving the wrong product and also not process return and refund , i am going to uninstall this app",1.0,0.0,2026-07-07 00:06:00,play_store,,dc421739-5ff2-4bcb-b54c-ab93d172c5c1,SERVICE_NOISE,,[],False,negative
053330f8-be2a-4ba0-af91-d121c1f3a988,"please do not stuck your money while ordering from zepto. If required, use COD. There is quality issue with them and there is no provision of havinga proof if you refuse an order after prepaid. They will show order delivered. I have uninstalled this app now.",1.0,0.0,2026-07-07 00:05:50,play_store,,053330f8-be2a-4ba0-af91-d121c1f3a988,TRUST_QUALITY,SERVICE_NOISE,[],False,negative
ae7a31fb-1545-46b8-a67b-9d674dec5995,"You can go with Blinkit or Instamart instead. Zepto forced us to schedule the order, made us wait, and didn't provide an option to cancel it. In contrast, the other platforms deliver within minutes without forcing scheduled deliveries, and they offer a proper cancellation option if needed.",1.0,0.0,2026-07-06 23:49:51,play_store,,ae7a31fb-1545-46b8-a67b-9d674dec5995,SERVICE_NOISE,,[],False,negative
d0c5ab11-240e-48a6-a517-b71a007c8ecc,khrab saman ki complaint daalo toh I'd block kar dete y chahe wallet m paise ho pade ho wo waste ho enne koi frak nhi padta na call karte h,1.0,0.0,2026-07-06 23:28:51,play_store,,d0c5ab11-240e-48a6-a517-b71a007c8ecc,SERVICE_NOISE,,[],False,negative
f93281d2-8053-4982-b5f0-cdabe4a251cf,it's a fraud company..Just now I had ordered makhana of 57gm which of 96 rupees but they delivered a 30 rupees product which of 12 gms only when I raised a complaint customer care also helpless.,1.0,0.0,2026-07-06 23:17:42,play_store,,f93281d2-8053-4982-b5f0-cdabe4a251cf,TRUST_QUALITY,SERVICE_NOISE,['snacks'],False,negative
cec44ba8-ea89-429a-8707-5df078317d18,i order ice cream from zepto and ice cream was melted and i ask for my refund but zepto assistant was denied for refund and offered me coupon i am very disappointed with zepto service this was my first and last order from zepto,1.0,0.0,2026-07-06 23:14:57,play_store,,cec44ba8-ea89-429a-8707-5df078317d18,TRUST_QUALITY,SERVICE_NOISE,['ice cream'],True,negative
8f479f24-f32c-4d57-a4d2-9e116a498750,"fast service , nice product.",5.0,0.0,2026-07-06 23:04:48,play_store,,8f479f24-f32c-4d57-a4d2-9e116a498750,SERVICE_NOISE,,[],False,positive
56be0c3c-21c3-4094-9876-75c7429a0cd8,"Its not giving me referral code option ,even if I want to reffer somebody i don't have option to send them the code as its not available, if you don't have this program then why did you promote it at first place..",1.0,0.0,2026-07-06 22:58:56,play_store,,56be0c3c-21c3-4094-9876-75c7429a0cd8,SERVICE_NOISE,,[],False,negative
defc6f26-94fc-4d4b-97d7-3897371a4fc8,Worst app 50%. Off thy hve put me all damage product waste of money thy r fooling people very disappointed pls dnt buy discount product al dirty package consumer carevery worst,1.0,0.0,2026-07-06 22:51:19,play_store,,defc6f26-94fc-4d4b-97d7-3897371a4fc8,TRUST_QUALITY,,[],False,negative
242ed99d-7120-4a15-9a3d-fd564aa30fac,"I ordered a pair of slippers from Zepto, but they sent me the wrong size. The slippers are much too long for my feet, yet Zepto is not willing to accept that they made a mistake. They are also refusing to give me a refund. This app is very bad.🤮🤮🤮🤢🤢🤢🤮🤮🤮🤮🤮🤮[blinkit is better then zepto].",2.0,0.0,2026-07-06 22:49:07,play_store,,242ed99d-7120-4a15-9a3d-fd564aa30fac,SERVICE_NOISE,,['slippers'],False,negative
8a4961f0-3a8b-4dbb-9cb8-cee3d6b9a840,"zepto has terrible service and zero accountability for food quality. I had ordered raw chicken. Sometimes they ask for an OTP on delivery. I thought that was to confirm all items have been received. An hour later when I was cooking, the chicken was smelling rotten. I immediately raised the issue. They refused to refund the money, claiming that since I had given an OTP, then I cannot claim. So you are not responsible for giving quality products if OTPs are taken? SHAME!",1.0,0.0,2026-07-06 22:38:26,play_store,,8a4961f0-3a8b-4dbb-9cb8-cee3d6b9a840,TRUST_QUALITY,SERVICE_NOISE,['chicken'],False,negative
912e58d5-c2c8-4a62-be75-e6a575ab52db,"No referral code im trying since when to refer someone but the application doesn't have option for referral, if someone wants to refer how one should do that.",1.0,0.0,2026-07-06 22:35:24,play_store,,912e58d5-c2c8-4a62-be75-e6a575ab52db,SERVICE_NOISE,,[],False,negative
83e8bcef-cdf0-4e61-879a-66082d34dfbe,all. icream are melt money wasted not happy,1.0,0.0,2026-07-06 22:33:55,play_store,,83e8bcef-cdf0-4e61-879a-66082d34dfbe,TRUST_QUALITY,,['ice cream'],False,negative
df2c8377-656a-45a5-9d74-8c532d587a8c,"Pathetic... day by day the quality of the product, their storage and customer service is degrading , I am uninstalling the app",1.0,0.0,2026-07-06 22:33:55,play_store,,df2c8377-656a-45a5-9d74-8c532d587a8c,SERVICE_NOISE,TRUST_QUALITY,[],False,negative
aa3712cb-2803-4170-b96e-f7350423b004,very good and on time service,5.0,0.0,2026-07-06 22:29:45,play_store,,aa3712cb-2803-4170-b96e-f7350423b004,SERVICE_NOISE,,[],False,positive
16b9d1b7-87dc-4186-8da1-5fb6b6464e9e,very good for shopping,5.0,0.0,2026-07-06 22:21:14,play_store,,16b9d1b7-87dc-4186-8da1-5fb6b6464e9e,SERVICE_NOISE,,[],False,positive
4aed8af3-38cf-4609-96f3-7ca4413fe2a1,Thirdclass App. better to close these services instead of looting customers,1.0,0.0,2026-07-06 22:18:14,play_store,,4aed8af3-38cf-4609-96f3-7ca4413fe2a1,SERVICE_NOISE,,[],False,negative
27b3234d-e148-4360-9353-b7671336f544,referral option not showing to me from long time,1.0,0.0,2026-07-06 22:11:35,play_store,,27b3234d-e148-4360-9353-b7671336f544,SERVICE_NOISE,,[],False,negative
59269ce2-bf6e-448c-873c-fc251ccd4d5d,"Zepto’s delivery ETAs are highly inaccurate. The app’s timer often gets stuck at '5 minutes,' yet orders frequently take up to 30 minutes to arrive. Additionally, the in-app AI assistant is unhelpful—it fails to understand customer concerns and only sends generic, repetitive assurance messages. Hope zepto will take this seriously",1.0,0.0,2026-07-06 22:09:11,play_store,,59269ce2-bf6e-448c-873c-fc251ccd4d5d,SERVICE_NOISE,,[],False,negative
cc84a0f8-b786-4caa-9fd6-47832c0bcb5c,worst app.... never give solution... always delivery damage product. Also very rude. They only need money.,1.0,0.0,2026-07-06 22:07:18,play_store,,cc84a0f8-b786-4caa-9fd6-47832c0bcb5c,SERVICE_NOISE,TRUST_QUALITY,[],False,negative
51da3b8d-d789-47c0-9d58-1133d221f540,very poor whenever i ordered ice creams its melted completely and whenever i query for return it shows to add image when i add image the app automatically closes 4-5 times and after a lots of try it take image but doesn't refund and shows excuses .. never use this as my thousands rupees wated on ice cream.. some time milk is also tampered package,1.0,0.0,2026-07-06 21:50:38,play_store,,51da3b8d-d789-47c0-9d58-1133d221f540,TRUST_QUALITY,SERVICE_NOISE,"['ice cream', 'milk']",False,negative
9392f5d4-e436-42e9-b5ef-ad63ca6d5663,quick and free delivery above order 99 nice app,4.0,0.0,2026-07-06 21:47:00,play_store,,9392f5d4-e436-42e9-b5ef-ad63ca6d5663,SERVICE_NOISE,,[],False,positive
97b1433d-8d3f-46db-8f15-531648ef7074,"All claims in this app are false, can't deliver a single thing within the said time. Time stayed arriving in 3min for the last 30min, customer support is not responsive and they have placed a stupid chat bot.",1.0,0.0,2026-07-06 21:37:19,play_store,,97b1433d-8d3f-46db-8f15-531648ef7074,SERVICE_NOISE,,[],False,negative
e07da150-ef6f-4afc-8cdd-3ecae0dedf61,worst app with fake delivery time with no support from tech. they have zap ai that is of no help and very frustrating to interact with.,1.0,0.0,2026-07-06 21:14:00,play_store,,e07da150-ef6f-4afc-8cdd-3ecae0dedf61,SERVICE_NOISE,,[],False,negative
09003783-a960-489b-afef-56011d6aede8,once amount was deducted from my account but didn't refund when order was cancelled by zepto only due to heavy rains.. still no track,2.0,0.0,2026-07-06 21:07:31,play_store,,09003783-a960-489b-afef-56011d6aede8,SERVICE_NOISE,,[],False,negative
8ad9f785-76a1-49a9-a992-835d08157f7b,Satisfied with the products and delivery service .Mannered staff.,4.0,0.0,2026-07-06 21:06:33,play_store,,8ad9f785-76a1-49a9-a992-835d08157f7b,SERVICE_NOISE,,[],False,positive
2e1e9a61-8c96-4135-a099-089089302ce1,Delivery duration shown in the app is never correct. Before placing the order they claim to deliver products within 10minutes. But after placing the order it moves to 15 minutes. And the countdown clock is also fraudulent as it works too slow. It actually takes atleast 30 minutes to deliver the order but the app shows that they took only 14-15 minutes for delivery. Refilling stock is pretty bad at their hub. But the delivery time being unreliable is too problematic for people who need items soon,2.0,1.0,2026-07-06 21:03:55,play_store,,2e1e9a61-8c96-4135-a099-089089302ce1,SERVICE_NOISE,,[],False,negative
12b904a7-6248-4e80-be63-cabd9466bd07,fruits delivered are either rotten or raw that eventually doesnt ripens and rottens.... n a lengthy process to get refund..... Regretting downloading the app services are getting pathetic day by day,1.0,0.0,2026-07-06 20:58:04,play_store,,12b904a7-6248-4e80-be63-cabd9466bd07,TRUST_QUALITY,SERVICE_NOISE,['fruits'],False,negative
779184e6-2a56-4a7d-aee4-4cad9c77af4f,store sending spoiled products and on raising complaints ai is answering that it is a taste preference no way to raise to a human. who understand the problem. blocking the zepto.,1.0,0.0,2026-07-06 20:53:52,play_store,,779184e6-2a56-4a7d-aee4-4cad9c77af4f,TRUST_QUALITY,SERVICE_NOISE,[],False,negative
f1999d0c-7111-4fc6-8efe-f67210c41117,"ordered a wired earphone from zepto and it came defective. when I contacted customer care, they refused to replace or return and asked me to connect to the product manufacturer.",1.0,0.0,2026-07-06 20:40:18,play_store,,f1999d0c-7111-4fc6-8efe-f67210c41117,SERVICE_NOISE,,['electronics'],False,negative
db999cdc-e055-4704-9da5-506c81773574,I can't able complain about the product I have received which is a used and torn product worst app ever,1.0,0.0,2026-07-06 20:36:34,play_store,,db999cdc-e055-4704-9da5-506c81773574,SERVICE_NOISE,,[],False,negative
6c5df431-fa7c-441d-9505-c42e175709c8,very fast delivery and friendly delivery rider 😌,5.0,0.0,2026-07-06 20:34:43,play_store,,6c5df431-fa7c-441d-9505-c42e175709c8,SERVICE_NOISE,,[],False,positive
bea2abc8-28b2-493a-810f-3520d68cc78a,nowadays it's always late delivery. and products are mostly damaged spoiled and rotten,2.0,0.0,2026-07-06 20:18:15,play_store,,bea2abc8-28b2-493a-810f-3520d68cc78a,TRUST_QUALITY,SERVICE_NOISE,[],False,negative
ee73ab57-5958-46f2-9341-2d7efc9f4663,good delivery app love it😚i ordered a pack of condom it's not available in my nearby hub then they arrange it from another hub 5km away from my room,5.0,0.0,2026-07-06 20:14:39,play_store,,ee73ab57-5958-46f2-9341-2d7efc9f4663,SERVICE_NOISE,,[],False,positive
4488603e-ad29-46bd-a95b-40596f062c6a,good app with best rate,5.0,0.0,2026-07-06 20:13:02,play_store,,4488603e-ad29-46bd-a95b-40596f062c6a,SERVICE_NOISE,,[],False,positive
8c249a1d-416c-4cd3-a8e3-5b38a9e1b6db,At least maintain hygiene in storage unit all products looks like they have been kept in dumpyard.,1.0,0.0,2026-07-06 20:12:24,play_store,,8c249a1d-416c-4cd3-a8e3-5b38a9e1b6db,TRUST_QUALITY,,[],False,negative
c3690426-08ce-45d1-8c20-93fabcc4d4ff,very very good rate is very low price ☺️,5.0,0.0,2026-07-06 20:09:46,play_store,,c3690426-08ce-45d1-8c20-93fabcc4d4ff,SERVICE_NOISE,,[],False,positive
2b61ae66-79bf-4be7-961e-51605a003fbf,zepto means 60 mint delivery instead of 10 mint delivery,1.0,0.0,2026-07-06 19:51:54,play_store,,2b61ae66-79bf-4be7-961e-51605a003fbf,SERVICE_NOISE,,[],False,negative
e3bdb8a3-48cc-4332-bf34-c52b9762bb99,Dont use this app wrost cheating People now a days Zepto cheating people like undelivered product and saying it is deliver and getting poor people money @sithlalapakkam dont use this service any more they cheating,1.0,0.0,2026-07-06 19:51:00,play_store,,e3bdb8a3-48cc-4332-bf34-c52b9762bb99,SERVICE_NOISE,,[],False,negative
1f89ab10-2347-4b1a-9bb0-35708657ac0f,pathetic service I will not buy again from zepto third class service from customer care and delivery partners,1.0,0.0,2026-07-06 19:46:55,play_store,,1f89ab10-2347-4b1a-9bb0-35708657ac0f,SERVICE_NOISE,,[],False,negative
750ae5ac-f95a-4afd-9cd0-0dd567127b9c,Worst app.After missing product from the order they won't accept that they miss it.Better to order from Instamart and Bb.,1.0,0.0,2026-07-06 19:44:53,play_store,,750ae5ac-f95a-4afd-9cd0-0dd567127b9c,SERVICE_NOISE,,[],False,negative
833a6645-bcbc-49e2-954a-322d92540740,my zepto referal link not show please fix the problem,1.0,0.0,2026-07-06 19:37:04,play_store,,833a6645-bcbc-49e2-954a-322d92540740,SERVICE_NOISE,,[],False,negative
b6d1c982-3ce3-4ac0-a74a-225a6ea86d80,zero customer service. they answer without knowledge and don't look in any issue properly मैने सामान मंगवाया जिसमें 1 पीस कम निकला | डिलीवरी बॉय ने मेरे सामने फोटो डाला जिसमें एक पीस कम था जो रस्ते में कही गिर गया | उसी के सामने कंप्लेन रेस की लेकिन मेल आया कि समान पूरा डिलिवर है | अरे भाई जब आपका डिलीवरी बॉय बोल था है कम है कस्टमर बोल रहा है कम है और फोटो तक यही दिखा रहे है तो उसमें कहा समझ नहीं आ रहा zepto कस्टमर सर्विस को | रिफंड मना कर दिया | फर्जी कंपनी उपयोग न करे | 06/07/2026,1.0,0.0,2026-07-06 19:36:14,play_store,,b6d1c982-3ce3-4ac0-a74a-225a6ea86d80,SERVICE_NOISE,,[],False,negative
f6ffd61f-a52e-4099-b75b-8b02f5d5cbdf,Bad experience. Their stores deliver wrong product regularly. No resolution. They are just thief.,1.0,0.0,2026-07-06 19:35:54,play_store,,f6ffd61f-a52e-4099-b75b-8b02f5d5cbdf,SERVICE_NOISE,,[],False,negative
0c162d5d-1d6d-4180-85e1-8e05b4e9a58f,order showing but order not received,5.0,0.0,2026-07-06 19:20:15,play_store,,0c162d5d-1d6d-4180-85e1-8e05b4e9a58f,SERVICE_NOISE,,[],False,negative
6caa6e49-5a37-4a42-bec3-bc1bcd336a6b,"Been using Zepto for years, used to promote it over Blinkit for years. Now, i think they've lost their way, bad service and poor resolution is now a daily ritual.",1.0,0.0,2026-07-06 19:20:09,play_store,,6caa6e49-5a37-4a42-bec3-bc1bcd336a6b,HABIT_AUTOPILOT,SERVICE_NOISE,[],False,negative
cd9fb155-ec94-4bc9-b09d-92fac964b57e,The worst app does not use this app .. agents are there to say sorry not for help..i ordered one hot muck for my friend but it came broken when I raised the complaint they said they don't have a policy this is the cx support wowww 🙏,1.0,0.0,2026-07-06 19:18:24,play_store,,cd9fb155-ec94-4bc9-b09d-92fac964b57e,SERVICE_NOISE,,[],False,negative
37cf6373-b2e2-49d0-80f8-66ed8706f72d,"this is the waste app I ever seen i ordered a product of 545 then the delivery boy delivered after some time then he said the payment is not done, but before getting the order I completed payment.then he said that payments again it will refunded to you,then I paid.but after 3 days I did not get any refund.then it doesn't contain proper customer service so 😭😭😭😭😭😭😢 please solve this issue",1.0,0.0,2026-07-06 19:06:03,play_store,,37cf6373-b2e2-49d0-80f8-66ed8706f72d,SERVICE_NOISE,,[],False,negative
9af8a033-6dba-457b-834b-bed0ba0a64f3,This is the worst app i have ever seen they can disable your COD whenever they want i have even complained for delivering the expired product and in return they disable the COD option for cancelling the expired product and when you need this app more they charge more price.,1.0,0.0,2026-07-06 19:05:47,play_store,,9af8a033-6dba-457b-834b-bed0ba0a64f3,SERVICE_NOISE,TRUST_QUALITY,[],False,negative
3e5758c0-85c8-4743-823a-da9f92bdf9a2,Good Service and best rates.,4.0,0.0,2026-07-06 18:55:50,play_store,,3e5758c0-85c8-4743-823a-da9f92bdf9a2,SERVICE_NOISE,,[],False,positive
85ef0109-4b1d-4067-86c9-b0bfcf774c05,very nice delivery bhai,5.0,0.0,2026-07-06 18:44:09,play_store,,85ef0109-4b1d-4067-86c9-b0bfcf774c05,SERVICE_NOISE,,[],False,positive
e7bdea0c-5f1f-4bc8-957a-d2136f7a1638,"too many notifications, the app does not have notification categories to disable unwanted notifications. weekly 5~10 orders I placed in Zeptop. Let me know if I should continue using Zepto or use another 10 min delivery app ??",1.0,0.0,2026-07-06 18:30:07,play_store,,e7bdea0c-5f1f-4bc8-957a-d2136f7a1638,HABIT_AUTOPILOT,SERVICE_NOISE,[],False,mixed
e689c363-a367-42af-b0b9-a2f81ee3d37e,"I recently had a terrible experience with Zepto. The product I received was completely damaged, and they refused to accept my return or replacement request.""",1.0,0.0,2026-07-06 17:57:32,play_store,,e689c363-a367-42af-b0b9-a2f81ee3d37e,SERVICE_NOISE,,[],False,negative
f412d263-0e92-4cc0-86c0-8ced535e7316,your back side team is very good.your software team is also very good fast app.,5.0,0.0,2026-07-06 17:52:59,play_store,,f412d263-0e92-4cc0-86c0-8ced535e7316,SERVICE_NOISE,,[],False,positive
29459656-e543-4fef-8d34-25da04df0c76,the whole purpose of online shopping is defeated. the app is open for instant deliveries few hours in the mornings.. then it gives me the option to schedule delivery... NEXT DAY!!,3.0,0.0,2026-07-06 17:26:21,play_store,,29459656-e543-4fef-8d34-25da04df0c76,SERVICE_NOISE,,[],False,negative
d6cf1e39-ae57-443f-8a9e-4da0e9c9fbed,worst app puts fake label on products to hide the original date.,1.0,0.0,2026-07-06 16:54:50,play_store,,d6cf1e39-ae57-443f-8a9e-4da0e9c9fbed,TRUST_AUTHENTICITY,,[],False,negative
60c54162-d581-4cbd-91af-c5c076636f86,this good for warking women,5.0,0.0,2026-07-06 16:54:14,play_store,,60c54162-d581-4cbd-91af-c5c076636f86,SERVICE_NOISE,,[],False,positive
2524ef19-3650-45c4-a4c1-fd63c964783b,very good product arrived early,5.0,0.0,2026-07-06 16:53:14,play_store,,2524ef19-3650-45c4-a4c1-fd63c964783b,SERVICE_NOISE,,[],False,positive
87bd1ebc-8473-4d3a-8ee7-4d122f5da188,Absolutely the worst experience. My order was canceled after my payment was deducted without any notification. Now I'm expected to wait 5–7 business days for a refund for an issue that wasn't my fault. Customer support kept saying the store canceled the order but refused to connect me with the store or provide any proper explanation. They simply repeated the same response instead of resolving the issue. Extremely unprofessional and a complete lack of accountability.,1.0,0.0,2026-07-06 16:46:14,play_store,,87bd1ebc-8473-4d3a-8ee7-4d122f5da188,SERVICE_NOISE,,[],False,negative
bc97f067-e984-43b8-a9e8-193374cfb14c,"much better than oth. I am very happy brother, these people give the goods at rate to rate, not a single extra charge, all orders above Rs 49 come at the same rate, I am very happy. zepto 😘💞",5.0,0.0,2026-07-06 16:27:33,play_store,,bc97f067-e984-43b8-a9e8-193374cfb14c,PRICE_VALUE,,[],False,positive
8fb8618a-ad84-4a4f-a260-36461271b121,fresh and good product,5.0,0.0,2026-07-06 16:27:00,play_store,,8fb8618a-ad84-4a4f-a260-36461271b121,SERVICE_NOISE,,[],False,positive
e51f01cb-e371-4265-9249-3b29f18fbcae,You store employees always send incorrect items when they don't have the stock. Is it difficult to mark items out of stock?. Please have some strict policy against this practice.,1.0,0.0,2026-07-06 16:22:43,play_store,,e51f01cb-e371-4265-9249-3b29f18fbcae,SERVICE_NOISE,,[],False,negative
529685ac-83ae-4522-bbb2-98797fe6fee3,Scam total scam.. If they dnt deliver product no way to contact customer xare at all,1.0,0.0,2026-07-06 16:18:28,play_store,,529685ac-83ae-4522-bbb2-98797fe6fee3,SERVICE_NOISE,,[],False,negative
0e506bbf-862c-496a-ba6a-17ac29a718b0,"there is no customer care help line, jo customer care help line hai wo computerized hai mera order kisi aur ko de Diya aur aaj 2 din baad bhi mai struggle kar raha hu. still didn't get. delivery partner accepted that he delivered wrong but still not any action.waisted my Rs 1126. if you want to order then kindly keep it cash on delivery. otherwise you will pareshan like me.",1.0,0.0,2026-07-06 16:13:45,play_store,,0e506bbf-862c-496a-ba6a-17ac29a718b0,SERVICE_NOISE,,[],False,negative
686e5dab-4754-4fc3-92f7-f1350f65b55e,very baid app mera kayi bar paisa fash gya or jab bolo to 1 hapta pahle paisa mt karo 2 baje order diya subaha tak ordar nhi aya or paisa bhi fash gya ye natak h jab ki ham 10 acount h mera 2 lakh k har munt hoga abhi app logo se gujarish h ki paise pahle mt karo nhi to saman bhi nhi bhejege mere sath bhi YHI hu aa 1426 saman order Kiya puri rat intjar Kiya subah consal ho gya or paisa 7 din bad ayega,1.0,0.0,2026-07-06 15:50:33,play_store,,686e5dab-4754-4fc3-92f7-f1350f65b55e,SERVICE_NOISE,,[],False,negative
3bedb907-e652-4930-8fee-80dcc8d91391,good and prompt service,5.0,0.0,2026-07-06 15:43:21,play_store,,3bedb907-e652-4930-8fee-80dcc8d91391,SERVICE_NOISE,,[],False,positive
b874eacd-54c3-413e-b158-57d78a48f40d,salad was not there with food nor chutney,3.0,0.0,2026-07-06 15:41:20,play_store,,b874eacd-54c3-413e-b158-57d78a48f40d,SERVICE_NOISE,,['food'],False,negative
79563e1f-c0f3-41d7-8554-a6ba80d86285,thanks a lot zepto guys just go for it,5.0,0.0,2026-07-06 15:40:53,play_store,,79563e1f-c0f3-41d7-8554-a6ba80d86285,SERVICE_NOISE,,[],False,positive
adba3744-bea3-44ce-81e0-d95acc500b66,very bad service for zepto,1.0,0.0,2026-07-06 15:12:10,play_store,,adba3744-bea3-44ce-81e0-d95acc500b66,SERVICE_NOISE,,[],False,negative
46519f0b-7c91-4c82-86de-d52872b9e772,fast and good service,5.0,0.0,2026-07-06 15:11:11,play_store,,46519f0b-7c91-4c82-86de-d52872b9e772,SERVICE_NOISE,,[],False,positive
ae7aedbe-cf28-4db4-92bb-ed6e9d6952cb,"The grocery products I received from Zepto were of very poor quality, and I experienced severe health issues for a week after consuming them.",1.0,0.0,2026-07-06 15:04:52,play_store,,ae7aedbe-cf28-4db4-92bb-ed6e9d6952cb,TRUST_QUALITY,,['grocery'],False,negative
94d1fcf1-4213-4126-874c-19dc711dd3db,before there aren't any handling fees or delivering fees but now on every order I have to pay 30 or 60 rs extra as handling fees,3.0,0.0,2026-07-06 15:02:30,play_store,,94d1fcf1-4213-4126-874c-19dc711dd3db,SERVICE_NOISE,,[],False,negative
5302afa7-4711-4eb8-90ed-7e820450de15,don't use this fraud app 😡😡😡 product return vaaingitu kevalama Money refund pannama yemathurainga .. one of the worst customer care service fraduu,5.0,0.0,2026-07-06 15:00:55,play_store,,5302afa7-4711-4eb8-90ed-7e820450de15,SERVICE_NOISE,,[],False,negative
ecaf95e5-8944-4575-ba19-6c0cad831ee7,thank you for time good 👍🏻,5.0,0.0,2026-07-06 14:56:29,play_store,,ecaf95e5-8944-4575-ba19-6c0cad831ee7,SERVICE_NOISE,,[],False,positive
ec6b0225-1d66-483e-90f3-5b8db523c379,I am not able to refer this to anyone as their is no referral code showing,1.0,0.0,2026-07-06 14:39:39,play_store,,ec6b0225-1d66-483e-90f3-5b8db523c379,SERVICE_NOISE,,[],False,negative
97c84c48-9283-4251-97a0-d7d289c079df,Got scammed. A refund was initiated for a mere 90 Rs for milk products. They kept lying that it's in my bank after their designated time I confirmed with bank they never even initiated the refund they kept lying about and showing on app for 3 days I spend thousands every month on zepto. This is till date my worst experience how they kept lying for 3 days. Now they have stopped responding and closed the refund section as refund completed. Biggest scamming and manipulation in my eyes .,1.0,0.0,2026-07-06 14:14:54,play_store,,97c84c48-9283-4251-97a0-d7d289c079df,SERVICE_NOISE,,['milk'],False,negative
b511314c-e8b0-4ede-8901-699e72558d4b,"best delivery app no doubt, keep up the good work",5.0,0.0,2026-07-06 14:10:06,play_store,,b511314c-e8b0-4ede-8901-699e72558d4b,SERVICE_NOISE,,[],False,positive
82937283-879b-4440-8a40-31e3e12903cb,"Very disappointing experience. I received a spoiled food product that was clearly unfit for consumption. Even after sharing photos as proof, my complaint was rejected based on their internal quality check. Poor quality control and disappointing customer service. Unfortunately, I have lost trust in Zepto and will not be ordering again.",1.0,0.0,2026-07-06 13:47:53,play_store,,82937283-879b-4440-8a40-31e3e12903cb,TRUST_QUALITY,,[],False,negative
8b2568cb-e0cd-4b8a-94a7-a4dd3c7b67fa,I like zepto for its good service.,5.0,0.0,2026-07-06 13:11:58,play_store,,8b2568cb-e0cd-4b8a-94a7-a4dd3c7b67fa,SERVICE_NOISE,,[],False,positive
03d825f0-3af8-4c91-8ff4-94ba53a446c3,referral code option not showing,1.0,0.0,2026-07-06 12:57:32,play_store,,03d825f0-3af8-4c91-8ff4-94ba53a446c3,SERVICE_NOISE,,[],False,negative
b81e423f-50d6-43cb-b219-d50f090ff93d,it sucks!! can't even report !! i got the wrong product and when I tried to report it they asked for a mandatory pic of the wrong received product and when you try to upload the pic the screen turns white. tried more the 10 time but same problem,1.0,0.0,2026-07-06 12:57:27,play_store,,b81e423f-50d6-43cb-b219-d50f090ff93d,SERVICE_NOISE,,[],False,negative
6487d6b3-8ce9-4111-974e-cfccfd2ea35a,very good service rates are also regionable. packaging good,5.0,0.0,2026-07-06 12:49:29,play_store,,6487d6b3-8ce9-4111-974e-cfccfd2ea35a,SERVICE_NOISE,,[],False,positive
a284441c-ffdb-4218-b689-a51cdd8ac8c2,"recently returns have become extremely difficult. While delivering when I mentioned to the delivery agent that the lady finger is over ripe and not edible, they asked me to contact customer care and return the item.However on chat they had an AI agent which kept repeating that the lady finger was fresh although they were so hard that I had to force cut them to show the huge seeds. The return was impossible.",1.0,0.0,2026-07-06 12:48:42,play_store,,a284441c-ffdb-4218-b689-a51cdd8ac8c2,TRUST_QUALITY,SERVICE_NOISE,['vegetables'],False,negative
b9168187-026b-4d47-85fa-1bab237d011d,this is a good app especially zepto cafe,4.0,0.0,2026-07-06 12:27:12,play_store,,b9168187-026b-4d47-85fa-1bab237d011d,SERVICE_NOISE,,[],False,positive
c7d5d46b-8518-4267-8a74-6eb27e4f34c7,"Ordered 2 EUME umbrellas (₹458 total). Both were of extremely poor quality—thin fabric, flimsy frame, and too small to properly cover even one person. My return request was repeatedly rejected with copy-paste responses saying the product ""matches the listing"" instead of addressing the quality issue. Very disappointing support. I won't be ordering any items from Zepto again. Blinkit provides a much better customer experience.",1.0,1.0,2026-07-06 12:11:56,play_store,,c7d5d46b-8518-4267-8a74-6eb27e4f34c7,TRUST_QUALITY,SERVICE_NOISE,[],False,negative
b8a6a8c1-bfdc-40b6-bd88-6336b5d3bec8,बेसन इतना गंदा जिसकी कोई सुनवाई नहीं । और scheeme पर scheem पता नहीं कौन से जहां में रहते हैं। भाई लोगों इस it युग में मेरी ऑर्डर id नहीं search कर पा रहे हैं । जबकि मैने manually 3 बार और एक स्क्रीनशॉट भी भेजा है । देख लो भैय्या और क्या ही कहें। लेकिन अबकी बार cosumer forum जाऊंगा और fssai को भी inform करूँगा ।,1.0,0.0,2026-07-06 11:52:13,play_store,,b8a6a8c1-bfdc-40b6-bd88-6336b5d3bec8,TRUST_QUALITY,SERVICE_NOISE,['flour'],False,negative
e472b48f-ffaa-4001-beec-9e0abfd01f4c,"Extremely Disappointed with Zepto's Service I had one of the worst experiences with Zepto today. The app promises 10-minute delivery, but my order was delayed for a very long time without any proper explanation. The order status kept showing that the rider had already reached my location, yet I did not receive my order for a long time. I contacted customer support multiple times. First, I was connected with an AI chatbot that kept giving automated responses instead of resolving my issue. Later,",1.0,0.0,2026-07-06 11:50:38,play_store,,e472b48f-ffaa-4001-beec-9e0abfd01f4c,SERVICE_NOISE,,[],False,negative
19a133d9-4b42-4d89-a21b-98228be59226,this app has become worse than anything,1.0,0.0,2026-07-06 11:47:51,play_store,,19a133d9-4b42-4d89-a21b-98228be59226,SERVICE_NOISE,,[],False,negative
a6080cbe-1a3e-4240-9ac5-c951f2ef8fa1,me 4pm se retrun kar raha hu or abhi huaa he Bed aap zepto,1.0,0.0,2026-07-06 11:20:43,play_store,,a6080cbe-1a3e-4240-9ac5-c951f2ef8fa1,SERVICE_NOISE,,[],False,negative
731bb793-6ab2-4610-b322-60bba46dc43c,In this app every time after your every order free delivery cart price is increasing not good experience with this app if this will happen countinuesly. And after ordering not able to cancel the order.if we order by mistake.,2.0,0.0,2026-07-06 11:03:09,play_store,,731bb793-6ab2-4610-b322-60bba46dc43c,SERVICE_NOISE,,[],False,negative
ac19f732-246e-4907-b828-1c458fb8f352,very nice than flipkart and blinkit,5.0,0.0,2026-07-06 11:01:17,play_store,,ac19f732-246e-4907-b828-1c458fb8f352,SERVICE_NOISE,,[],False,positive
b6c39a39-5756-4228-8b07-e25bba89d364,"Even though my delivery location is less than 1.5 km away, it takes 20–30 minutes to deliver the item. However, other apps deliver items in less than 10 minutes, even when the store is more than 2 km away.",2.0,0.0,2026-07-06 10:37:36,play_store,,b6c39a39-5756-4228-8b07-e25bba89d364,SERVICE_NOISE,,[],False,negative
8c961deb-33ff-4c52-be81-afcdeccb32fd,"I wouldn't even give 1 star if there were a lower option. I've complained many times, but Zepto has taken absolutely no action. Why ask customers to rate deliveries and products if the feedback is ignored? As a developer myself, I'd suggest removing that feature because it's pointless if nothing changes. Products constantly arrive dirty, and detergent packs leak onto food items, making milk and curd smell like detergent. This is unacceptable. worst experience 🤮",1.0,1.0,2026-07-06 10:29:30,play_store,,8c961deb-33ff-4c52-be81-afcdeccb32fd,TRUST_QUALITY,SERVICE_NOISE,"['household', 'dairy']",False,negative
3470c0dd-1b62-4aac-b819-8596e3d42f37,prakash verma zepto service good👍😊,5.0,0.0,2026-07-06 10:28:21,play_store,,3470c0dd-1b62-4aac-b819-8596e3d42f37,SERVICE_NOISE,,[],False,positive
24ef0ae3-63ca-4216-be34-584d317ad0d6,worst app disgusting management you have no rights to take photos of my purchase it's a breach of my privacy someday some lawyer should sue you for breach of privacy,1.0,0.0,2026-07-06 10:21:10,play_store,,24ef0ae3-63ca-4216-be34-584d317ad0d6,SERVICE_NOISE,,[],False,negative
93d7a0e7-f631-4019-ab11-c3fed642c6bc,sometimes bad service ..not satisfying.improve quality of products,1.0,0.0,2026-07-06 10:08:55,play_store,,93d7a0e7-f631-4019-ab11-c3fed642c6bc,SERVICE_NOISE,,[],False,negative
71051a44-ccf2-43c6-ab1b-4b134b3a342d,my zepto refrel link not show,1.0,0.0,2026-07-06 10:04:16,play_store,,71051a44-ccf2-43c6-ab1b-4b134b3a342d,SERVICE_NOISE,,[],False,negative
83ca4793-96b5-416d-8476-0c1d1ba0b6eb,fast delivery... good service,5.0,0.0,2026-07-06 09:48:03,play_store,,83ca4793-96b5-416d-8476-0c1d1ba0b6eb,SERVICE_NOISE,,[],False,positive
5b3f661c-1328-4027-991b-f4450baac79c,they deliver damaged items . wrong and cheaper products. horrible customer service ..,1.0,1.0,2026-07-06 09:37:36,play_store,,5b3f661c-1328-4027-991b-f4450baac79c,SERVICE_NOISE,TRUST_QUALITY,[],False,negative
c387544d-d836-4b75-8a24-6f9b17d3bf23,good products in affordable budget....hassle free shopping avoid road traffic n shopping through home.... I call it homeshopy,5.0,0.0,2026-07-06 09:19:32,play_store,,c387544d-d836-4b75-8a24-6f9b17d3bf23,SERVICE_NOISE,,[],False,positive
597bda5d-a13e-4db1-a075-76d667aead3b,"very bad , they don't dilever at my location",1.0,0.0,2026-07-06 09:09:48,play_store,,597bda5d-a13e-4db1-a075-76d667aead3b,SERVICE_NOISE,,[],False,negative
c5a44bb8-32e4-459a-ac3c-a1fd93c2c18c,fastest way to get your daily essential needs,5.0,0.0,2026-07-06 09:07:41,play_store,,c5a44bb8-32e4-459a-ac3c-a1fd93c2c18c,MENTAL_MODEL,,[],False,positive
b218f39c-c1c3-418e-ba60-7f6aa6d0cfa1,very bad experience when I order 20 things i received only 16 things i complaint about that previously settings r not there they told to email when I mail about the issue submit all they asked but they refused to refund because they told they ask the seller he told he sent all things so they refused the refund request because I already call the delivery boy and connect to the seller and ask him about the missing product he said go to the app and mention the product they will refund but they didn,1.0,1.0,2026-07-06 08:47:05,play_store,,b218f39c-c1c3-418e-ba60-7f6aa6d0cfa1,SERVICE_NOISE,,[],False,negative
92289247-c83d-40a2-a7b7-1af6549c09db,"Not even a single delivery was on time in the last month. They delay a 4-minute order to 30 minutes and do not allow cancellations. The customer care is an AI, which is only built to annoy you! Uninstalling this app now. It's the worst of the delivery apps.",1.0,1.0,2026-07-06 08:22:40,play_store,,92289247-c83d-40a2-a7b7-1af6549c09db,SERVICE_NOISE,,[],False,negative
aefc2e61-a878-4932-b46a-fca3c5e5ddf4,worst app.... expired products deta hai and returned nahi hota ... waste money 💰,1.0,1.0,2026-07-06 07:52:21,play_store,,aefc2e61-a878-4932-b46a-fca3c5e5ddf4,TRUST_QUALITY,SERVICE_NOISE,[],False,negative
37f07091-1361-4aae-b2cc-37248b5ae002,Awesome. This app is good. You can learn from the site how to choose and shop and smile when you get your delivery.,5.0,0.0,2026-07-06 07:36:57,play_store,,37f07091-1361-4aae-b2cc-37248b5ae002,SERVICE_NOISE,,[],False,positive
3e3e895b-afbd-4add-8d2c-c4591e8bb8fa,pathetic and worst customer support and delivering expired products and after that no response from anyone,1.0,1.0,2026-07-06 07:36:11,play_store,,3e3e895b-afbd-4add-8d2c-c4591e8bb8fa,TRUST_QUALITY,SERVICE_NOISE,[],False,negative
be8998ea-794b-4b16-a04c-bb0d0853c7d1,"They have a pathetic customer support,",1.0,1.0,2026-07-06 07:29:40,play_store,,be8998ea-794b-4b16-a04c-bb0d0853c7d1,SERVICE_NOISE,,[],False,negative
2c16e534-b1f5-4e2a-adee-e80990470ca2,"No payment offers or coupons showing up for my first order, not even the Rs 100 coupon for first time order.",1.0,0.0,2026-07-06 07:10:14,play_store,,2c16e534-b1f5-4e2a-adee-e80990470ca2,SERVICE_NOISE,,[],False,negative
ce718671-bdfb-45e2-9ec5-ce585508c6c3,worst third class quality products you will get here third class better go an order on blinkit,1.0,0.0,2026-07-06 06:51:11,play_store,,ce718671-bdfb-45e2-9ec5-ce585508c6c3,TRUST_QUALITY,PRICE_VALUE,[],False,negative
df1b6e36-1b81-4381-8395-0685ebb55b1e,"The app is no more to be relied on. First the delivery shows within 5-6 mins and the order doesn't show up for more than 20-30 mins. It's happening every single time. Also there is only bot support to address the issue, who doesn't understand half of the things. Most of the time while placing order it's showing try in next 15 mins. The vegetables which come are also not good enough, very low quality or rotten.",1.0,0.0,2026-07-06 06:38:01,play_store,,df1b6e36-1b81-4381-8395-0685ebb55b1e,SERVICE_NOISE,TRUST_QUALITY,['vegetables'],False,negative
6cbc2ff5-c2b2-4983-8d14-e2fac39cd212,All good but I have faced one delivery issue about my Missing product but still didn't get solution it's very expensive product that's why i should i do. kindly give customer care executive number to explain my problem because I raised my complaint through the mail only.,1.0,0.0,2026-07-06 06:27:49,play_store,,6cbc2ff5-c2b2-4983-8d14-e2fac39cd212,SERVICE_NOISE,,[],False,mixed
d6456849-a651-43b8-8748-8113b62a1330,Zepto company and his delivery partner fraudulent Delivery always. Please don't use zepto for groceries. Swiggy Instamart and blinkit much better than zepto. Zepto riders deliver order to arrive at location but order not handover to costumer. they are take away order himself. So be careful fraud riders of zepto. zepto support also fraud.,1.0,1.0,2026-07-06 04:56:39,play_store,,d6456849-a651-43b8-8748-8113b62a1330,SERVICE_NOISE,,['groceries'],False,negative
66f593a1-17a8-4904-a534-7d2aea076b0e,worst service ever and support are not capable...chat bot is very cheap ..they always keep on using copy paste templates,1.0,1.0,2026-07-06 04:31:10,play_store,,66f593a1-17a8-4904-a534-7d2aea076b0e,SERVICE_NOISE,,[],False,negative
fbd1ddfd-42ba-47bb-91cb-ef32d36404f0,worst experience I'm reviewing again after giving 5 star. The new feature of zepto is extremely irritating firstly their delivery sucks sometimes it takes half n hour and after their new update I got issues with products for two times and when I tried to complaint I couldn't even talk with an agent also when i mail them there was no resolution never gonna use it again,1.0,2.0,2026-07-06 03:27:25,play_store,,fbd1ddfd-42ba-47bb-91cb-ef32d36404f0,SERVICE_NOISE,,[],False,negative
6146ba95-e64f-4699-baed-c828d8be939b,acha hai fast delivery hota hai saman bhi quality bhi acha hai thank you zepto🥰,5.0,0.0,2026-07-06 02:02:28,play_store,,6146ba95-e64f-4699-baed-c828d8be939b,SERVICE_NOISE,,[],False,positive
24cc53fe-67b5-4bb8-b501-885a7f787434,there are no option to talk customer care agent if any issue also mail team not understand query they just robotic reply i am a loyal customer in zepto but my experience is very bad in orders so don't order for anything to this app,1.0,0.0,2026-07-06 01:35:49,play_store,,24cc53fe-67b5-4bb8-b501-885a7f787434,SERVICE_NOISE,,[],False,negative
6c6e3ee5-13d4-4165-ba6c-5ba4d36add5d,worst experience since 2 months wherever i m ordering product snacks or whatever everytime they mess up and send something else 100% . out of 5 things there will be 2 things that are different than what i had ordered and the worst part that when i do reach out to zepto support they just say the delivered item was good and the product packed was the correct item . Then what went wrong did i changed the products?? ITS FRUSTRATING !!,1.0,1.0,2026-07-06 01:33:11,play_store,,6c6e3ee5-13d4-4165-ba6c-5ba4d36add5d,SERVICE_NOISE,,['snacks'],False,negative
6507b6ce-d96c-4432-8598-e21031f72098,27×7 kahi BHI koi live support Nahi Hai order delivered hone ke bad chat band ho jati Hai Apne app hi ghatiya application in playstore koi BHI please iss application se order mat Karna ye zepto wale chor lutere sab Hai dikhate kuch or Hai Karte kuch or Hai,1.0,0.0,2026-07-06 01:20:15,play_store,,6507b6ce-d96c-4432-8598-e21031f72098,SERVICE_NOISE,,[],False,negative
7080d41e-3cc1-4188-8b4d-0e0c566b1e8a,"This is a very bad app. If we sell expired products and ask for refund or replacement, they do not send it. They say they will do it in the first order but they show the same tantrums in the next order.",1.0,0.0,2026-07-06 01:11:03,play_store,,7080d41e-3cc1-4188-8b4d-0e0c566b1e8a,TRUST_QUALITY,SERVICE_NOISE,[],False,negative
52736aa2-c1b2-45b7-b1e6-ec231a311f51,had huge respect for these guys but now they are in the game of looting people. it was free delivery above 149 until I was below that range as soon as I add items they said above 399 only. wow,1.0,0.0,2026-07-06 01:08:07,play_store,,52736aa2-c1b2-45b7-b1e6-ec231a311f51,PRICE_VALUE,,[],False,negative
0d8be80e-f158-4f88-ae36-c76c45dca42c,keep fresh items on kart,4.0,0.0,2026-07-06 00:12:52,play_store,,0d8be80e-f158-4f88-ae36-c76c45dca42c,SERVICE_NOISE,,[],False,neutral
3e24eb73-0473-4ae4-8f88-76b2bca9c253,good delivery partner,5.0,0.0,2026-07-06 00:06:28,play_store,,3e24eb73-0473-4ae4-8f88-76b2bca9c253,SERVICE_NOISE,,[],False,positive
693999e8-a487-4662-8473-223bf5784735,good an on time but product is not good,5.0,0.0,2026-07-05 23:29:56,play_store,,693999e8-a487-4662-8473-223bf5784735,TRUST_QUALITY,,[],False,mixed
ca7c591e-39ff-4765-b0c2-7a279b9558f5,"I did placed an order for Nutripro mixer and juicer but they deliver the wrong product. I still made an Exchange for the product but the rider didn't appear and didn't even reached out and marked order delivered. Really bad experience at Zepto, please don't use Zepto services.",1.0,0.0,2026-07-05 23:28:33,play_store,,ca7c591e-39ff-4765-b0c2-7a279b9558f5,SERVICE_NOISE,,[],False,negative
f7253eaf-3e65-47b3-a40e-b1647ac1e092,it's such poor Service by zepto I had do prepaid order from credit card & delivery partner are take my Product and gone Home my payment initiated but near about 7 day for provide my refund bank statement are comes in on 9th so I paid that kind of payment who never gives by zepto such Disgusting & 💩 Service by zepto and call support are biggest careless she not provide to answer and cut phone too,1.0,0.0,2026-07-05 23:13:59,play_store,,f7253eaf-3e65-47b3-a40e-b1647ac1e092,SERVICE_NOISE,,[],False,negative
969569b6-e12e-48d8-b90c-867641ddf9b5,you guys started scamming people now.,1.0,0.0,2026-07-05 23:13:46,play_store,,969569b6-e12e-48d8-b90c-867641ddf9b5,SERVICE_NOISE,,[],False,negative
9e1ecaf8-df12-4e42-8535-1841379ebbd6,now a day issue with the underweight of products delivered while compney must have policy to check weight and charge according to it.,3.0,0.0,2026-07-05 23:04:24,play_store,,9e1ecaf8-df12-4e42-8535-1841379ebbd6,SERVICE_NOISE,,[],False,negative
cd21767b-78c1-40a1-90bd-c2d8e0245b31,It's the go to app for instant online shopping.,5.0,0.0,2026-07-05 23:03:19,play_store,,cd21767b-78c1-40a1-90bd-c2d8e0245b31,SERVICE_NOISE,,[],False,positive
998627ca-12de-4b1a-ab41-3965f59fdf1f,very late delivery the product and also wrong product they will deliver,1.0,0.0,2026-07-05 22:29:31,play_store,,998627ca-12de-4b1a-ab41-3965f59fdf1f,SERVICE_NOISE,,[],False,negative
26b4d1b7-b589-42a0-b534-555b9c9e5afa,worst experience on first time order one item missing and the help team saying we gave all the products. I never suggest anyone to use this app.,1.0,0.0,2026-07-05 22:29:23,play_store,,26b4d1b7-b589-42a0-b534-555b9c9e5afa,SERVICE_NOISE,,[],False,negative
d4e9f8aa-9239-4049-b28d-cf040f2bac57,I made an order of 1100 and they only delivered Rs 50 items,1.0,0.0,2026-07-05 21:47:58,play_store,,d4e9f8aa-9239-4049-b28d-cf040f2bac57,SERVICE_NOISE,,[],False,negative
f2a62e1d-a93b-458d-8fac-f339472f5546,"Massive issue with order reliability. Their sellers and delivery partners are not attentive with order packing and delivery, things often go missing, usually resulting in order complaints. The last time I used this app, ended up me reaching out to their support for some missing items and their support denying the request based upon seller not accepting, not evening bothering to check if it was a miss from delivery person.",3.0,1.0,2026-07-05 21:29:06,play_store,,f2a62e1d-a93b-458d-8fac-f339472f5546,SERVICE_NOISE,,[],False,negative
ef270b13-592b-422e-8288-8293b127b3ea,chiken Quility very poor fouel smell /rotten. plz refund my money,1.0,0.0,2026-07-05 21:08:33,play_store,,ef270b13-592b-422e-8288-8293b127b3ea,TRUST_QUALITY,,['chicken'],False,negative
0e992139-009e-4163-8803-4bf70e4d9781,it is a worst app it can't deliver at my location 🤬🤬🤬,1.0,0.0,2026-07-05 20:04:02,play_store,,0e992139-009e-4163-8803-4bf70e4d9781,SERVICE_NOISE,,[],False,negative
eb737305-14fc-4472-af02-a0ca68c83d28,they don't check the product before packing like eggs and milk whether the eggs are fresh expired or rotten I received rotten one. poor quality checks.,2.0,1.0,2026-07-05 20:03:07,play_store,,eb737305-14fc-4472-af02-a0ca68c83d28,TRUST_QUALITY,,"['eggs', 'milk']",False,negative
299fa77f-6b77-4613-ba02-ebc896666562,"I purchased the boAt Airdopes specifically for the noise control feature, but it is completely missing from the product. I contacted support and spoke with Ishita, but she didn’t listen to my concern and just kept repeating a script. I am very unhappy with this customer service experience and need this resolved.",1.0,1.0,2026-07-05 19:59:12,play_store,,299fa77f-6b77-4613-ba02-ebc896666562,SERVICE_NOISE,,['electronics'],False,negative
3d8de167-5a6d-4242-9fa8-90f3920f01d1,the delivery partner details provided were all wrong,1.0,0.0,2026-07-05 19:47:23,play_store,,3d8de167-5a6d-4242-9fa8-90f3920f01d1,SERVICE_NOISE,,[],False,negative
6ca278a5-b368-430d-b78a-ac83cf8298c2,offer not available 200,3.0,0.0,2026-07-05 19:27:23,play_store,,6ca278a5-b368-430d-b78a-ac83cf8298c2,SERVICE_NOISE,,[],False,negative
e2b88bd9-f6fe-4ec2-9074-7a881e23de9f,price according to best👍,5.0,0.0,2026-07-05 19:16:35,play_store,,e2b88bd9-f6fe-4ec2-9074-7a881e23de9f,SERVICE_NOISE,,[],False,positive
64bc90a0-e1d7-4db1-addc-e7f74e9804df,They recently added 40 rupees as handling charge which is extremely high.I Uninstaller your app .There were number of delivery apps available.,1.0,1.0,2026-07-05 19:16:32,play_store,,64bc90a0-e1d7-4db1-addc-e7f74e9804df,SERVICE_NOISE,,[],False,negative
67bcca05-0013-4593-8227-ffd3c2c49efe,"The vegetable products sold at low cost are not of good quality. The vegetables which are partially rotten has been sold at low cost. Instead of throwing to dustbin, they are selling at low cost. Sweet corn is partially rotten. Tomatoes are not at all ripened. Coconut is cracked and when we open, the cracked inner portion has fungus. Other packed groceries are good.",1.0,0.0,2026-07-05 19:10:30,play_store,,67bcca05-0013-4593-8227-ffd3c2c49efe,TRUST_QUALITY,PRICE_VALUE,"['vegetables', 'sweet corn', 'tomatoes', 'coconut', 'groceries']",False,negative
a57fedbd-6873-4a50-b24e-a253db231ef3,"not quality products ,spl. coocnuts",1.0,0.0,2026-07-05 19:06:44,play_store,,a57fedbd-6873-4a50-b24e-a253db231ef3,TRUST_QUALITY,,['coconuts'],False,negative
03b6e1ab-0609-4248-ade3-0ca154ff1f68,"Don't Buy Icecream From Them,First They will send you melted Icecream. Than Won't Even Refund Instamart and Blinkit are much better in Customer Support. Go for Them atleast You will not pay for their fault",1.0,0.0,2026-07-05 18:57:32,play_store,,03b6e1ab-0609-4248-ade3-0ca154ff1f68,TRUST_QUALITY,SERVICE_NOISE,['ice cream'],False,negative
1b6c5c5f-4dab-4d48-bdd5-8015c55d4240,Worst customer support. Received 2 months old expired Curd and when raised request for replacement or refund then rejected it stating it's within the expiry date. Stupid people.,1.0,0.0,2026-07-05 18:26:32,play_store,,1b6c5c5f-4dab-4d48-bdd5-8015c55d4240,TRUST_QUALITY,SERVICE_NOISE,['curd'],False,negative
4b406a7d-550b-4a23-a5cd-bbae52f2f9c5,sasta product kyu mel raha hai isse baat se thoda dout hu but product ki quality bahut achhi hai,5.0,0.0,2026-07-05 18:17:23,play_store,,4b406a7d-550b-4a23-a5cd-bbae52f2f9c5,PRICE_VALUE,,[],False,mixed
b4341510-cfd1-416a-aaf1-fdea87916d47,I like this app order is timing to deliver the product responsible for than good job and the service the best app in than I really appreciate the in the platform of delivery person🫡🫡🫡🫡 great job,5.0,0.0,2026-07-05 18:11:09,play_store,,b4341510-cfd1-416a-aaf1-fdea87916d47,SERVICE_NOISE,,[],False,positive
84a07fd6-729f-44c8-a86d-21ea58705f58,zeto apan warehouse ka surprise check kro please abhi maine yaha se vegitable order keya tha pe wo kharab aaya hai. please audit karo aap log surprise,1.0,0.0,2026-07-05 18:01:06,play_store,,84a07fd6-729f-44c8-a86d-21ea58705f58,TRUST_QUALITY,,['vegetables'],False,negative
848f1b3a-729b-4189-9472-e8fbf083fafd,thank you zepto good 👍👍👍,5.0,0.0,2026-07-05 17:55:32,play_store,,848f1b3a-729b-4189-9472-e8fbf083fafd,SERVICE_NOISE,,[],False,positive
e3df68dc-cf80-452c-97ec-2c4433c6ec6e,"Horrible experience, I made an order at 5:35 pm and it said it would come in 10 minutes but I had to wait for 20+ minutes for it to arrive and the app kept on saying 5 mins despite the delivery partner not moving. Never using this app again.",1.0,0.0,2026-07-05 17:51:09,play_store,,e3df68dc-cf80-452c-97ec-2c4433c6ec6e,SERVICE_NOISE,,[],False,negative
cadc2fc9-ea02-4dbc-9fd4-c2ebb9b695bc,i received half refund even though I returned full items,1.0,0.0,2026-07-05 17:48:11,play_store,,cadc2fc9-ea02-4dbc-9fd4-c2ebb9b695bc,SERVICE_NOISE,,[],False,negative
ebaf4f12-c9d5-463e-a7f0-9efd468cf10d,I am seriously frustrated with your services These my last 2 order cancelled your delivery partner are Very aggressive..... very bad Services I am going to delete this app permanently,1.0,0.0,2026-07-05 17:32:24,play_store,,ebaf4f12-c9d5-463e-a7f0-9efd468cf10d,SERVICE_NOISE,,[],False,negative
0aa2b53f-6e82-4382-961f-3ea9e9e74c29,they don't take responsibility when you receive bad quality products. on post delivery service is there. I have received rotten pear that too only one when I have ordered 250g. these delivery apps are very irresponsible.,1.0,0.0,2026-07-05 17:20:30,play_store,,0aa2b53f-6e82-4382-961f-3ea9e9e74c29,TRUST_QUALITY,,['pear'],False,negative
acb2c884-ad39-4a27-8305-dc81b83f8cae,"Used to be a great app. In the beginning, Zepto deliveries were fast and accurate. But lately the service quality has dropped a lot. Recent issues: 1. Ordered 72ml shampoo, received bottle less than half full. 2. Sometimes items are missing from the order. I used to trust Zepto blindly, but now I have to check every single order. Hope the team fixes these quality issues soon.",1.0,0.0,2026-07-05 17:13:45,play_store,,acb2c884-ad39-4a27-8305-dc81b83f8cae,TRUST_QUALITY,,['shampoo'],False,negative
1f8ce89c-486a-4f53-8c5f-423c1e1ba48a,I love this service app,4.0,0.0,2026-07-05 17:12:29,play_store,,1f8ce89c-486a-4f53-8c5f-423c1e1ba48a,SERVICE_NOISE,,[],False,positive
2fcf92e0-5745-4ba0-a69f-2caa2095b0ab,for poor delivery experience Order time 4:05 pm but delivery time no one knows 😡,1.0,0.0,2026-07-05 17:05:39,play_store,,2fcf92e0-5745-4ba0-a69f-2caa2095b0ab,SERVICE_NOISE,,[],False,negative
9c699b76-1172-4407-b7b9-33f9d2384b9b,uninstalling because not available at my place,3.0,0.0,2026-07-05 16:53:17,play_store,,9c699b76-1172-4407-b7b9-33f9d2384b9b,SERVICE_NOISE,,[],False,negative
5963a27d-6211-486e-9151-e7bfcf7279bb,service bakar hai 8 minutes ka order ko 30 minutes ka baad delivered krta hai,1.0,0.0,2026-07-05 16:48:13,play_store,,5963a27d-6211-486e-9151-e7bfcf7279bb,SERVICE_NOISE,,[],False,negative
c7bb6e31-5aa0-4e7f-a110-8fd438313ffd,fast delivery and best quality,5.0,0.0,2026-07-05 16:47:04,play_store,,c7bb6e31-5aa0-4e7f-a110-8fd438313ffd,SERVICE_NOISE,,[],False,positive
4c4493c6-d381-4567-b908-8507bf9b0428,"packing would have been little bit more good, but it is ok. Products are of very good quality, shipping patner's behaviour was good.",5.0,0.0,2026-07-05 16:45:56,play_store,,4c4493c6-d381-4567-b908-8507bf9b0428,SERVICE_NOISE,,[],False,positive
a1094d0e-d591-4d1c-bb59-389e7f2986d5,provide fast Delivery,5.0,0.0,2026-07-05 16:41:13,play_store,,a1094d0e-d591-4d1c-bb59-389e7f2986d5,SERVICE_NOISE,,[],False,positive
41e375c3-367c-41ec-84ef-aae430d68076,I think so zepto ko thoda sa delivery fast karna chahie vaise everything is okay,5.0,0.0,2026-07-05 16:41:02,play_store,,41e375c3-367c-41ec-84ef-aae430d68076,SERVICE_NOISE,,[],False,mixed
79899e0e-1c9b-4b3b-8e7a-b7fc7479753b,why is the free delivery limit changed to rs. 149 from rs. 99? is this going to continue this way?,1.0,0.0,2026-07-05 16:33:12,play_store,,79899e0e-1c9b-4b3b-8e7a-b7fc7479753b,PRICE_VALUE,,[],False,negative
e5763e1f-ea38-4e54-b446-8e652076c7ab,"This is very disappointing. I already requested a replacement because the original order contained old stock manufactured in October 2023. However, the replacement sent is again the same old stock. This completely defeats the purpose of the replacement. I ordered these soaps for future use and expect products with a reasonable remaining shelf life, not stock that is close to expiry. Please arrange a replacement with freshly manufactured stock or issue a full refund. Kindly do not send the same",1.0,0.0,2026-07-05 16:30:36,play_store,,e5763e1f-ea38-4e54-b446-8e652076c7ab,TRUST_QUALITY,SERVICE_NOISE,['soaps'],False,negative
53356b9e-b664-4ed2-a978-0e2b1fb3a2ef,"I live in Faridabad and 9 out of 10 deliveries are way beyond late. And its been going since 2 to 3 months now. Now considering switching to other platforms. Order just now and its been more than half an hour now, my order is still on the way(it should have been delivered within 5 to 10 mins)",1.0,0.0,2026-07-05 16:26:49,play_store,,53356b9e-b664-4ed2-a978-0e2b1fb3a2ef,SERVICE_NOISE,,[],False,negative
2dba89f5-da41-482f-9323-a5eb8d9661b7,nice experience with zepto,5.0,0.0,2026-07-05 16:17:45,play_store,,2dba89f5-da41-482f-9323-a5eb8d9661b7,SERVICE_NOISE,,[],False,positive
7096672a-73f0-4e59-9051-b6b4f702ee9a,"Absolutely unacceptable experience. Zepto delivered mangoes that did not match the product shown in the app, and one mango was spoiled. Despite sharing clear photographic evidence, customer support repeatedly sent generic copy-paste replies, ignored the actual issue, and refused to take responsibility. This is misleading, poor quality control, and terrible customer service. I've completely lost trust in Zepto and will never order from them again. I advise others to be cautious.",1.0,0.0,2026-07-05 16:16:51,play_store,,7096672a-73f0-4e59-9051-b6b4f702ee9a,TRUST_QUALITY,SERVICE_NOISE,['fruits'],False,negative
cf89ee48-c10e-4208-a137-a9a4d06d4fd5,the milk they will send will curdled upon boiling and they will not accept return request,1.0,0.0,2026-07-05 16:01:13,play_store,,cf89ee48-c10e-4208-a137-a9a4d06d4fd5,TRUST_QUALITY,,['milk'],False,negative
5f66f7fa-1168-49a6-acc6-c91b5b2133d6,Product need attention.... stop rotten products,3.0,0.0,2026-07-05 15:51:59,play_store,,5f66f7fa-1168-49a6-acc6-c91b5b2133d6,TRUST_QUALITY,,[],False,negative
1548b4cb-3d3d-42bd-86b1-9823016df77b,pathetic quality of items delivered also irresponsible customer care service with no attention to customers query/help request after purchase,1.0,0.0,2026-07-05 15:48:00,play_store,,1548b4cb-3d3d-42bd-86b1-9823016df77b,TRUST_QUALITY,SERVICE_NOISE,[],False,negative
d3ce62aa-b547-41c7-97f5-dc2a8c82fa5b,excellent service 👍 thanks,5.0,0.0,2026-07-05 15:41:36,play_store,,d3ce62aa-b547-41c7-97f5-dc2a8c82fa5b,SERVICE_NOISE,,[],False,positive
6d381ace-f3cb-4ad6-b131-1dba3a792758,"Very Bad Service , items were missing from my delivered package No helpful response from Customer Care, Took Advantage of my trust and made me suffer a financial loss of 200rs. I am thier regular customer so they took advantage of my trust.",1.0,0.0,2026-07-05 15:39:05,play_store,,6d381ace-f3cb-4ad6-b131-1dba3a792758,SERVICE_NOISE,,[],False,negative
d45e4334-838c-4fd9-bfe6-c38d0f000278,"cheaters, an item was missing in delivery and said cannot refund, thx for the feedback. day light looters, no customer care number, no proper response on mails. there itself can understand, they are there to cheat customers",1.0,0.0,2026-07-05 15:38:50,play_store,,d45e4334-838c-4fd9-bfe6-c38d0f000278,SERVICE_NOISE,,[],False,negative
134f8324-d142-4ae5-adfc-2aa4fe8ee946,Unfortunately if ordered by mistakenly they have no option to cancel even though if you contact customer care just after placing order mistakenly for cancel the order before packed they don't. Forcefully they delivering the order customer care is very worst for this app .I think no body should use this app .they are placing order Forcefully,1.0,0.0,2026-07-05 15:34:35,play_store,,134f8324-d142-4ae5-adfc-2aa4fe8ee946,SERVICE_NOISE,,[],False,negative
24ebf019-7d4d-4648-bf1b-e32583e58261,happy to deal with zepto,5.0,0.0,2026-07-05 15:29:14,play_store,,24ebf019-7d4d-4648-bf1b-e32583e58261,SERVICE_NOISE,,[],False,positive
fbd5779e-f6bc-458c-8bfd-a924b39d1c64,zepto profect app sara saman acha aata hai,5.0,0.0,2026-07-05 15:21:23,play_store,,fbd5779e-f6bc-458c-8bfd-a924b39d1c64,SERVICE_NOISE,,[],False,positive
379c787f-d4a1-4d1e-b93a-7aaa267e29c4,Fast delivery & products are at their lowest price!,5.0,0.0,2026-07-05 15:12:02,play_store,,379c787f-d4a1-4d1e-b93a-7aaa267e29c4,PRICE_VALUE,,[],False,positive
255a50b0-c1d7-4af3-8cad-6e37a3aad19f,Poor packaging and customer support if you receive a damaged product.,1.0,0.0,2026-07-05 15:08:40,play_store,,255a50b0-c1d7-4af3-8cad-6e37a3aad19f,SERVICE_NOISE,,[],False,negative
2b2ea0ac-78ef-4142-bcd2-d2d9bdae1486,useless app not provide proper service in the area of the same city only provide service in single target area of the city,1.0,0.0,2026-07-05 15:05:17,play_store,,2b2ea0ac-78ef-4142-bcd2-d2d9bdae1486,SERVICE_NOISE,,[],False,negative
47c1c1f6-b598-4fd8-86a8-a8eee729e89e,"I received a product with tampered packaging and also the product was used. When asked for return, no proper response was given and also later, my exchange was denied by an automated message. Worst Experience. Other apps at least provide a proper response.",1.0,0.0,2026-07-05 14:59:18,play_store,,47c1c1f6-b598-4fd8-86a8-a8eee729e89e,SERVICE_NOISE,,[],False,negative
999b31c1-026e-47fc-bc01-cc0a37197f83,thanks for coming on time,5.0,0.0,2026-07-05 14:53:29,play_store,,999b31c1-026e-47fc-bc01-cc0a37197f83,SERVICE_NOISE,,[],False,positive
55e0760b-3396-4dd7-849a-deb63707fac2,"fresh and price worthy , fast delivery option ..",5.0,0.0,2026-07-05 14:46:51,play_store,,55e0760b-3396-4dd7-849a-deb63707fac2,PRICE_VALUE,,[],False,positive
98cc6046-4b1b-44d6-840b-d47816673259,today I ordered fish ..it was fully refrigerated and sticky..but no response after my complaint....now a days zepto also not given fresh item... worst experience,1.0,0.0,2026-07-05 14:30:28,play_store,,98cc6046-4b1b-44d6-840b-d47816673259,TRUST_QUALITY,SERVICE_NOISE,['fish'],False,negative
37036cca-81f2-4e34-b792-443276cdff8d,"The live tracking option when ordering for another is completely ridiculous. It never works for the reciever. I can't track the order because 90% of the times even through the notification that X placed an order for you, it opens to a blank page. And those rare occasions when it does open, it does not show the delivery person's location so you cannot determine where they are making it hard to give instructions to them. Zepto need to do better in this.",1.0,2.0,2026-07-05 14:12:00,play_store,,37036cca-81f2-4e34-b792-443276cdff8d,SERVICE_NOISE,,[],False,negative
30cf7a63-8160-4862-aec9-7ff7c05b7481,fast delivery and good behaviour of the delivery person,5.0,0.0,2026-07-05 14:08:32,play_store,,30cf7a63-8160-4862-aec9-7ff7c05b7481,SERVICE_NOISE,,[],False,positive
ca009747-d220-4962-baf8-4f92398ba364,delivered expiring items,1.0,0.0,2026-07-05 13:53:24,play_store,,ca009747-d220-4962-baf8-4f92398ba364,TRUST_QUALITY,,[],False,negative
fc210f4c-d5f0-4d7f-93d1-10f3e51238c4,worst customer care service and the same is logistics. don't order veg and non veg items together.,1.0,0.0,2026-07-05 13:48:39,play_store,,fc210f4c-d5f0-4d7f-93d1-10f3e51238c4,SERVICE_NOISE,,"['vegetables', 'non-veg']",False,negative
cd3878d6-7dc0-48df-a862-9942b6b3556d,"sorry to say , this is the worst platform to order groceries, milk is always curdled n no support from the app n waste money totally ! do they seriously think if they don't return, the customer will come ?",1.0,0.0,2026-07-05 13:44:17,play_store,,cd3878d6-7dc0-48df-a862-9942b6b3556d,TRUST_QUALITY,SERVICE_NOISE,['milk'],False,negative
276550cc-0789-45af-976b-97dfc7f1ebb9,"received a used product and a poor quality product, when I complained, no one was ready to listen.",1.0,0.0,2026-07-05 13:41:12,play_store,,276550cc-0789-45af-976b-97dfc7f1ebb9,TRUST_QUALITY,,[],False,negative
cbc23a79-54b9-4e4a-827e-de6c6225c424,"RRCAT Indore store and zepto itself involved in malpractice. The support system is the worst. Item missed while delivery but zepto not considered the issue. On multiple times, item not delivered, and proper support is not available on Zepto. It was the worst experience. Zepto does not value the customer, and their one-way communication is horrible.",1.0,0.0,2026-07-05 13:34:26,play_store,,cbc23a79-54b9-4e4a-827e-de6c6225c424,SERVICE_NOISE,,[],False,negative
d86afc41-7763-45dc-8353-933b5fcf60cc,very bad experience zepto supporting team this app is worthless,1.0,0.0,2026-07-05 13:30:24,play_store,,d86afc41-7763-45dc-8353-933b5fcf60cc,SERVICE_NOISE,,[],False,negative
9ef81e54-86ae-45e2-aa56-81123c4417a3,poor quality vegetables deliver .I purchase onion but deliver rotten onion and size is smaller than shown on portal and no replacement provided after complent,1.0,0.0,2026-07-05 13:14:08,play_store,,9ef81e54-86ae-45e2-aa56-81123c4417a3,TRUST_QUALITY,,"['vegetables', 'onion']",False,negative
31d1b7f0-1558-47a4-816a-448fecef894f,please update your map and route due to rain I can't get my order last 2 days in indore,4.0,0.0,2026-07-05 13:07:39,play_store,,31d1b7f0-1558-47a4-816a-448fecef894f,SERVICE_NOISE,,[],False,negative
9c49d5fb-2bbf-4e64-a579-c171897b8c00,most disgusting apps in the while the delivery agent is so rude and it's not just one time it's the third time I have ordered and he refused to come at my exact location I have to cancel my order but the amount didn't receive yet they say it take 5-7 business days so I need to wait for my own money don't order from this disgusting app,1.0,0.0,2026-07-05 12:57:51,play_store,,9c49d5fb-2bbf-4e64-a579-c171897b8c00,SERVICE_NOISE,,[],False,negative
ed0e4df2-ae27-44f6-bdb8-fdc551f6c107,"Ordered a Mango Ice Cream but received Chocolate instead. Also ordered a 2-pack of another ice cream, but received a completely different variant with different packaging, tub colour, and even different nutritional values. Escalation team ignored the actual issue and claimed only that the package was ""intact."" My complaint was about receiving the wrong products, not damaged ones. Grievance team never responded. Extremely poor customer service and no accountability. They are selling fake products",1.0,0.0,2026-07-05 12:54:40,play_store,,ed0e4df2-ae27-44f6-bdb8-fdc551f6c107,TRUST_AUTHENTICITY,SERVICE_NOISE,['ice cream'],False,negative
8364b609-0d8a-4c5c-9e6d-aff5a441f65b,I ordered ice cream but the seal was broken and zepto apparantly doesnt recognize this as a food violation and claimed the product was safe to be eaten. They refused to listen even when there were clear images. It could have been drugged or swapped with other cheap ice creams. They dont see it as a serious food safety violation.,1.0,0.0,2026-07-05 12:50:34,play_store,,8364b609-0d8a-4c5c-9e6d-aff5a441f65b,TRUST_QUALITY,,['ice cream'],False,negative
a1c88df9-c71f-4b65-972a-e7a6771da570,"I would like to give zero, unfortunately rating system doesn't have the option. Just experienced the worst customer service. I was asking for agent intervention for a order getting delayed for more than 30 minutes and keep getting the bot saying repeated things. Never ever going to order.",1.0,0.0,2026-07-05 12:41:04,play_store,,a1c88df9-c71f-4b65-972a-e7a6771da570,SERVICE_NOISE,,[],False,negative
7f78dfe8-3324-4631-843c-7006a267e4e4,at time the product is not upto the mark,3.0,0.0,2026-07-05 12:40:06,play_store,,7f78dfe8-3324-4631-843c-7006a267e4e4,TRUST_QUALITY,,[],False,negative
29cc5cbc-19bb-4c0c-9971-9067dec2131c,writes delivery in 10 mins and actual delivery takes 40 mins to deliver. I urgently wanted something and they took 40 mins to deliver it . will never order from zepto again.,1.0,0.0,2026-07-05 12:33:18,play_store,,29cc5cbc-19bb-4c0c-9971-9067dec2131c,SERVICE_NOISE,,[],False,negative
50a0c631-7f1c-4b9f-8483-8596c794358a,never buy anything from these fraudsters. they are selling expired products and not accepting that later,1.0,0.0,2026-07-05 12:24:33,play_store,,50a0c631-7f1c-4b9f-8483-8596c794358a,TRUST_QUALITY,,[],False,negative
7650272e-f5db-4624-84db-615af791d17a,"worst experience..recieved expired milk packets named doodhvala..producs smell.like rat...and 1 product had a rat bite like thing also on a box of..poorest products, rotten, broken, expired and local fake products...the team (nabanita) diesnt respknd they will just keep telling our products r good we cant return etc. not recommended..go with big basket, blinkit and amazon now better..",1.0,0.0,2026-07-05 12:23:07,play_store,,7650272e-f5db-4624-84db-615af791d17a,TRUST_QUALITY,TRUST_AUTHENTICITY,['milk'],False,negative
42a3f9ac-f5fe-44b3-ae61-4d4e78264ad5,"easy to use,but some time it comes fast,but when it urgent they come very late yesterday I ordered at 7:55 onwards but the order came 9:30 ,my suggestion is whenever you guys need urgent then don't order in zepto",1.0,0.0,2026-07-05 12:17:47,play_store,,42a3f9ac-f5fe-44b3-ae61-4d4e78264ad5,SERVICE_NOISE,,[],False,mixed
77134bb7-dec1-409f-8f45-c37e921b8890,Selling spoiled products then not providing refund,1.0,0.0,2026-07-05 12:06:33,play_store,,77134bb7-dec1-409f-8f45-c37e921b8890,TRUST_QUALITY,SERVICE_NOISE,[],False,negative
12c212fa-07fb-49c6-90e0-c012eb690ad9,"Harrassing and cheating people. I didn't accept my order and delivery partner didn't cancel it after telling me that my order will be cancelled by the store. Afterward store didn't cancel my order and marked it as delivered. After complaining, zepto support team didn't refund my money and I didn't receive my order.. total amount was went into their pocket as black money.",1.0,0.0,2026-07-05 12:02:36,play_store,,12c212fa-07fb-49c6-90e0-c012eb690ad9,SERVICE_NOISE,,[],False,negative
ba116508-a5ac-4f82-9222-d25d4f1c42ca,good app free delivery,5.0,0.0,2026-07-05 11:57:46,play_store,,ba116508-a5ac-4f82-9222-d25d4f1c42ca,SERVICE_NOISE,,[],False,positive
048e73d0-6e6b-4e9b-8b1c-e65107d2e7eb,the fast delivery on time,5.0,0.0,2026-07-05 11:54:08,play_store,,048e73d0-6e6b-4e9b-8b1c-e65107d2e7eb,SERVICE_NOISE,,[],False,positive
8c7af73b-e810-4e0c-a28c-0223959f805b,Received Expired Products. You guys intentionally erased the Manufacturing and Use By Date.. How much can you go down just for some profit.. Shame On U Zepto.. See You in Court.,1.0,0.0,2026-07-05 11:53:21,play_store,,8c7af73b-e810-4e0c-a28c-0223959f805b,TRUST_QUALITY,,[],False,negative
a60b6b1d-398f-4b63-b304-4a2b0b687784,delivery time aur product acha hai lekin bahut ghatiya app koi bhi bhai please 🙏🏻 online payment mat karna oder delivery boy cancel kar dega payment fas jayega refund nhi ayega,2.0,0.0,2026-07-05 11:51:11,play_store,,a60b6b1d-398f-4b63-b304-4a2b0b687784,SERVICE_NOISE,,[],False,mixed
70c40923-ae42-419b-b473-19e1948cc74f,good service fast service,5.0,0.0,2026-07-05 11:31:19,play_store,,70c40923-ae42-419b-b473-19e1948cc74f,SERVICE_NOISE,,[],False,positive
186e621d-d1f0-49e0-9316-e84a0ef0ff78,"Worst customer support I've experienced. No customer care number, and the AI chatbot is broken. Every time I try to upload a photo of a damaged or wrong product, the screen turns white and the app freezes. Even if it works, it only tells me to email support, which never responds. An instant grocery app should provide instant customer support. Fast delivery is useless if customers can't get help when something goes wrong.",1.0,0.0,2026-07-05 11:29:48,play_store,,186e621d-d1f0-49e0-9316-e84a0ef0ff78,SERVICE_NOISE,,[],False,negative
a04b531e-b413-4203-86d3-8a9cf25ff684,very bad experience....I have ordered a item since 2 hrs later still I have not got my delivery item ....delivery partner name is alok pal,1.0,0.0,2026-07-05 11:28:09,play_store,,a04b531e-b413-4203-86d3-8a9cf25ff684,SERVICE_NOISE,,[],False,negative
956193ba-4f27-4d8a-8c50-a11cb490efb1,Not provide good items especially tender coconut. Always received bad quality tenders. HOVQKDAVP18114,1.0,0.0,2026-07-05 11:21:22,play_store,,956193ba-4f27-4d8a-8c50-a11cb490efb1,TRUST_QUALITY,,['tender coconut'],False,negative
ca38f631-1417-461d-b9f4-ddaa1c0acba3,They will taking more days for refund,1.0,0.0,2026-07-05 11:21:04,play_store,,ca38f631-1417-461d-b9f4-ddaa1c0acba3,SERVICE_NOISE,,[],False,negative
8815e938-f73a-4b23-9f0d-151147613e58,Doesn't have items shown on app,1.0,0.0,2026-07-05 11:04:12,play_store,,8815e938-f73a-4b23-9f0d-151147613e58,DISCOVERY_GAP,,[],False,negative
d93f2ac5-2f93-4fa0-961d-af856ea5e9a8,please fix the image upload module taking too long and getting crashed,1.0,0.0,2026-07-05 11:03:26,play_store,,d93f2ac5-2f93-4fa0-961d-af856ea5e9a8,SERVICE_NOISE,,[],False,negative
420dcd75-04dc-44c7-8674-45d4754f8271,i made prepaid order. recived less items and wt i recived were already opened.. been 10 days.. no refund.. no update.. no num to connect or chat. HIGHLY DISSATISFIED.. NEVER ORDERING AGAIN,1.0,0.0,2026-07-05 11:03:10,play_store,,420dcd75-04dc-44c7-8674-45d4754f8271,SERVICE_NOISE,,[],False,negative
49505f21-5af2-478d-97dd-6f0e143b0949,"worst aap, worst customer support",1.0,0.0,2026-07-05 10:47:51,play_store,,49505f21-5af2-478d-97dd-6f0e143b0949,SERVICE_NOISE,,[],False,negative
8e591c78-e499-40f0-abfd-94a79b100872,"sbse raddi ghatiya app , jb bhi maine milk manwaya hamesha garm krne pr fat gaya ..",1.0,0.0,2026-07-05 10:44:50,play_store,,8e591c78-e499-40f0-abfd-94a79b100872,TRUST_QUALITY,,['milk'],False,negative
9dc7326b-3d92-4c34-8998-dd5bd144de4b,"Ordered milk from this app , nearly 4-5 time milk got spoiled while heating. they deliver a expired product to the customer. if you raise any questions , they are not ready to reply and all AI generated repeated answers. There is no toll free customer care number to contact and raise complaint. So pathetic service. don't order in zepto , there are more platform who deliver and serve better then zepto.",1.0,0.0,2026-07-05 10:42:02,play_store,,9dc7326b-3d92-4c34-8998-dd5bd144de4b,TRUST_QUALITY,SERVICE_NOISE,['milk'],False,negative
2ac58d5f-c255-4121-914b-883087ec51fa,"Absolutely terrible experience with Zepto. My order was not delivered in full, yet I was charged for all the items. Repeated attempts to contact customer support through the app and email went unanswered, with no proper resolution or refund. The worst part is their so called callback attempt, they give a one-ring call and then claim they “tried to contact you.” This feels deliberately designed to avoid resolving complaints. Based on my experience, I have completely lost trust in Zepto.",1.0,0.0,2026-07-05 10:34:07,play_store,,2ac58d5f-c255-4121-914b-883087ec51fa,SERVICE_NOISE,,[],False,negative
1361e360-8949-43a6-bd68-36ffaf65547c,I will give it 5 star but it stopped working in my location what do I do please help me 😭,5.0,0.0,2026-07-05 10:33:33,play_store,,1361e360-8949-43a6-bd68-36ffaf65547c,SERVICE_NOISE,,[],False,mixed
c144b0b5-5e1c-41c5-940e-e6bad684bbbc,Nice Experience !! Keep it up 👍,5.0,0.0,2026-07-05 10:23:08,play_store,,c144b0b5-5e1c-41c5-940e-e6bad684bbbc,SERVICE_NOISE,,[],False,positive
81e2d9c3-d74a-48a7-9732-bbc520f1735c,"they gave me a torn product of 9 rupees snack and burnt the packing using a lit candle to attach it, and when I gave a complaint with zepto support they blamed me saying that the product was delivered in tact condition, disappointing support from zepto team",1.0,0.0,2026-07-05 10:06:09,play_store,,81e2d9c3-d74a-48a7-9732-bbc520f1735c,SERVICE_NOISE,,['snacks'],False,negative
0a59ea84-fef4-4ff7-9287-efc8d94ddab3,"I am giving 0 star. this app eritate me . when I open after refresh it always show add address popup messane ,but I updated my location and also login",1.0,0.0,2026-07-05 10:03:03,play_store,,0a59ea84-fef4-4ff7-9287-efc8d94ddab3,SERVICE_NOISE,,[],False,negative
c0f53980-35c7-4f18-a5a9-0c37c2bf8860,"you change the price and policy as per costumer, lack of uniformity. there should me uniform rates for all",1.0,0.0,2026-07-05 10:01:51,play_store,,c0f53980-35c7-4f18-a5a9-0c37c2bf8860,PRICE_VALUE,,[],False,negative
30a8e29e-624b-4002-9cba-0724229485d7,"I don't see any great offers; I am always charged handling fees, and I don't get any good deals",1.0,0.0,2026-07-05 09:58:55,play_store,,30a8e29e-624b-4002-9cba-0724229485d7,PRICE_VALUE,,[],False,negative
2987e863-b12b-4f76-b514-d2bd3da1da63,excellent fast delivery,5.0,0.0,2026-07-05 09:57:32,play_store,,2987e863-b12b-4f76-b514-d2bd3da1da63,SERVICE_NOISE,,[],False,positive
3dd2a127-1918-49e4-9e13-366caf1f6dbf,"Very disappointing experience with Zepto. I received stale products that were not fit for consumption, which raises serious concerns about quality checks and food safety. When I contacted customer support, the response was slow, unhelpful, and failed to resolve the issue satisfactorily. Customers trust grocery delivery platforms to provide fresh products and reliable service. I would not recommend Zepto until they improve their product quality and customer service standards.",1.0,1.0,2026-07-05 09:33:05,play_store,,3dd2a127-1918-49e4-9e13-366caf1f6dbf,TRUST_QUALITY,SERVICE_NOISE,[],False,negative
d8662386-0371-4898-8bd1-910fc8a47ccb,Zepto supplied a substandard quality milk which got curdled on heating and still refused to refund the money. This is highly unprofessional a d u ethical.,2.0,1.0,2026-07-05 09:28:22,play_store,,d8662386-0371-4898-8bd1-910fc8a47ccb,TRUST_QUALITY,,['milk'],False,negative
2aa93e20-3df5-47f6-b7df-0c1541a09ce5,useless business ... they do not deliver products and charge the customer,1.0,0.0,2026-07-05 09:25:43,play_store,,2aa93e20-3df5-47f6-b7df-0c1541a09ce5,SERVICE_NOISE,,[],False,negative
1a9d3b74-bea8-4ba2-b1ed-16b5dddfe8cf,"I always face issue with zepto products, multiple time I received expiry product, vegetables in bad conditions.",1.0,0.0,2026-07-05 09:18:59,play_store,,1a9d3b74-bea8-4ba2-b1ed-16b5dddfe8cf,TRUST_QUALITY,,['vegetables'],False,negative
6395cbee-a13b-4530-8876-b289f39dd813,zepto is good for new customers only as soon as u become old customer it starts cheating u first they would receive the order then would send u a part of the item nd would inform u latter that they don't have rest item in store then add some more items wd different brand to get the free delivery as well they force to purchase medicine wd the product u required..... really after being regular customer it was great disappointed.... would never suggest zepto to anyone,1.0,0.0,2026-07-05 09:17:54,play_store,,6395cbee-a13b-4530-8876-b289f39dd813,HABIT_AUTOPILOT,PRICE_VALUE,['medicines'],False,negative
5fd182ec-19be-42f5-b615-24cfa45fd172,I have ordered several things from this app and many things are expired and some are damaged very badly and I have tried many times to return them but they didn't returned my order zepto if you are not returning any orders then why you are claiming easy return just lying in front of public and scamming them. this app is worse in returning and refunding,1.0,1.0,2026-07-05 09:14:01,play_store,,5fd182ec-19be-42f5-b615-24cfa45fd172,TRUST_QUALITY,SERVICE_NOISE,[],False,negative
32740f4c-45c8-444b-a6db-b8583eff7ad4,zepto delivery expired dairy products no senity check poor service after delivery takes time to resolve,2.0,0.0,2026-07-05 09:08:04,play_store,,32740f4c-45c8-444b-a6db-b8583eff7ad4,TRUST_QUALITY,SERVICE_NOISE,['dairy'],False,negative
2cd088ee-a49b-4573-ba8c-62bf716a792a,no referral option found fix my problem,1.0,0.0,2026-07-05 08:59:05,play_store,,2cd088ee-a49b-4573-ba8c-62bf716a792a,SERVICE_NOISE,,[],False,negative
184410b4-b1f5-42cb-b15b-36b03f627e71,"Very frustrating experience with Zepto. Most of the time, the app shows “Please try again in 15 minutes,” and sometimes it doesn’t accept orders for 1–2 hours. I’ve also noticed that after buying the same product 2–3 times, its price seems to increase by ₹3–₹4, which is quite disappointing. The app and service need a lot of improvement. Compared to my experience with Blinkit, Zepto has been much more frustrating and unreliable.",1.0,0.0,2026-07-05 08:58:21,play_store,,184410b4-b1f5-42cb-b15b-36b03f627e71,PRICE_VALUE,SERVICE_NOISE,[],False,negative
293930c8-76d9-4345-9519-25596549541f,good option online aap.,5.0,0.0,2026-07-05 08:39:46,play_store,,293930c8-76d9-4345-9519-25596549541f,SERVICE_NOISE,,[],False,positive
187c5cb8-d2f3-42e6-a467-eadcb1929ee2,"very bad I ordered Havmor brand ice cream cake delivered vadilal brand. cost difference 30 rupees, same told to delivery person he said talk to customer care, when ask for these 30 rupees difference first customer care chat said Initiate mail then said on mail he said can't refund these 30 rupees, zepto forcefully give me other product. do not ordered anyhing from this app",1.0,0.0,2026-07-05 08:35:56,play_store,,187c5cb8-d2f3-42e6-a467-eadcb1929ee2,TRUST_AUTHENTICITY,SERVICE_NOISE,['ice cream'],False,negative
3b0c2ab6-6131-46a2-842e-053e4915b122,thank you for fast delivery,5.0,0.0,2026-07-05 08:24:40,play_store,,3b0c2ab6-6131-46a2-842e-053e4915b122,SERVICE_NOISE,,[],False,positive
1cb995b5-d8c0-4ab3-abc9-1a5d3f629c4b,"not reliable and trusted app , I was scammed, they delivered me wrong items and delivery guy told me that refund will initiate as he raised the complaint and I also complaint regarding this but no response from zepto team",1.0,0.0,2026-07-05 08:20:27,play_store,,1cb995b5-d8c0-4ab3-abc9-1a5d3f629c4b,SERVICE_NOISE,,[],False,negative
4be01566-cc04-46f9-9fd9-5483b4a2a3d5,This application is becoming a scam. I ordered 6 coconut and received only 5 on raise the concern with the Zepto team they said that we have verified with the seller and confirmed that they had sent 6 pcs. They didn't confirm with the delivery agent. In the same order less coconut water and it was too hard to open.I raised this concern to Zepto but they denied the replacement and said we had checked the quality standard.,1.0,0.0,2026-07-05 08:15:34,play_store,,4be01566-cc04-46f9-9fd9-5483b4a2a3d5,TRUST_QUALITY,SERVICE_NOISE,"['coconut', 'coconut water']",False,negative
4517de77-6e93-4201-81dd-a574081a368c,sometimes we can't go out side this zepto app helped me many times,5.0,0.0,2026-07-05 07:42:51,play_store,,4517de77-6e93-4201-81dd-a574081a368c,HABIT_AUTOPILOT,,[],False,positive
e7204c06-a903-4dc1-a430-2580012f464f,well done job all team zepto God day,5.0,0.0,2026-07-05 07:24:53,play_store,,e7204c06-a903-4dc1-a430-2580012f464f,SERVICE_NOISE,,[],False,positive
f865be0a-24d4-49c9-9d49-02516753f925,Good experience today app first order delivery person safe work order packing good,5.0,0.0,2026-07-05 06:42:44,play_store,,f865be0a-24d4-49c9-9d49-02516753f925,SERVICE_NOISE,,[],False,positive
57e5d7d6-b5f1-46fd-8665-9a876668b2fd,Installed for Zepto cafe. Closed even after 1 AM at my location. Uninstalling now. However inflated prices even in normal timings. Filtered most relevant relevant reviews and showing one star reviews. Says a lot about the application and user reviews. Look into all of this Zepto if you have time Zepto founders aside your marketing campaigns,1.0,0.0,2026-07-05 03:47:48,play_store,,57e5d7d6-b5f1-46fd-8665-9a876668b2fd,PRICE_VALUE,SERVICE_NOISE,['cafe'],False,negative
531c4697-1000-4a7e-a649-4f1cc33a02dc,very worst and didn't response for customer. I used many shopping app but this one is very worst don't use this app,1.0,0.0,2026-07-05 02:29:33,play_store,,531c4697-1000-4a7e-a649-4f1cc33a02dc,SERVICE_NOISE,,[],False,negative
2df1aa18-7b60-42a9-910e-c1254f2572ec,very worst uapdte they have launch that not delivery in night and shudule delivery worst uapdte,1.0,0.0,2026-07-05 02:10:51,play_store,,2df1aa18-7b60-42a9-910e-c1254f2572ec,SERVICE_NOISE,,[],False,negative
e302cfc0-4a87-4302-94da-22d4534ffa68,hand printed dates on products,1.0,0.0,2026-07-05 01:31:23,play_store,,e302cfc0-4a87-4302-94da-22d4534ffa68,TRUST_QUALITY,,[],False,negative
0bccabdb-731c-40e7-b950-787fef6a570d,thums up chips very nice 👍🙂 test achcha,5.0,0.0,2026-07-05 01:30:40,play_store,,0bccabdb-731c-40e7-b950-787fef6a570d,SERVICE_NOISE,,['snacks'],False,positive
a2865e0d-2e91-44c2-b63a-be5a07047064,very good performance 👍,5.0,0.0,2026-07-05 01:18:02,play_store,,a2865e0d-2e91-44c2-b63a-be5a07047064,SERVICE_NOISE,,[],False,positive
3082df4b-70d7-4462-b8bc-dba361885db1,my experience best app,5.0,0.0,2026-07-05 01:06:44,play_store,,3082df4b-70d7-4462-b8bc-dba361885db1,SERVICE_NOISE,,[],False,positive
a64c27c5-bc72-45d2-a1b0-35c2967d8842,they are cheating each and every time delivered wrong product and waisting consumers time,1.0,0.0,2026-07-05 01:01:33,play_store,,a64c27c5-bc72-45d2-a1b0-35c2967d8842,SERVICE_NOISE,,[],False,negative
7dcaf7af-71cf-499d-8f51-ae0f97d73dd2,super fast ❤️ but sometimes irritating customer service,4.0,0.0,2026-07-05 00:50:14,play_store,,7dcaf7af-71cf-499d-8f51-ae0f97d73dd2,SERVICE_NOISE,,[],False,mixed
ac3e01c6-c304-4054-b971-a26ce6fd4ef5,don't get a option for referall,1.0,0.0,2026-07-05 00:42:11,play_store,,ac3e01c6-c304-4054-b971-a26ce6fd4ef5,SERVICE_NOISE,,[],False,negative
4c7ee4f5-6d9e-4bd3-aef8-0f408552c8a2,"worst service I ever experienced, the say 10 minutes bueven can't deliver it in 30 minutes",1.0,0.0,2026-07-05 00:30:35,play_store,,4c7ee4f5-6d9e-4bd3-aef8-0f408552c8a2,SERVICE_NOISE,,[],False,negative
130d65df-e3dc-4968-b45c-e792921946fc,"fresh, fast, fantastic delivery and super deals",5.0,0.0,2026-07-05 00:29:17,play_store,,130d65df-e3dc-4968-b45c-e792921946fc,SERVICE_NOISE,,[],False,positive
bf725cf6-bcb7-4961-9383-728b976b41e5,recive damage products,2.0,0.0,2026-07-05 00:24:03,play_store,,bf725cf6-bcb7-4961-9383-728b976b41e5,TRUST_QUALITY,,[],False,negative
3eba3fa4-a131-439f-a34a-b7ba8fa06ff2,pathetic customer support,1.0,0.0,2026-07-05 00:23:11,play_store,,3eba3fa4-a131-439f-a34a-b7ba8fa06ff2,SERVICE_NOISE,,[],False,negative
15d9c356-445d-4ef1-91e0-6b609d88bd55,can the minimum order value be 100 again for free delivery please,2.0,0.0,2026-07-05 00:08:12,play_store,,15d9c356-445d-4ef1-91e0-6b609d88bd55,SERVICE_NOISE,,[],False,negative
40b44012-9c25-4eea-843d-8aec74b90078,nice app and very cheapest price provided product,5.0,0.0,2026-07-05 00:06:34,play_store,,40b44012-9c25-4eea-843d-8aec74b90078,PRICE_VALUE,,[],False,positive
c5e96e8e-b19d-48a7-acb2-936d658a7060,raj bhai sound very good bhojpuri mood,5.0,0.0,2026-07-05 00:05:31,play_store,,c5e96e8e-b19d-48a7-acb2-936d658a7060,SERVICE_NOISE,,[],False,positive
3b651235-ef5f-4495-8e2b-46defa781491,best comparing to other apps friendly delivery partners quick response reasonable price best app,5.0,0.0,2026-07-04 23:59:27,play_store,,3b651235-ef5f-4495-8e2b-46defa781491,PRICE_VALUE,,[],False,positive
1ddd0ed3-4cd2-420d-b500-422c69b388fb,"delivery partners have no accountability. i placed an order ,waited for 45 mins.,delivery partner called and after knowing the location cancelled the order . it hasn't happened just once but multiple times . sometimes even after placing an order and then cancelling it , I haven't received the refund. there's no customer service. no accountability. one just wanders in . who's to question here ?",1.0,1.0,2026-07-04 23:55:38,play_store,,1ddd0ed3-4cd2-420d-b500-422c69b388fb,SERVICE_NOISE,,[],False,negative
55d9eaa2-ad11-41e0-a55e-1a07707462bb,The delivery partner behaviour was very politely,5.0,0.0,2026-07-04 23:34:45,play_store,,55d9eaa2-ad11-41e0-a55e-1a07707462bb,SERVICE_NOISE,,[],False,positive
59d7521d-64b5-47dc-b92d-04f9f1554667,expired date delivery,1.0,0.0,2026-07-04 23:29:54,play_store,,59d7521d-64b5-47dc-b92d-04f9f1554667,TRUST_QUALITY,,[],False,negative
9cd00bce-d389-4335-a269-cf86bff3f7c1,I'm unable to find out my refferal code in application,1.0,0.0,2026-07-04 23:25:41,play_store,,9cd00bce-d389-4335-a269-cf86bff3f7c1,SERVICE_NOISE,,[],False,negative
3d233083-1e69-472d-b6cb-47eb2285b611,delivery boy are running scams not reaching address and submitting delivered and support team they are useless,1.0,0.0,2026-07-04 23:24:25,play_store,,3d233083-1e69-472d-b6cb-47eb2285b611,SERVICE_NOISE,,[],False,negative
9d56780b-a4f5-486e-9f06-0cede5481912,Good app. But be sure that the time shown to deliver a product is not the same which is shown in the app. 13 minutes to deliver means 26-30 minutes.,5.0,0.0,2026-07-04 23:14:01,play_store,,9d56780b-a4f5-486e-9f06-0cede5481912,SERVICE_NOISE,,[],False,mixed
c62e2c75-4869-4b72-b02f-f9dff40b8882,One of the item I ordered is open when I received. no response or resolution provided even after reaching to customer care. The item is taken as return but my amount is not refunded. This is definitely not a reliable delivery app.,1.0,0.0,2026-07-04 23:11:47,play_store,,c62e2c75-4869-4b72-b02f-f9dff40b8882,SERVICE_NOISE,TRUST_QUALITY,[],False,negative
80ed3027-89ae-4781-9f18-6c2f76bb382b,cheating with customer,1.0,0.0,2026-07-04 23:10:38,play_store,,80ed3027-89ae-4781-9f18-6c2f76bb382b,SERVICE_NOISE,,[],False,negative
f82e1fb0-5bd0-45dd-9593-ef654059a513,"the distance between my home and their godown is hardly 100mtrs every time when I order something it shows 3 minutes for delivery but takes more than 15 minutes Swiggy is around 2km away but delivers faster so this will be my last order, thank you",1.0,0.0,2026-07-04 23:02:18,play_store,,f82e1fb0-5bd0-45dd-9593-ef654059a513,SERVICE_NOISE,,[],False,negative
787b94c9-b219-474d-a5af-031fd1613185,scammers delivery man not coming on address and claiming delivered when call support team poor response,1.0,0.0,2026-07-04 23:02:11,play_store,,787b94c9-b219-474d-a5af-031fd1613185,SERVICE_NOISE,,[],False,negative
3432b7e2-e081-46d1-833a-718d7233dc63,"Arguably the best instant delivery app which takes no handling fees, unlike other platforms. Generally, almost all the items are cheaper here compared to other apps, while having good quality. Delivery is generally trustworthy and timely. In case of a mistake from their end, the company remains ready to refund the entire amount even without taking back the consumable item. Now, the company has reduced the discounts available. Previously, it used to offer very good discounts.",4.0,2.0,2026-07-04 22:54:14,play_store,,3432b7e2-e081-46d1-833a-718d7233dc63,PRICE_VALUE,HABIT_AUTOPILOT,[],False,mixed
40bc2281-9cb8-4458-a3ee-030edd9a83da,"Best price, no other extra charged",5.0,0.0,2026-07-04 22:46:23,play_store,,40bc2281-9cb8-4458-a3ee-030edd9a83da,PRICE_VALUE,,[],False,positive
c8130d75-b8d9-4576-bed6-7bf198dbaac5,"One of the worst app I have ever seen and experienced. I have ordered complete birthday kit for my kid's bday celebration, but in that kit nothing was there except bday tag. I asked for help and they simply refused it, and all of a sudden exactly that time the store was closed. I have checked from another mobile, it was showing open. Because of zepto, including their moronic employees this kind of worst situation I have faced today. This is called ""A perfect nature of Pure Scammer"".",1.0,0.0,2026-07-04 22:42:55,play_store,,c8130d75-b8d9-4576-bed6-7bf198dbaac5,SERVICE_NOISE,,['party supplies'],False,negative
a7c1bd81-4535-4b47-b14e-f4feb28a7fb6,Very good and of good quality all the items are available,5.0,0.0,2026-07-04 22:36:44,play_store,,a7c1bd81-4535-4b47-b14e-f4feb28a7fb6,SERVICE_NOISE,,[],False,positive
ea6c11ec-a040-4711-a9dc-6de2442ef0b4,good work.. nice quality of product instant delivered,5.0,0.0,2026-07-04 22:25:54,play_store,,ea6c11ec-a040-4711-a9dc-6de2442ef0b4,SERVICE_NOISE,,[],False,positive
29aea118-b83b-4698-98b3-daf9fde03be1,VERY BAD PRODUCTS ICE CREAM IS EXPIRED AND U CANT EVEN GET A REFUND FOR THE PRODUCTS YOU HAVE RETURNED I DONT RECOMENT THIS GET ITEMS FROM AMAZON OR BLINKIT,1.0,0.0,2026-07-04 22:25:44,play_store,,29aea118-b83b-4698-98b3-daf9fde03be1,TRUST_QUALITY,SERVICE_NOISE,['ice cream'],False,negative
f26c628a-405e-4881-96f0-c78885fd4137,"terrible customer service, instead of resolving missing product on chat immediately they're asking me to mail with all the details, even though all the details are already there on the app. fix your chatbot, so issues can be resolved there, instead of asking me to send another mail",1.0,0.0,2026-07-04 22:23:48,play_store,,f26c628a-405e-4881-96f0-c78885fd4137,SERVICE_NOISE,,[],False,negative
91045b40-adde-474e-8f1d-5f1cd1d5a1a0,very good facility 😃😃,5.0,0.0,2026-07-04 22:20:21,play_store,,91045b40-adde-474e-8f1d-5f1cd1d5a1a0,SERVICE_NOISE,,[],False,positive
cceb2730-a600-4391-a628-d319ce902dd7,"I've had one of the worst experiences with Zepto. Orders keep getting delayed with no clear updates, and customer support is completely unhelpful. When there's an issue, getting a proper refund is frustrating, with endless delays and no accountability. The support team only sends generic responses instead of actually resolving the problem. Right now, it feels like they care more about taking orders than helping customers when things go wrong. Extremely disappointing.",1.0,0.0,2026-07-04 22:15:26,play_store,,cceb2730-a600-4391-a628-d319ce902dd7,SERVICE_NOISE,,[],False,negative
7918f0c1-178e-4589-a675-b652442baa1d,pathetic app with pathetic service. Their customer support is just a bot and they dont care to address delays that are increasing like anything. i ordered a phone which was not delivered to me for 1.5 hrs and the bot wasn't letting me talk to an agent and was forcing me to just cancel the order. if you cant process deliveries what is the point of showing those items or even having a customer support bot in the name of support.,1.0,0.0,2026-07-04 22:12:37,play_store,,7918f0c1-178e-4589-a675-b652442baa1d,SERVICE_NOISE,,['electronics'],False,negative
e63643ff-72cf-4d7b-b919-243e2bfc0a3b,no discount and offer and increase to buy high so that delivery will be free,2.0,1.0,2026-07-04 22:11:25,play_store,,e63643ff-72cf-4d7b-b919-243e2bfc0a3b,PRICE_VALUE,,[],False,negative
91cfddcc-5d87-4b57-b9d1-5f78454cea61,Your service is great but the charges you charge are so outrageous that I will never order from Meezupto again.,1.0,0.0,2026-07-04 22:10:30,play_store,,91cfddcc-5d87-4b57-b9d1-5f78454cea61,PRICE_VALUE,,[],False,negative
26a490eb-61e1-4355-bd72-6f9048287020,terrible experience even without receiving any call from the delivery partner they cancelled my order 😡 not the once,2.0,0.0,2026-07-04 22:10:11,play_store,,26a490eb-61e1-4355-bd72-6f9048287020,SERVICE_NOISE,,[],False,negative
03eee522-4fd6-4d16-8635-a28bc4bf9a5a,tomoto demage kharb hai,5.0,0.0,2026-07-04 21:48:19,play_store,,03eee522-4fd6-4d16-8635-a28bc4bf9a5a,TRUST_QUALITY,,['vegetables'],False,negative
31e67951-844b-4b15-a999-95711d2447aa,not good for order vegetables. they sell chemical based vegetables customer care service is not cooperative not good for customer satisfaction do not install this app totally making fool to their customers.,1.0,0.0,2026-07-04 21:45:59,play_store,,31e67951-844b-4b15-a999-95711d2447aa,TRUST_QUALITY,SERVICE_NOISE,['vegetables'],False,negative
eb178e76-2ef4-4633-8886-ec4a01465fd3,"very nice app , it delivered the items in just 5 minutes. when I placed order from this app , the item delivered in just 4 minutes",5.0,0.0,2026-07-04 21:42:35,play_store,,eb178e76-2ef4-4633-8886-ec4a01465fd3,SERVICE_NOISE,,[],False,positive
ad8a074e-51d2-4733-b20e-322ec3068ec2,not matain higen in ware house,1.0,0.0,2026-07-04 21:39:20,play_store,,ad8a074e-51d2-4733-b20e-322ec3068ec2,TRUST_QUALITY,,[],False,negative
320ac2ca-b3d0-42cf-a1c5-02d991835852,"kaisa aap hai order cancel bhi nhi hota or galat ya kharab item hone par wapis bhi nhi lete refund bhi nhi dete faaltu app hai bekar app hai ...,...........",1.0,0.0,2026-07-04 21:28:25,play_store,,320ac2ca-b3d0-42cf-a1c5-02d991835852,SERVICE_NOISE,,[],False,negative
b61ed38d-8b84-4e3f-8aaa-8b3b0e8ee203,poor app. doesn't solve issues properly.,1.0,0.0,2026-07-04 21:28:13,play_store,,b61ed38d-8b84-4e3f-8aaa-8b3b0e8ee203,SERVICE_NOISE,,[],False,negative
49ebf290-24fe-41a2-91eb-6f44b014ff99,too bad service.taking too much tym. even 6 min takes hrs for them,1.0,0.0,2026-07-04 21:27:35,play_store,,49ebf290-24fe-41a2-91eb-6f44b014ff99,SERVICE_NOISE,,[],False,negative
0e217ef1-c5f3-4c44-b28c-75df72985d13,they delivered torn product with no replace or refund policy.worst issues solving app.,1.0,0.0,2026-07-04 21:25:47,play_store,,0e217ef1-c5f3-4c44-b28c-75df72985d13,SERVICE_NOISE,,[],False,negative
49300321-2c25-41cd-bf50-bf011f239342,Coupons and payment offers tab are completely empty.,1.0,0.0,2026-07-04 21:19:35,play_store,,49300321-2c25-41cd-bf50-bf011f239342,SERVICE_NOISE,,[],False,negative
91ea7466-e4c4-490c-8348-cf7b9fd139bf,worst customer service ever. their delivery boys are rude and the frequent deliver incorrect products or bad products and it's a big hassle getting a replacement or refund with. better use Amazon now or Instamart,1.0,0.0,2026-07-04 21:13:37,play_store,,91ea7466-e4c4-490c-8348-cf7b9fd139bf,SERVICE_NOISE,MENTAL_MODEL,[],False,negative
4a746f81-272b-44ed-a848-eb4541ef6e34,it is a very bad app i product is not returned,1.0,0.0,2026-07-04 20:48:58,play_store,,4a746f81-272b-44ed-a848-eb4541ef6e34,SERVICE_NOISE,,[],False,negative
7645081b-fb13-4c8a-b171-d47f391bc973,we ordered big oreo but came small one,3.0,0.0,2026-07-04 20:47:05,play_store,,7645081b-fb13-4c8a-b171-d47f391bc973,SERVICE_NOISE,,['snacks'],False,negative
6f0fa938-0964-4d35-aa8f-292470f2c202,"the customer service is worst, she doesn't even listen to the issue",1.0,0.0,2026-07-04 20:44:18,play_store,,6f0fa938-0964-4d35-aa8f-292470f2c202,SERVICE_NOISE,,[],False,negative
0b69d92a-610c-49b0-b17d-84217093c572,received damaged product ...tried to connect with cc but failed to get response,1.0,0.0,2026-07-04 20:30:28,play_store,,0b69d92a-610c-49b0-b17d-84217093c572,SERVICE_NOISE,,[],False,negative
1edf990b-346c-4e0c-a8bb-bb9bc3de3ab3,Time to uninstall the app before they use to give some discounts.. & free delivery was on 99rs purchase !! now they have made it 149rs 😡😂,1.0,1.0,2026-07-04 20:28:45,play_store,,1edf990b-346c-4e0c-a8bb-bb9bc3de3ab3,PRICE_VALUE,,[],False,negative
afd09a22-df0f-4c9f-8951-dbc4d4c86677,"When the delivery boy called me because he couldn't reach my location, he still failed to find the spot even after I gave him the directions. Why did he then verbally abuse me and cancel my order? Zepto needs to answer this and provide me with compensation for the abuse I was subjected to. I am not here to be verbally abused.",1.0,0.0,2026-07-04 20:02:51,play_store,,afd09a22-df0f-4c9f-8951-dbc4d4c86677,SERVICE_NOISE,,[],False,negative
dd75eead-2ca6-48ae-98b2-af6af72466d1,zepto is one of the most scamming app they know how to cheat customers only I HAD my first order of 75 off on 149 after adding my items they removed the Copoun and added 30 rs of extra charge pls don't use zepto they are. scammers use Swiggy Instamart or Flipkart minutes they are so good than this scamming app,1.0,0.0,2026-07-04 20:02:18,play_store,,dd75eead-2ca6-48ae-98b2-af6af72466d1,SERVICE_NOISE,PRICE_VALUE,[],False,negative
bfc3e341-b0d5-48f6-9d36-4460958ccdc1,THEY TELL YOU ITEMS ARE MISSING AND OUT OF STOCK AFTER YOU'VE ORDERED! AND THE SUPPORT CHAT IS AUTOMATED SO THEY WON'T EVEN LISTEN TO YOU! MAYBE YOU'LL HAVE YOUR MONEY BACK BUT YOU'LL BE UTTERLY FRUSTRATED!,1.0,0.0,2026-07-04 20:02:13,play_store,,bfc3e341-b0d5-48f6-9d36-4460958ccdc1,SERVICE_NOISE,,[],False,negative
98f3354d-1887-4f49-89a9-72fdfbbfd960,Bad service...Incomplete order delivered but Customer service mentions in email all seems to be as per your order....worst service Order #HOVQKPPSL98775,1.0,0.0,2026-07-04 19:55:41,play_store,,98f3354d-1887-4f49-89a9-72fdfbbfd960,SERVICE_NOISE,,[],False,negative
4d4c2737-2b56-45ad-ac4c-e8506e5028c3,found fruit spoiled. complaint but no resolution and for sour milk.. Dissatisfied,1.0,0.0,2026-07-04 19:42:59,play_store,,4d4c2737-2b56-45ad-ac4c-e8506e5028c3,TRUST_QUALITY,,"['fruits', 'milk']",False,negative
ed72a66d-6d58-43c4-9df9-47b8c84e235d,"Zepto is a complete fraud. Needed items urgently, but they delivered the wrong order. I raised a return, and their delivery person came and physically took the items back. Right after he left, the app showed the return ""failed."" I tried calling support 6 times every call was instantly declined, telling me to use the app. But their app chat is a broken automated loop that does nothing and just closes the ticket. Now Zepto has my money AND they took the items back. Absolutely pathetic service",1.0,2.0,2026-07-04 19:42:34,play_store,,ed72a66d-6d58-43c4-9df9-47b8c84e235d,SERVICE_NOISE,,[],False,negative
216a7de1-b703-497a-8685-7b48f5dd1a81,getting worse day by day. Customer service is also not helpful.,1.0,0.0,2026-07-04 19:37:37,play_store,,216a7de1-b703-497a-8685-7b48f5dd1a81,SERVICE_NOISE,,[],False,negative
e184912a-e7c8-42e3-b9bb-55fd7f219d58,"i order some items and pay online, but delivery guy ask me for money, i told him ill already pay for product. so i pay again after some time castmor support call me and said to me payment refund ho jayega but till after 5 days my payment not received. and app show me my payment is refund amount. this is reduculas behavior from zepto i will never ever buy anything from zepto again.",1.0,0.0,2026-07-04 19:27:01,play_store,,e184912a-e7c8-42e3-b9bb-55fd7f219d58,SERVICE_NOISE,,[],False,negative
0f2a981c-aa1a-4319-9b4e-11378b79b08d,fresh hai or acha hai thanku zepto,5.0,0.0,2026-07-04 19:26:30,play_store,,0f2a981c-aa1a-4319-9b4e-11378b79b08d,SERVICE_NOISE,,[],False,positive
73f39466-8656-448b-9bae-25ce385ddc37,"This is a very bad application, I have entered at least 10 premium locations in a city like Bhopal but none of them is getting delivered in Zepto.",1.0,0.0,2026-07-04 19:22:56,play_store,,73f39466-8656-448b-9bae-25ce385ddc37,SERVICE_NOISE,,[],False,negative
c15ba697-4251-4efe-a7e8-9c82437babd2,it's for 2026 zepto now they don't care for customers issues with the order. if you become regular user be ready for getting scammed by them.,1.0,0.0,2026-07-04 19:18:13,play_store,,c15ba697-4251-4efe-a7e8-9c82437babd2,SERVICE_NOISE,,[],False,negative
9b8ce73f-1b92-4088-b464-99569c92ceda,no dilavary charges so nice,5.0,0.0,2026-07-04 19:18:03,play_store,,9b8ce73f-1b92-4088-b464-99569c92ceda,SERVICE_NOISE,,[],False,positive
241b69c3-ae5a-4a3d-a247-9b1553de2458,"Customer service is the worst, when we click on help it will ask to upload photo but when we upload it will reopen the app again, so it will never give us to upload the image if any defective product received",1.0,0.0,2026-07-04 19:14:16,play_store,,241b69c3-ae5a-4a3d-a247-9b1553de2458,SERVICE_NOISE,,[],False,negative
40f829ad-87fc-46b3-9bd5-30397e9fda4f,the bestest quick delivery app,5.0,0.0,2026-07-04 19:08:02,play_store,,40f829ad-87fc-46b3-9bd5-30397e9fda4f,SERVICE_NOISE,,[],False,positive
70d14c48-b589-428e-b730-11dc87d1aede,good packaging products,4.0,0.0,2026-07-04 19:00:58,play_store,,70d14c48-b589-428e-b730-11dc87d1aede,SERVICE_NOISE,,[],False,positive
f5b673ce-d3e8-4dd7-9160-4ec5fdd9997a,I m new mom... bahar Jana mushkil hota h ghar baithe order Karo aur apni family ka dhiyan rakho.. thanks zepto,4.0,0.0,2026-07-04 18:58:56,play_store,,f5b673ce-d3e8-4dd7-9160-4ec5fdd9997a,MENTAL_MODEL,,[],False,positive
d276302e-e4f1-4efe-9c0f-6be487405c88,they don't provide any support after delivery any wrong or damaged product,1.0,0.0,2026-07-04 18:48:27,play_store,,d276302e-e4f1-4efe-9c0f-6be487405c88,SERVICE_NOISE,,[],False,negative
744f524f-a328-436d-96b2-3a51667eb4d3,the delivery experience is good..on time.,5.0,0.0,2026-07-04 18:48:21,play_store,,744f524f-a328-436d-96b2-3a51667eb4d3,SERVICE_NOISE,,[],False,positive
e05365ba-3b61-42ca-82ad-ad72a0af1ed7,zepto started sending old stock of milk broken biscuits packet and no proper. customer service when there is problem,2.0,0.0,2026-07-04 18:32:01,play_store,,e05365ba-3b61-42ca-82ad-ad72a0af1ed7,TRUST_QUALITY,SERVICE_NOISE,"['milk', 'biscuits']",False,negative
0158d381-d9ff-4f4b-8ca8-c1e41d0a7764,"I had ordered a Wifi UPS from Zepto, the item was faulty and had adaptor missing too.. I repeatedly contacted the in-app seevice team for a return or replacement. But they always say the something that the store is unserviceable. Such poor customer service",1.0,1.0,2026-07-04 18:28:20,play_store,,0158d381-d9ff-4f4b-8ca8-c1e41d0a7764,SERVICE_NOISE,,['electronics'],False,negative
fc8fa377-0adb-4196-a1c6-7445b26141b0,Zepto is looting customer by false advertising looting customer by false prentense of 9 min delivery and customer executive are the worst in helping customers late in delivery is normal they said but 27 min delivery that is 3 time of what is shown in app. worst customer support I have ever seen.,1.0,0.0,2026-07-04 18:12:58,play_store,,fc8fa377-0adb-4196-a1c6-7445b26141b0,SERVICE_NOISE,,[],False,negative
2b2933d4-8377-4fa2-8235-7eb2e70d1de0,zepto is cheater fraud . often the delivery person do not bring the right quantity and bring stale vegetables and sometimes product is missing.when asked no refund is given.Flipkart gives proper delivery and products are delivered in good condition with perfect quantity and weight.but in zepto they cheat in measures and weight.single star rating is totally waste.,1.0,0.0,2026-07-04 18:06:55,play_store,,2b2933d4-8377-4fa2-8235-7eb2e70d1de0,TRUST_QUALITY,PRICE_VALUE,['vegetables'],False,negative
62a0b784-da8d-4b4a-a05e-d414548a0f64,"hoeeible expirence had with the delivery partner. first he called me then started disconnecting my call. then gave missed calls. then called and said ,' order lena hai ya nahi, delivery lene niche aiye hum apne jaga se hilenge nhi' then he started aruguing and shouting standing outside my home. threatend not to deliver my product plus used abusive languages. never faced such issue with other app delivery partner. only with zepto faced this issue 2times already always they hired cheap riders",1.0,0.0,2026-07-04 18:02:09,play_store,,62a0b784-da8d-4b4a-a05e-d414548a0f64,SERVICE_NOISE,,[],False,negative
3a1f1569-8c56-4abd-b132-007ed833b3fd,"Worst Experience! Fraud App! Ordered a Power Bank, but the item was MISSING from the package. After making me wait for 14 days with zero response or callbacks, customer support simply sent an automated mail saying it was ""delivered correctly"" and denied my refund. This is blatant cheating and daylight robbery! They steal your money and refuse to help. Completely useless customer support. Do not trust Zepto! Uninstalled and moving to consumer court. Order #SOOJRHTKP99118",1.0,0.0,2026-07-04 18:00:05,play_store,,3a1f1569-8c56-4abd-b132-007ed833b3fd,SERVICE_NOISE,,[],False,negative
1e289c5d-4a9d-4d67-96ae-340b4f75b2ce,I did not receive one of the items in my order. This was disappointing .and team was non supportive.,1.0,0.0,2026-07-04 17:49:13,play_store,,1e289c5d-4a9d-4d67-96ae-340b4f75b2ce,SERVICE_NOISE,,[],False,negative
a41e7d5a-e085-4bf8-a393-a15cc16453d3,worst app ever.. the riders are so arrogant misbehaved. always the Bihari drivers misbehave and today used abusive language. and he was so arrogant he was screaming outside my home. raised concern to through the chat support received not a single feedback about my complaint. never using this app again..,1.0,0.0,2026-07-04 17:48:15,play_store,,a41e7d5a-e085-4bf8-a393-a15cc16453d3,SERVICE_NOISE,,[],False,negative
54551d48-4b56-4b39-a109-ac1237e281da,good app Insta service and product quality always good,5.0,0.0,2026-07-04 17:37:38,play_store,,54551d48-4b56-4b39-a109-ac1237e281da,SERVICE_NOISE,,[],False,positive
2dae8953-4303-4e15-9313-c072eb6edc2b,payment problem 2 time,1.0,0.0,2026-07-04 17:35:35,play_store,,2dae8953-4303-4e15-9313-c072eb6edc2b,SERVICE_NOISE,,[],False,negative
466610ab-3f2a-4cf0-bf71-386390a3e196,I need you to take action on the store for open packaging like vegetables and fruits because these items always come expired or have fungus on them. This is the last time I am ordering from zepto.,1.0,0.0,2026-07-04 17:35:18,play_store,,466610ab-3f2a-4cf0-bf71-386390a3e196,TRUST_QUALITY,,"['vegetables', 'fruits']",False,negative
137fc834-2ee8-4563-aabe-a757c85fe483,good packaging and cooperative delevery partners,5.0,0.0,2026-07-04 17:18:56,play_store,,137fc834-2ee8-4563-aabe-a757c85fe483,SERVICE_NOISE,,[],False,positive
2e233af2-2e24-4732-b3c6-df2489f1079c,super very good i am happy 🥰🥰🥰🥰🥰🥰👌👌👌👌,5.0,0.0,2026-07-04 17:05:11,play_store,,2e233af2-2e24-4732-b3c6-df2489f1079c,SERVICE_NOISE,,[],False,positive
01a393d8-9a8d-427a-8062-4d8355d68a3a,Very bad experience with zepto order took 40 min to get it delivered the their is no way to get the refund or replacement. For frozen products,1.0,0.0,2026-07-04 16:59:05,play_store,,01a393d8-9a8d-427a-8062-4d8355d68a3a,SERVICE_NOISE,,['frozen products'],False,negative
f1ce7285-b81c-456b-8e18-c3018a0159ab,best app and price good offer,5.0,0.0,2026-07-04 16:56:11,play_store,,f1ce7285-b81c-456b-8e18-c3018a0159ab,SERVICE_NOISE,,[],False,positive
6c6ee62a-35de-4f13-8cda-f67a114b94ea,very pathetic service. delivering damaged rotten products to customers with zero responsibility and ultra slow delivery,1.0,0.0,2026-07-04 16:52:45,play_store,,6c6ee62a-35de-4f13-8cda-f67a114b94ea,TRUST_QUALITY,SERVICE_NOISE,[],False,negative
03ea6023-c064-4a82-ab29-7ade55b25d78,"very late delivery, very bad experience",1.0,1.0,2026-07-04 16:47:34,play_store,,03ea6023-c064-4a82-ab29-7ade55b25d78,SERVICE_NOISE,,[],False,negative
ce4e6d2f-4441-4aa1-a9d1-5acaf643d3a0,this is a very useful and wonderful application where in we get things very fast and in a less price as opposed to the brick and mortar shops,5.0,0.0,2026-07-04 16:42:36,play_store,,ce4e6d2f-4441-4aa1-a9d1-5acaf643d3a0,PRICE_VALUE,,[],False,positive
649b5abd-f117-49c6-954e-e358ec6e8cd2,worst app ...sending slate and wrong products and very poorly managed customer service and management. one of the fake and worst delivery app in greter Noida. I do not recommended this app run by fake people,1.0,0.0,2026-07-04 16:40:41,play_store,,649b5abd-f117-49c6-954e-e358ec6e8cd2,SERVICE_NOISE,TRUST_AUTHENTICITY,[],False,negative
28a03b18-8cad-43f2-8f09-39632684b110,there is no delivery instruction option .could you please add that .,4.0,0.0,2026-07-04 16:25:08,play_store,,28a03b18-8cad-43f2-8f09-39632684b110,SERVICE_NOISE,,[],False,negative
fb2976a4-9f9b-4c69-9bca-161832163512,bekar hai maha bekar order hone ke baad cancil ka option hi nhi aata hai,1.0,0.0,2026-07-04 16:03:45,play_store,,fb2976a4-9f9b-4c69-9bca-161832163512,SERVICE_NOISE,,[],False,negative
04a10d7e-8306-4ed1-baea-75fe85625153,delivery guys are cunning now a days they r not delivering n telling its delivered so many missing items zepto people u should train them n tell them anyways not going to order from now onwards bcz 3 times they cheated👿,1.0,0.0,2026-07-04 16:01:15,play_store,,04a10d7e-8306-4ed1-baea-75fe85625153,SERVICE_NOISE,,[],False,negative
d88cc4bd-bd3e-4919-813d-e78c6ccd0135,strong carry bag mai saman dal ke diya karo jis se saman ki safety ho sake,3.0,0.0,2026-07-04 15:59:46,play_store,,d88cc4bd-bd3e-4919-813d-e78c6ccd0135,SERVICE_NOISE,,[],False,negative
36c8f181-def7-4f69-a193-f201f9b71862,Worst customer support. Send damage products and don't even support when we raise any concern regarding this. I have already sent the mail but no reply. frustrating,1.0,0.0,2026-07-04 15:53:22,play_store,,36c8f181-def7-4f69-a193-f201f9b71862,SERVICE_NOISE,,[],False,negative
2d38f35b-fa03-409f-b160-b39de1480b42,they even not provide a carry bag for the quantity amount of product we order this happens multiple times 😔 by doing this you will lose ur valuable customer from next time definitely I am not going to order any thing from here😡😡,1.0,0.0,2026-07-04 15:25:59,play_store,,2d38f35b-fa03-409f-b160-b39de1480b42,SERVICE_NOISE,,[],False,negative
5a9f8bad-c04f-47a7-832f-b207b866755f,very good service I am very happy,5.0,0.0,2026-07-04 15:18:40,play_store,,5a9f8bad-c04f-47a7-832f-b207b866755f,SERVICE_NOISE,,[],False,positive
0913afdd-2d08-44b2-8475-ce9f5c7ceae2,location problem please solve it soon as possible,1.0,0.0,2026-07-04 14:53:37,play_store,,0913afdd-2d08-44b2-8475-ce9f5c7ceae2,SERVICE_NOISE,,[],False,negative
ab89cded-9f11-46b2-8843-22190d2497bc,The worst thing is there are no human chat support representatives to help us on order. The stupid AI only always ask us if we want to cancel the order instead of understanding and helping us,1.0,0.0,2026-07-04 14:37:14,play_store,,ab89cded-9f11-46b2-8843-22190d2497bc,SERVICE_NOISE,,[],False,negative
b28a3e2b-1f88-4122-951d-1720f04a4677,place an order and wait for 2 business days to get delivered wahh zepto wahhh,1.0,0.0,2026-07-04 14:27:23,play_store,,b28a3e2b-1f88-4122-951d-1720f04a4677,SERVICE_NOISE,,[],False,negative
ff506e17-d3ba-44dd-aa67-5ba9c1e5b6ac,horrible app they sell broken products please do not buy from this app,1.0,0.0,2026-07-04 14:15:50,play_store,,ff506e17-d3ba-44dd-aa67-5ba9c1e5b6ac,TRUST_QUALITY,,[],False,negative
273a6916-1e91-4796-8cfc-cc3e91e7cd8a,very useful and instant delivery nicee service 🐕‍🦺,5.0,0.0,2026-07-04 13:57:02,play_store,,273a6916-1e91-4796-8cfc-cc3e91e7cd8a,SERVICE_NOISE,,[],False,positive
fdc821db-830c-4292-852c-7d2bfab9ed43,amount ka her phir Kyo kiya ja raha hai,5.0,0.0,2026-07-04 13:49:49,play_store,,fdc821db-830c-4292-852c-7d2bfab9ed43,SERVICE_NOISE,,[],False,negative
0747405c-a33d-4432-bb63-6519bce7877f,They don't deliver at my location in Raebareli...,1.0,0.0,2026-07-04 13:40:00,play_store,,0747405c-a33d-4432-bb63-6519bce7877f,SERVICE_NOISE,,[],False,negative
86094e59-b326-4a93-870a-9531a211dd08,zepto gives fastest service rainy days also.Delivery guys are truly doing amazing job.,5.0,0.0,2026-07-04 13:34:07,play_store,,86094e59-b326-4a93-870a-9531a211dd08,SERVICE_NOISE,,[],False,positive
f41eb5fa-c181-4969-ae64-863f75bfd964,it's not groceries in minutes... fake.....order today get tomorrow waste of time,1.0,0.0,2026-07-04 13:25:04,play_store,,f41eb5fa-c181-4969-ae64-863f75bfd964,SERVICE_NOISE,,[],False,negative
3b5563ed-15cd-4897-8c20-07675d89e546,on time delivery low price best quality 🫶🤩🥳,5.0,0.0,2026-07-04 13:12:35,play_store,,3b5563ed-15cd-4897-8c20-07675d89e546,SERVICE_NOISE,,[],False,positive
672d699a-e002-4602-aad2-dff49f6b17ab,It's a great app It doesn't charge any extra amount,5.0,0.0,2026-07-04 13:12:00,play_store,,672d699a-e002-4602-aad2-dff49f6b17ab,SERVICE_NOISE,,[],False,positive
190d5bcc-8b34-4e66-b00f-c03095e4032b,my zepto referral link not showing problem please fix this program,1.0,0.0,2026-07-04 13:02:02,play_store,,190d5bcc-8b34-4e66-b00f-c03095e4032b,SERVICE_NOISE,,[],False,negative
3515c460-792b-4c63-baed-70cf2581ee90,very very bad samse se bol rahe hai oder ap cancel kardo rasta bandh hai nahi aa payenge or esa bol raha hai ki aap samse se aa jao lene,1.0,0.0,2026-07-04 12:42:54,play_store,,3515c460-792b-4c63-baed-70cf2581ee90,SERVICE_NOISE,,[],False,negative
b4ee2061-451e-4fd5-be2c-9f660d8237ec,ZEPTO IS A BOON FOR US SENIOR CITIZENS. THANK YOU ZEPTO 🌹🌹👍👍,5.0,0.0,2026-07-04 12:37:57,play_store,,b4ee2061-451e-4fd5-be2c-9f660d8237ec,SERVICE_NOISE,,[],False,positive
b5127bbf-aecb-4708-86d3-ddca8e441c5c,tender coconut had much fungus on cut surface,2.0,0.0,2026-07-04 12:37:10,play_store,,b5127bbf-aecb-4708-86d3-ddca8e441c5c,TRUST_QUALITY,,['fruits'],False,negative
644dcab7-e1e3-48ae-92cc-05d25d2c6f93,very good delivery service with no charges at all and rates are upto mark,5.0,0.0,2026-07-04 12:37:00,play_store,,644dcab7-e1e3-48ae-92cc-05d25d2c6f93,SERVICE_NOISE,,[],False,positive
e14c9078-397d-4e33-8c3d-51f343a66d5b,Best service by Zepto.Time and money saving purchase.,5.0,0.0,2026-07-04 12:34:54,play_store,,e14c9078-397d-4e33-8c3d-51f343a66d5b,SERVICE_NOISE,,[],False,positive
2b20cbab-729a-4889-9546-0085f7a8cce0,they are delivering late now,1.0,0.0,2026-07-04 12:29:44,play_store,,2b20cbab-729a-4889-9546-0085f7a8cce0,SERVICE_NOISE,,[],False,negative
da4653cc-fd2e-4f04-bcd2-b668f7d2223b,very nice packing and fast delivery,4.0,0.0,2026-07-04 12:27:59,play_store,,da4653cc-fd2e-4f04-bcd2-b668f7d2223b,SERVICE_NOISE,,[],False,positive
c5a5691f-1b3a-42a3-8045-51038bf36d89,customer service is terrible. they won't even read your problem. They will just generate an ai based response.,1.0,0.0,2026-07-04 12:05:07,play_store,,c5a5691f-1b3a-42a3-8045-51038bf36d89,SERVICE_NOISE,,[],False,negative
0a5916cf-3239-4c57-b089-5e09436f425f,got missing product when I requested for refund they ignored my message,1.0,0.0,2026-07-04 12:04:09,play_store,,0a5916cf-3239-4c57-b089-5e09436f425f,SERVICE_NOISE,,[],False,negative
392ae1c9-3d30-475a-946d-bafa9a901be0,"Extremely disappointed with Zepto! Seeing a wallet scheme, I added ₹2000 to my Zepto wallet. Right after adding the money, they started charging a flat ₹40 delivery fee on EVERY single order, regardless of the cart value! Interestingly, this delivery fee is ONLY on the number where I added the money. On my other numbers, there is no such fee. This is a clear trap and highly unethical business practice. Once your money is locked with them, they start exploiting you. Completely untrustworthy app",1.0,2.0,2026-07-04 11:59:04,play_store,,392ae1c9-3d30-475a-946d-bafa9a901be0,SERVICE_NOISE,,[],False,negative
5004f101-4b8d-4b82-9977-b7e040bcb551,worst experience with delivery as always. zero star is preferred,1.0,0.0,2026-07-04 11:57:27,play_store,,5004f101-4b8d-4b82-9977-b7e040bcb551,SERVICE_NOISE,,[],False,negative
86e412a0-6153-4d46-92f2-568ef1896a2b,"In case you want to upload a picture of a product in which you want to report about an issue of a delivered product (which is mandatory), the app crashes and you are unable to report the problem.",1.0,0.0,2026-07-04 11:14:12,play_store,,86e412a0-6153-4d46-92f2-568ef1896a2b,SERVICE_NOISE,,[],False,negative
4b9b6269-f288-4bd7-9fa1-13d11a367ca8,usefull aap best priced,4.0,0.0,2026-07-04 10:59:37,play_store,,4b9b6269-f288-4bd7-9fa1-13d11a367ca8,SERVICE_NOISE,,[],False,positive
60c3cde3-e9ad-4840-b11e-ef24aba6a343,NOTE - there is a new feature in this app if you give the otp to the delivery partner that means your order is well perfect. if you book any edible item next time first take the picture of the condition of the box then make a unboxing video then taste the food then give money to the delivery partner and then the otp. REMEMBER- OTP is the last part of receiving the order. they will fool you if you give otp first and then taste the food if the taste isn't good then this is your fault.,1.0,0.0,2026-07-04 10:44:11,play_store,,60c3cde3-e9ad-4840-b11e-ef24aba6a343,TRUST_QUALITY,,['edible items'],False,negative
d17da159-41b7-4339-9a80-1a53a5aba718,worst delivery app very very bad service always delay order and cause inconvenience,1.0,0.0,2026-07-04 10:35:16,play_store,,d17da159-41b7-4339-9a80-1a53a5aba718,SERVICE_NOISE,,[],False,negative
e4ce1618-a2ed-49a8-bb69-ca1a1effc384,worst app always I order milk the milk is already expired. and there help center didn't responded .I will never install this app worst ever,1.0,0.0,2026-07-04 10:18:42,play_store,,e4ce1618-a2ed-49a8-bb69-ca1a1effc384,TRUST_QUALITY,SERVICE_NOISE,['milk'],False,negative
c7c59f2e-1190-42ee-a580-0323ca5efa24,"What a joke! Advertising ""free delivery"" on orders above ₹99 and then adding a ₹40 handling fee feels completely misleading. I ordered above the required amount, yet I was still charged extra. When I contacted support, they claimed it's for maintaining product quality and standards. For a middle-class customer like me, ₹40 is not a ""small fee."" I use Zepto for discounts and quick delivery, not hidden charges. If you can't honor your own advertised offers, don't make them.",1.0,0.0,2026-07-04 10:07:09,play_store,,c7c59f2e-1190-42ee-a580-0323ca5efa24,PRICE_VALUE,,[],False,negative
bce30ec2-22e2-4a2d-82a4-18149c63c153,"worst app. don't order from zepto. they never provide resolutions and send bad expired products. 3 litres of milk got curdled, when i complained they repeatedly said the product was delivered nicely there's no fault on our part. although i boiled each packet separately. there was an issue in the milk packet only and it's quality but no one is accountable here. no refund given, no resolution provided even the executive didn't answer properly.",1.0,0.0,2026-07-04 10:06:29,play_store,,bce30ec2-22e2-4a2d-82a4-18149c63c153,TRUST_QUALITY,SERVICE_NOISE,['milk'],False,negative
3294f0fb-42ad-4e85-98ee-1d6287a1c999,very very disappointed,1.0,1.0,2026-07-04 10:06:27,play_store,,3294f0fb-42ad-4e85-98ee-1d6287a1c999,SERVICE_NOISE,,[],False,negative
d1ca1e1e-a7bc-40c9-9a4b-ea873618bd60,"worst scammer app ever. order ALWAYS fails, and refund takes forever! BOYCOTT ZEPTO",1.0,0.0,2026-07-04 10:01:23,play_store,,d1ca1e1e-a7bc-40c9-9a4b-ea873618bd60,SERVICE_NOISE,,[],False,negative
96c884bf-25a7-4745-9c21-28cee462ff74,zepto is a cheat...plz don't buy anything from zepto...they send outdated items...,1.0,0.0,2026-07-04 09:56:40,play_store,,96c884bf-25a7-4745-9c21-28cee462ff74,TRUST_QUALITY,,[],False,negative
75148379-ff20-4acb-92d8-452bb96f110e,fast delivery and low prices,5.0,0.0,2026-07-04 09:55:03,play_store,,75148379-ff20-4acb-92d8-452bb96f110e,SERVICE_NOISE,,[],False,positive
13f859b9-4da7-404b-9214-2810080c36e2,good quality on time delivery,5.0,0.0,2026-07-04 09:46:09,play_store,,13f859b9-4da7-404b-9214-2810080c36e2,SERVICE_NOISE,,[],False,positive
7e284483-500b-4d4e-9251-5be799ba093a,not for fresh vegetables apps,5.0,0.0,2026-07-04 09:42:31,play_store,,7e284483-500b-4d4e-9251-5be799ba093a,MENTAL_MODEL,,['vegetables'],False,negative
085971c8-8c3c-4316-98ed-bac5300a1f26,delivery always on time... i hv experienced,5.0,0.0,2026-07-04 09:41:44,play_store,,085971c8-8c3c-4316-98ed-bac5300a1f26,SERVICE_NOISE,,[],False,positive
55a220b6-ebfa-450c-a8c7-6102fc2be140,Hi team overall the app is good but we need native app dark mode. please add ASAP. Thanks.,5.0,0.0,2026-07-04 09:41:44,play_store,,55a220b6-ebfa-450c-a8c7-6102fc2be140,SERVICE_NOISE,,[],False,mixed
149a355c-acf4-4499-91ed-e28f0f9a999e,bekar aap hai first order pe koi coupon bol ke bhi nahi de rhe hain or inka refferal link bhi nhi mil rha hai worts aap ever used in my life,1.0,0.0,2026-07-04 09:38:27,play_store,,149a355c-acf4-4499-91ed-e28f0f9a999e,SERVICE_NOISE,,[],False,negative
69aef0df-fe57-4c73-b585-020de5896708,why zepto cafe items are removed and not able to order,1.0,0.0,2026-07-04 09:37:45,play_store,,69aef0df-fe57-4c73-b585-020de5896708,DISCOVERY_GAP,,['cafe'],False,negative
2f9c18c7-307f-44d2-8170-beb39b8a45e5,from the day I hav rated this app 5 stars.... The APP is not showing me Fresh products @5 @9 😭 ... I am not able to buy Rs5 and Rs9 products 😠,5.0,0.0,2026-07-04 09:32:56,play_store,,2f9c18c7-307f-44d2-8170-beb39b8a45e5,SERVICE_NOISE,,[],False,negative
8383829f-f296-4d43-830c-e03697945df6,my refund not credited not option colling call center,1.0,0.0,2026-07-04 09:01:24,play_store,,8383829f-f296-4d43-830c-e03697945df6,SERVICE_NOISE,,[],False,negative
92781f6a-14f9-46ed-83ca-87d3c64c423f,Extremely pathetic service. The delivery partner did not deliver all the items ordered and when connected with the support they denied any help. Tried connecting with them on email and they have the audacity to lie claiming they called me when I did not receive any call. More than the stealing of the products order what's worse is that no one is helping and everyone I connect to is constantly lieing.,1.0,0.0,2026-07-04 08:25:44,play_store,,92781f6a-14f9-46ed-83ca-87d3c64c423f,SERVICE_NOISE,,[],False,negative
787d5f90-6e0d-4dbd-82b1-9cea721bd1c9,Low price and quality products. I enjoy this App also very fast delivery.,4.0,0.0,2026-07-04 08:20:39,play_store,,787d5f90-6e0d-4dbd-82b1-9cea721bd1c9,SERVICE_NOISE,,[],False,positive
65ab1fdd-1114-44c6-b03b-a4ac92140044,bahut acchi service hai 5 minut mein Saman a jata hai 😊😊😊😊,5.0,0.0,2026-07-04 08:17:55,play_store,,65ab1fdd-1114-44c6-b03b-a4ac92140044,SERVICE_NOISE,,[],False,positive
2933c068-ee3f-4001-817f-ed2f70ca2612,"giving damaged products and not giving refund, very very disappointed",1.0,0.0,2026-07-04 08:10:00,play_store,,2933c068-ee3f-4001-817f-ed2f70ca2612,TRUST_QUALITY,SERVICE_NOISE,[],False,negative
5fceca48-777d-4f44-8cb2-4b7b278f1491,price market say 7 rs jyada including delivery charges and parking ka 7 extra liya hai aisha mujay lag raha hai quality ki vajah bhi ho Shakti hai per compare Kiya achha he hai or 7 I clock store bandh hota hai to 7 rs worth hai,5.0,0.0,2026-07-04 08:07:19,play_store,,5fceca48-777d-4f44-8cb2-4b7b278f1491,PRICE_VALUE,,[],False,mixed
acecff61-7ec4-4a5e-9153-66140f5f0cc2,very worst customer support. They won't provide refund even full order is jot delivered.,1.0,0.0,2026-07-04 08:05:18,play_store,,acecff61-7ec4-4a5e-9153-66140f5f0cc2,SERVICE_NOISE,,[],False,negative
479551e5-69e9-4431-9811-1d27168a9843,"My experience with Zepto is very bad in our area. Most of the time, the expired or cuddled milk has been supplied and it's continuing even after a lot of refunds. Very very disappointing hence forced to leave.",1.0,0.0,2026-07-04 07:48:56,play_store,,479551e5-69e9-4431-9811-1d27168a9843,TRUST_QUALITY,,['milk'],False,negative
7b48015d-c12e-4819-8204-4b8d77601660,fast service I like it zepto,5.0,0.0,2026-07-04 07:18:33,play_store,,7b48015d-c12e-4819-8204-4b8d77601660,SERVICE_NOISE,,[],False,positive
cc733656-57ef-488d-93ff-4360de355297,"Very disappointing customer service. My order (#PJKBLRV23775) was delivered with a torn detergent packet. I initially refused it, but the delivery agent assured me that customer support would arrange a replacement if I accepted it. After accepting, support denied the replacement, kept sending scripted replies, refused to verify with the delivery agent, and disconnected the chat. Poor service and no accountability. ⭐1/5",1.0,0.0,2026-07-04 05:20:18,play_store,,cc733656-57ef-488d-93ff-4360de355297,SERVICE_NOISE,TRUST_QUALITY,['household'],False,negative
c88a1600-889b-48e4-81ec-b6040f136ed4,GREAT PRICE & SO FAST DELIVERY.,5.0,0.0,2026-07-04 02:52:43,play_store,,c88a1600-889b-48e4-81ec-b6040f136ed4,SERVICE_NOISE,,[],False,positive
f4318b5e-cce1-49a3-bbd6-5abbfcd04089,Paisa lete hai Khali nikalta hai,1.0,0.0,2026-07-04 02:35:33,play_store,,f4318b5e-cce1-49a3-bbd6-5abbfcd04089,SERVICE_NOISE,,[],False,negative
03238ef4-88bc-40be-bfb5-cf32fe4eebef,so fast and right price,5.0,0.0,2026-07-04 01:43:21,play_store,,03238ef4-88bc-40be-bfb5-cf32fe4eebef,SERVICE_NOISE,,[],False,positive
3bdf9203-fde6-48b6-989f-d57218395f77,"horrible quality of products being delivered. Edit: Last thing you'd do is to ask me to send you details via mails, when I have been trying to upload pictures and comments through your ""chat with us"" option and everytime my chat being closed, asking me to upload again. neither I have this much time nor I've patience.",1.0,0.0,2026-07-04 00:52:56,play_store,,3bdf9203-fde6-48b6-989f-d57218395f77,TRUST_QUALITY,SERVICE_NOISE,[],False,negative
d3854cce-65e1-4b7b-b11b-c3fcda8631ed,"Our location is always correct, but they still keep seeing a different location somehow. Because of this, our orders are always delayed, and even the ice cream melts. They stay at a different location and ask us to come there.",1.0,0.0,2026-07-04 00:32:05,play_store,,d3854cce-65e1-4b7b-b11b-c3fcda8631ed,SERVICE_NOISE,,[],False,negative
68833f06-5b6f-404d-9d3c-2244406a075f,₹20 vala lays chips ₹25 ka ku sell kr rha ho hm tell me.,1.0,0.0,2026-07-04 00:31:12,play_store,,68833f06-5b6f-404d-9d3c-2244406a075f,PRICE_VALUE,,['snacks'],False,negative
e6bc0fbb-4b72-406c-98ce-60edcb48675f,always showing wrong time..to attract customer less time of delivery shows but actually arrives late by 10 to 15 min,1.0,0.0,2026-07-04 00:12:54,play_store,,e6bc0fbb-4b72-406c-98ce-60edcb48675f,SERVICE_NOISE,,[],False,negative
93b03485-781f-4ced-a908-4495accb6a17,they are using an auto mated help system which irritates and doesn't solve any issues at all more than 1hour I tried several times that connect to an agent it doesn't connect at all zepto should be under consumer court and file a complaints against zepto,1.0,0.0,2026-07-04 00:00:54,play_store,,93b03485-781f-4ced-a908-4495accb6a17,SERVICE_NOISE,,[],False,negative
06211e7d-4512-4329-a298-4dc720b0a593,"Really pathetic search results. Even when searching for particular brand or item, shows random items. Also customer support is pathetic.",1.0,0.0,2026-07-03 23:56:22,play_store,,06211e7d-4512-4329-a298-4dc720b0a593,DISCOVERY_GAP,SERVICE_NOISE,[],False,negative
ab44a5a7-81ee-4554-b9cb-30fba1f2406d,"Zepto has consistently been delivering spoiled or poor-quality products lately. Today was the final straw. I ordered an ice cream worth ₹210, and it arrived completely spoiled. When I requested a refund, customer service refused to give me my money back and instead gave me a hair salon coupon that I don't even need! This is unacceptable. I paid real money for food, not a random promotional voucher. Zepto’s quality control and customer support have gone completely downhill. Avoid this app!",1.0,0.0,2026-07-03 23:54:24,play_store,,ab44a5a7-81ee-4554-b9cb-30fba1f2406d,TRUST_QUALITY,SERVICE_NOISE,['ice cream'],False,negative
defc8d28-1be8-4a3a-9649-1e00405a0565,zepto fraud app not refund,1.0,0.0,2026-07-03 23:48:15,play_store,,defc8d28-1be8-4a3a-9649-1e00405a0565,SERVICE_NOISE,,[],False,negative
445445bd-0f2c-4dbc-8dfa-0e3d789c2b48,bakawas app hai guy's agar product mai refund aur exchange policy ho to fir bhi ye refund ya exchange nahi dete our complaint karne ke bad bhi koi accha response nahi dete don't use this app,1.0,0.0,2026-07-03 23:45:32,play_store,,445445bd-0f2c-4dbc-8dfa-0e3d789c2b48,SERVICE_NOISE,,[],False,negative
a7dc04f1-4bba-4d3f-8d57-c84b7f87dc7c,"5 kilo onion mangae,, 500 onion ka packet khula Mila.. damage package and less weight",1.0,0.0,2026-07-03 23:42:35,play_store,,a7dc04f1-4bba-4d3f-8d57-c84b7f87dc7c,TRUST_QUALITY,,['vegetables'],False,negative
43afd5a9-d356-4fd6-b1d3-475de9cb7424,"Awful experiences recently. Now, delivery partners can just cancel orders whenever they want. How many times have the customers waited for 30+ minutes after delivery time, or delivery partners not picking up calls, or not moving towards the location, in this case, we should also be given the option to cancel the order, since delivery partners cannot wait for two minutes for the customers. The refund process takes time and customer support has declined significantly.",1.0,0.0,2026-07-03 23:20:44,play_store,,43afd5a9-d356-4fd6-b1d3-475de9cb7424,SERVICE_NOISE,,[],False,negative
ac0b0cf9-c788-4cd8-b557-7ebf35e2b259,delivery too late 😔 approx 40 min.,1.0,0.0,2026-07-03 23:11:16,play_store,,ac0b0cf9-c788-4cd8-b557-7ebf35e2b259,SERVICE_NOISE,,[],False,negative
1d0f7fe1-ef91-47c3-9060-43c2c80fc411,when you have an issue with your order you can't even connect to a real person . their trash AI chatbot loops you with B.S replies,1.0,0.0,2026-07-03 23:09:14,play_store,,1d0f7fe1-ef91-47c3-9060-43c2c80fc411,SERVICE_NOISE,,[],False,negative
b7eb5ea1-d403-40cd-9280-a99d97af7990,"while ordering it says 5 min. as you pay the time goes to 10 min. when you are new, free delivery limit is 199 after 1 month free delivery is 350 even when it's next lane delivery",1.0,0.0,2026-07-03 23:04:11,play_store,,b7eb5ea1-d403-40cd-9280-a99d97af7990,SERVICE_NOISE,PRICE_VALUE,[],False,negative
dd5a29ce-680f-4472-a30a-57f611bb496c,good and speedy service,5.0,0.0,2026-07-03 22:56:55,play_store,,dd5a29ce-680f-4472-a30a-57f611bb496c,SERVICE_NOISE,,[],False,positive
dc1c7e6d-6afd-4508-b47f-b99867127afa,worst app ever. Sells fake product. do not buy for them they are selling plastic rubber and highly adulterated food.,1.0,0.0,2026-07-03 22:47:36,play_store,,dc1c7e6d-6afd-4508-b47f-b99867127afa,TRUST_AUTHENTICITY,TRUST_QUALITY,['food'],False,negative
1bbc270c-90d4-4e5e-9019-5a763a850520,packing is not up to mark ‼️‼️,2.0,0.0,2026-07-03 22:21:22,play_store,,1bbc270c-90d4-4e5e-9019-5a763a850520,SERVICE_NOISE,,[],False,negative
93b12147-0e6a-4d1e-bd95-98748ad4902c,cash on delivery is not available since 4 months,1.0,0.0,2026-07-03 22:12:40,play_store,,93b12147-0e6a-4d1e-bd95-98748ad4902c,SERVICE_NOISE,,[],False,negative
dc67a6d8-fe2e-4f28-be4f-26d3dbbf5209,"one of the worst delivery apps if not the worst. Their delivery guys are clueless about the address, what to do when reached destination. Delivery guys get very rude when you don't agree with them. one guy was scared to ring the bell of a house and asked saying""brother it's wrong to press anyone's bell"". At the end he did not ring the bell, did not deliver my order & asked me to cancel the order. This guy again came & this time I didn't took the order & he started saying things about me outside",1.0,0.0,2026-07-03 22:06:39,play_store,,dc67a6d8-fe2e-4f28-be4f-26d3dbbf5209,SERVICE_NOISE,,[],False,negative
9b5420b7-7d6a-4072-adeb-ddda95101cc4,"I have been using Zepto for a long time, and it is a great app. Previously, they offered free delivery on orders of ₹100, but now they have raised the threshold to ₹150, which I didn't like at all. I will use the app much less now—or perhaps not at all.",1.0,0.0,2026-07-03 21:57:54,play_store,,9b5420b7-7d6a-4072-adeb-ddda95101cc4,HABIT_AUTOPILOT,PRICE_VALUE,[],False,mixed
9e6aa507-432c-47da-bb39-5ddf59121101,"#worst service placed an order today, waited for long, tried to connect with the delivery person, AI agent, no resolution. from delivery person to AI agent to live agent all tried to befool me by saying order is on the way when I insisted they asked me for cancellation and marked cancelled and the amount I paid is now stuck for 5-7 days, then senior agent tried to trick me by offering a compensation coupon of that item (perfume) which is already on offer for every one and of no use for me.",1.0,0.0,2026-07-03 21:52:41,play_store,,9e6aa507-432c-47da-bb39-5ddf59121101,SERVICE_NOISE,,['perfume'],False,negative
9a207857-f441-4615-bd7b-1bccbc0e3972,"The product quality is extremely poor, and the complaint process is equally disappointing. When I tried to report the defective product, the system repeatedly rejected clear photographs as ""unclear,"" making it impossible to proceed. This unnecessary hurdle appears to discourage customers from claiming a refund or replacement. Instead of resolving genuine complaints, the process causes frustration and wastes time. I am highly dissatisfied with both the product and the customer service.",1.0,0.0,2026-07-03 21:43:23,play_store,,9a207857-f441-4615-bd7b-1bccbc0e3972,TRUST_QUALITY,SERVICE_NOISE,[],False,negative
9948e5cf-991b-4cc4-bc25-a97350237d0f,super delivery and best products 😍👌💯,5.0,0.0,2026-07-03 21:40:47,play_store,,9948e5cf-991b-4cc4-bc25-a97350237d0f,SERVICE_NOISE,,[],False,positive
690ec3b1-bd1d-4963-a442-9f5140a9d3d2,"don't order from this app, really pathetic experience, they are delivering Rotten products.",1.0,0.0,2026-07-03 21:36:52,play_store,,690ec3b1-bd1d-4963-a442-9f5140a9d3d2,TRUST_QUALITY,,[],False,negative
8e34883a-f26c-4a00-bbcd-8a4cb904f76d,what is this !!!!!you guys suddenly not delivering to my area what you mean I have always used zepto now it's showing we don't deliver to your location i have always used that location only,1.0,0.0,2026-07-03 21:36:37,play_store,,8e34883a-f26c-4a00-bbcd-8a4cb904f76d,SERVICE_NOISE,,[],False,negative
ebc3463b-0f0f-4406-a748-ddf133705dd3,"Never delivers on said time, Order after 9 pm can't deliver the same day, many items out of stock, Rates jumble every day.",3.0,0.0,2026-07-03 21:27:01,play_store,,ebc3463b-0f0f-4406-a748-ddf133705dd3,SERVICE_NOISE,,[],False,negative
332cf7c1-9758-47e6-8379-4ef9b894ce65,why zepto asking for OTP continuously calling,4.0,0.0,2026-07-03 21:25:54,play_store,,332cf7c1-9758-47e6-8379-4ef9b894ce65,SERVICE_NOISE,,[],False,negative
bdd4c209-d41c-4847-ba01-8229fdb95010,"Extremely disappointing experience with Zepto. Their chatbot is frustrating and completely unhelpful. My order was canceled without my permission after I had already waited nearly 50 minutes. There was no proper explanation, no attempt to confirm with me before canceling, and no meaningful support afterward. If you can't fulfill an order, at least inform customers instead of wasting their time. This level of customer service is unacceptable. I expected much better from Zepto.",1.0,0.0,2026-07-03 21:25:45,play_store,,bdd4c209-d41c-4847-ba01-8229fdb95010,SERVICE_NOISE,,[],False,negative
a82909ec-0e25-4613-bbf1-6bedc4ca6216,3rd quality material.,3.0,0.0,2026-07-03 21:13:58,play_store,,a82909ec-0e25-4613-bbf1-6bedc4ca6216,TRUST_QUALITY,,[],False,negative
80613e2e-7720-40c6-98fd-61d2ee3d8df7,worst experience. bot chat system not connecting with executive... they are fraud ... I got my order in 110 minutes. initially showing 15 mins..,1.0,0.0,2026-07-03 20:50:14,play_store,,80613e2e-7720-40c6-98fd-61d2ee3d8df7,SERVICE_NOISE,,[],False,negative
ce4ddf4d-1e8e-4fd0-9b2b-f5347d92c213,"ye ak bahut hi bakwaas app h jo hamesha product missing krta h , skin care ke product early expire bhejta aur koi easy way nhi contact krne ka",1.0,0.0,2026-07-03 20:49:45,play_store,,ce4ddf4d-1e8e-4fd0-9b2b-f5347d92c213,TRUST_QUALITY,SERVICE_NOISE,['skincare'],False,negative
c164208c-9401-40a1-9d41-455a13fb19fc,"quality less products are sent and when I tried to complain its directly go to main page i have tried several times....what a scam.....going forward its better not to buy fruits,vegetables and frozen items",1.0,0.0,2026-07-03 20:42:55,play_store,,c164208c-9401-40a1-9d41-455a13fb19fc,TRUST_QUALITY,SERVICE_NOISE,"['fruits', 'vegetables', 'frozen items']",False,negative
7ca120e9-e9db-43a5-8b0a-5fc92bb07e8c,fast service by zepto good experience,5.0,0.0,2026-07-03 20:41:59,play_store,,7ca120e9-e9db-43a5-8b0a-5fc92bb07e8c,SERVICE_NOISE,,[],False,positive
aeb81022-b82a-4caa-84bb-ea7b8bea6da4,"Think 10 times before ordering Zepto, India's number one fraud app. I had ordered a children's bicycle through this app. Zepto sent me a used bicycle. When I went to return send the bicycle, he said, 'No return, no exchange.' Please, don't trust this app.",1.0,0.0,2026-07-03 20:41:16,play_store,,aeb81022-b82a-4caa-84bb-ea7b8bea6da4,TRUST_QUALITY,SERVICE_NOISE,['toys'],False,negative
bb5aee4d-9da7-4ac5-a876-2d52339cb867,ke kama l he time pe delivery supr,5.0,0.0,2026-07-03 20:29:43,play_store,,bb5aee4d-9da7-4ac5-a876-2d52339cb867,SERVICE_NOISE,,[],False,positive
56589c33-9529-4109-a976-276d5355346f,worst quality products. No refunds even after evidence.,1.0,0.0,2026-07-03 20:18:37,play_store,,56589c33-9529-4109-a976-276d5355346f,TRUST_QUALITY,SERVICE_NOISE,[],False,negative
88101ad1-1089-486d-8f4b-2d6de0f46b48,"I have repeatedly received expired products, products containing bugs or worms, and incorrect items. Although customer support addressed the issues after I reported them, these incidents have occurred far too often and reflect poor quality control and unreliable service. Customers should not have to repeatedly report such serious issues. Due to these recurring problems, I have lost trust in the platform and have uninstalled the app.",1.0,0.0,2026-07-03 20:10:14,play_store,,88101ad1-1089-486d-8f4b-2d6de0f46b48,TRUST_QUALITY,SERVICE_NOISE,[],False,negative
89a59952-4426-48b2-8fc7-8f27689f2ad6,"I would say avoid ordering from this app. Nowadays it has become worse. If at all you need to order, order products which are dry food products and does not require careful handling. Would say try to avoid as much as possible. The Store vendors maintaining the warehouses do lot of malpractices.",1.0,0.0,2026-07-03 20:08:59,play_store,,89a59952-4426-48b2-8fc7-8f27689f2ad6,TRUST_QUALITY,MENTAL_MODEL,['dry food products'],False,negative
f21ae332-c803-409e-9116-aecf2849046a,quick and transparent delivery,5.0,0.0,2026-07-03 19:51:09,play_store,,f21ae332-c803-409e-9116-aecf2849046a,SERVICE_NOISE,,[],False,positive
3de6ef1c-d08d-4be2-a968-0c37fb5dd542,good sevice fast and very reasonable price overall very good,5.0,0.0,2026-07-03 19:47:48,play_store,,3de6ef1c-d08d-4be2-a968-0c37fb5dd542,SERVICE_NOISE,,[],False,positive
d5b2b449-b2fb-483a-b56f-842b20024ca3,no extra coupon code available,2.0,0.0,2026-07-03 19:41:48,play_store,,d5b2b449-b2fb-483a-b56f-842b20024ca3,SERVICE_NOISE,,[],False,negative
e561af4f-75bb-4d66-956f-bab4695e0587,no any right response regarding items quality,1.0,0.0,2026-07-03 19:37:32,play_store,,e561af4f-75bb-4d66-956f-bab4695e0587,TRUST_QUALITY,SERVICE_NOISE,[],False,negative
8550874b-fd0b-4c8c-9f77-6050f84edb87,There is no solution when you get a damaged item. the delivery partner's behavior is rude. No any solution of online complain so i don't refer zepto to anyone. touch with other platforms.,1.0,0.0,2026-07-03 19:34:48,play_store,,8550874b-fd0b-4c8c-9f77-6050f84edb87,SERVICE_NOISE,,[],False,negative
f89d97de-0a57-44c7-8d25-634036c92bae,really good packaging. delievery on time overall good experience 👍🏻,4.0,0.0,2026-07-03 19:33:14,play_store,,f89d97de-0a57-44c7-8d25-634036c92bae,SERVICE_NOISE,,[],False,positive
22538682-6e36-4134-ac46-ba8a685d0d70,Don't check the packed fruit and gives damaged alongwith,2.0,0.0,2026-07-03 19:24:42,play_store,,22538682-6e36-4134-ac46-ba8a685d0d70,TRUST_QUALITY,,['fruits'],False,negative
0f95b7de-8bed-469b-b8e0-fdb01830b75d,"worst app , very bad support i ordered earbuds and it was defective and its under return policy , I'm trying from 2 days for return, till now I have tried for 15 to 20 times all the time they say try again after 2hours , i have that work only to do every 2 hours for return",1.0,0.0,2026-07-03 19:23:07,play_store,,0f95b7de-8bed-469b-b8e0-fdb01830b75d,SERVICE_NOISE,,['electronics'],False,negative
0d2d2731-cefb-4aae-8198-b1980bc48430,"I have ordered yoga bar 2pkts 1-1kg asked to exchange because of some reason after exchanging received only one packet they don't have custom care number complaint on app but didn't receive, email this issue too ,very bad experience,not refunded money too",1.0,0.0,2026-07-03 19:22:33,play_store,,0d2d2731-cefb-4aae-8198-b1980bc48430,SERVICE_NOISE,,['snacks'],False,negative
ab366f4b-83c2-469e-8ade-194c33b76740,it's good app and it helps to get groceries fast no any extra charges iam happy with it thank you zepto,5.0,0.0,2026-07-03 18:55:52,play_store,,ab366f4b-83c2-469e-8ade-194c33b76740,SERVICE_NOISE,,['groceries'],False,positive
25874173-b656-4a8b-927d-91731c53e697,"i ordered icecream, i received it in 7 min and it was melted...after complaining they are saying it's due to temperature..it's raining here...and they ended the conversation without resolving the issue as they are claiming to called me twice but suprise i didn't received any call...should I stop ordering I think everyone should atleast icecream",1.0,0.0,2026-07-03 18:42:34,play_store,,25874173-b656-4a8b-927d-91731c53e697,TRUST_QUALITY,SERVICE_NOISE,['icecream'],False,negative
09718eb4-5ad3-4318-84a9-36138e30a056,horrible customer service with no help at all,1.0,0.0,2026-07-03 18:04:46,play_store,,09718eb4-5ad3-4318-84a9-36138e30a056,SERVICE_NOISE,,[],False,negative
d72103b1-d6e7-4b5b-99ed-36e0012db694,zepto is excellent app and I am regular costumer of it but suddenly I shifted in kanpur I request to zepto management that open you branch in ka pur panki please,5.0,0.0,2026-07-03 17:56:19,play_store,,d72103b1-d6e7-4b5b-99ed-36e0012db694,HABIT_AUTOPILOT,,['groceries'],False,mixed
76e81787-d4a9-4563-9eda-38b4c5664f20,very bad delivery boy are stole the product. and zepto refuse 😤 😒 🙄 😑,1.0,0.0,2026-07-03 17:55:58,play_store,,76e81787-d4a9-4563-9eda-38b4c5664f20,SERVICE_NOISE,,[],False,negative
9aa5998b-c8eb-4cad-a94a-7f0d5c2c618c,"Very disappointing experience with Zepto. My order was never delivered, but the app marked it as “delivered.” I tried contacting support, but did not get a proper solution. This is unacceptable and feels misleading. Customers trust the service for timely and honest delivery, but this experience has been frustrating. I hope they improve their service and handle customer complaints seriously.",1.0,0.0,2026-07-03 17:50:59,play_store,,9aa5998b-c8eb-4cad-a94a-7f0d5c2c618c,SERVICE_NOISE,,[],False,negative
8d07f157-6186-4517-8c0a-c6c8422ad36b,These people say that delivery will be done in 10 minutes and they deliver it in 35 minutes. This is a complete scam. This is a very bad service from Zepto.,1.0,0.0,2026-07-03 17:33:47,play_store,,8d07f157-6186-4517-8c0a-c6c8422ad36b,SERVICE_NOISE,,[],False,negative
bbb72b16-3954-429e-808a-8d8ea7c4f80b,scammer 10 minutes bol ke 2 ghante mai order delivered hota hai,1.0,0.0,2026-07-03 17:21:38,play_store,,bbb72b16-3954-429e-808a-8d8ea7c4f80b,SERVICE_NOISE,,[],False,negative
fd1daf81-8c8e-44ae-9a29-c4e207ace6cd,worst app i ever found there is no query resolution in customer care and they are doing fraud with customer never use this app again and never recommended i will give minus star. worst ever never use this. now worst then ever they mailed me and when I complain again they give same answer we can't do anything you trust your seller but not customer even I say I have cctv footage that I didn't get whole order still they are not believing so pls never use this. I am requesting.,1.0,0.0,2026-07-03 17:21:25,play_store,,fd1daf81-8c8e-44ae-9a29-c4e207ace6cd,SERVICE_NOISE,,[],False,negative
d2be9b51-299d-41aa-bc64-3dac5004b552,"""Horrible customer support. Charged ₹229 for an umbrella, never resolved the issue, and chat support completely ignored me also mail they provide copypaste same answers. ALSO THEY DO NOT SHOW FEEDBACKS PUBLICALLY...ALL FEEDBACKS ARE HIDDEN...Avoid this app.""",1.0,0.0,2026-07-03 17:17:46,play_store,,d2be9b51-299d-41aa-bc64-3dac5004b552,SERVICE_NOISE,,[],False,negative
99388faa-d502-4a01-8c9f-1eb059ab1aad,very very very worst app ever I installed...please don't install this app... they are not treating the customer issue in a proper way...Today I have ordered products for rupees 1100 out of that nearly rupee 500 items are missing and immediately I have raised the query and also called back the delivery person but both are saying we delivered the products but I did not received the items and even I have cctv footage for that but they're not ready for giving proper response to the customers..,1.0,0.0,2026-07-03 17:14:47,play_store,,99388faa-d502-4a01-8c9f-1eb059ab1aad,SERVICE_NOISE,,[],False,negative
d11b19df-347f-40f9-8728-2f904340bc95,"I received a half-cooked samosa from Zepto Cafe. When I tried to report the issue through the Help section, I was asked to upload a photo. However, every time I selected a photo and tapped Submit, the app displayed a blank white screen and became unresponsive until I pressed the back button. I repeated this process 5–10 times, but the same issue occurred every time. Because of this app bug, I was unable to submit my complaint or report the poor quality of the food. This is very disappointing.",1.0,0.0,2026-07-03 17:07:07,play_store,,d11b19df-347f-40f9-8728-2f904340bc95,SERVICE_NOISE,TRUST_QUALITY,['food'],False,negative
c01b11a6-dd4d-42cc-814f-25e6ac7020ff,the app always face technical issue IDK why is this same for everyone,1.0,0.0,2026-07-03 17:05:03,play_store,,c01b11a6-dd4d-42cc-814f-25e6ac7020ff,SERVICE_NOISE,,[],False,negative
9f88a1c5-9237-4c56-b60f-7fe6c1e3a381,apps getting crashed while uploading photo for an issue,1.0,0.0,2026-07-03 17:03:47,play_store,,9f88a1c5-9237-4c56-b60f-7fe6c1e3a381,SERVICE_NOISE,,[],False,negative
015259e5-e1ff-45fd-ba67-d89c1cbddb5b,"zepto don't take responsibility for incomplete orders, they will just send you an automated email saying order delivered as per seller. no one can verify the order always before giving the OTP this is something they introduced so that they don't have to take the responsibility.",1.0,0.0,2026-07-03 16:53:12,play_store,,015259e5-e1ff-45fd-ba67-d89c1cbddb5b,SERVICE_NOISE,,[],False,negative
dfe6f87e-3a72-481b-8d16-f9439da859eb,my experience is very bad from Zepto I was ordered 2 item from zepto and the item are expired and the didn't accept return they said it was opened I did it because my faith on zepto but it was happened they sent expired product shame on you zepto................ ...............,1.0,0.0,2026-07-03 16:25:49,play_store,,dfe6f87e-3a72-481b-8d16-f9439da859eb,TRUST_QUALITY,SERVICE_NOISE,[],False,negative
f8f133c6-f607-4f3d-b6e1-d3ba86ce339b,good service 💯 good product 👍 good behaviour,5.0,0.0,2026-07-03 16:21:25,play_store,,f8f133c6-f607-4f3d-b6e1-d3ba86ce339b,SERVICE_NOISE,,[],False,positive
7b0a4cd0-8c0a-48ba-82e9-46d241fe8869,worst service don't order anything they don't replace or don't refund my money zepto is fraud and I already complaint on Consumer court,1.0,0.0,2026-07-03 16:20:27,play_store,,7b0a4cd0-8c0a-48ba-82e9-46d241fe8869,SERVICE_NOISE,,[],False,negative
421fb628-4416-48f3-acd8-817284fb0836,very bad trying to complaint about spoil product showing not cleared pic and many times not able to attach pic app get stuck zepto getting worst,1.0,0.0,2026-07-03 16:18:52,play_store,,421fb628-4416-48f3-acd8-817284fb0836,TRUST_QUALITY,SERVICE_NOISE,[],False,negative
0649ac97-eb59-4007-ab7b-c5e4a338b1eb,"ordered icecream and it's melted. no option to return, need to send mail with photo. after that customer care is worst they don't know how to respond. finally they will say while shipping product was in good condition",1.0,0.0,2026-07-03 16:05:25,play_store,,0649ac97-eb59-4007-ab7b-c5e4a338b1eb,TRUST_QUALITY,SERVICE_NOISE,['icecream'],False,negative
13f117e4-8126-4c10-b729-166fdfcd2bd8,"Zepto is one of the Bogus company, they theft my money directly. 3018 rupees theft my money. without refund my money they simply saying we send the money to my account. I verified all my accounts, i never see any refund to my account. i tried to connect customer care. They are not supporting, in india day by day this type cheatings are increasing due these type applications. Zepto = Bogus Company",1.0,0.0,2026-07-03 15:43:55,play_store,,13f117e4-8126-4c10-b729-166fdfcd2bd8,SERVICE_NOISE,,[],False,negative
thread1.txt_0,"Skip to main content
Bengaluru people- run to Zepto : r/IndianBeautyDeals",,,,reddit_manual,thread1.txt,thread1.txt_0,SERVICE_NOISE,,[],False,positive
thread1.txt_3,"Open chat
Create
Create post
Open inbox
1",,,,reddit_manual,thread1.txt,thread1.txt_3,SERVICE_NOISE,,[],False,neutral
thread1.txt_4,"User Avatar
Expand user menu
Skip to Navigation Skip to Right Sidebar
 
Back
 
Go to IndianBeautyDeals
r/IndianBeautyDeals
•
1mo ago
Still-Scallion-8808",,,,reddit_manual,thread1.txt,thread1.txt_4,SERVICE_NOISE,,[],False,neutral
thread1.txt_5,Bengaluru people- run to Zepto,,,,reddit_manual,thread1.txt,thread1.txt_5,SERVICE_NOISE,,[],False,positive
thread1.txt_6,"Sale Feedback
 r/IndianBeautyDeals - Bengaluru people- run to Zepto
Got eucerin for n such a discount
Also the face shop vit a lip mask
 
Upvote
16",,,,reddit_manual,thread1.txt,thread1.txt_6,PRICE_VALUE,,['skincare'],False,positive
thread1.txt_8,"Share
 u/pearsonofficial avatar
pearsonofficial
Ad
 
No interviews, no judgement​. Choose PTE for Fairness.
Book Now
pearsonpte.com
Clickable image which will reveal the video player: No interviews, no judgement​. Choose PTE for Fairness. 
Collapse video player",,,,reddit_manual,thread1.txt,thread1.txt_8,SERVICE_NOISE,,[],False,neutral
thread1.txt_12,"Best
 
Search Comments
Expand comment search
Comments Section
sheknowsball
•
1mo ago
How about you tell what does “such a discount” mean?
 
Upvote
63",,,,reddit_manual,thread1.txt,thread1.txt_12,SERVICE_NOISE,,[],False,positive
thread1.txt_15,"Share
 
Still-Scallion-8808
OP
•
1mo ago
 u/Lonelybattle12 avatar
Lonelybattle12
•
1mo ago
How much did you pay for entire order?
 
Upvote
5",,,,reddit_manual,thread1.txt,thread1.txt_15,SERVICE_NOISE,,[],False,neutral
thread1.txt_18,"Share
 
Still-Scallion-8808
OP
•
1mo ago
BalanceStraight9408
•
1mo ago
What was the amount you paid
 
Upvote
1",,,,reddit_manual,thread1.txt,thread1.txt_18,SERVICE_NOISE,,[],False,neutral
thread1.txt_21,"Share
 
 u/Still-Scallion-8808 avatar
Still-Scallion-8808
OP
•
1mo ago
Comment Image
 
Upvote
0",,,,reddit_manual,thread1.txt,thread1.txt_21,SERVICE_NOISE,,[],False,neutral
thread1.txt_24,"Share
 
 u/worldofasaya avatar
u/worldofasaya
Ad
 
Reddit’s talking about this Asaya serum
 Asaya MelaMe™ Complex
 Asaya MelaMe™ Complex
 Asaya MelaMe™ Complex
 Asaya MelaMe™ Complex
worldofasaya.com
Shop Now
bluffinhot
•
1mo ago
Profile Badge for the Achievement Top 1% Commenter Top 1% Commenter
OMG. The Face shop Vit A & E at 299! Is it a good offer? I want to try it.
 
Upvote
1",,,,reddit_manual,thread1.txt,thread1.txt_24,PRICE_VALUE,INFO_GAP,['skincare'],True,positive
thread1.txt_27,"Share
 
 u/Still-Scallion-8808 avatar
Still-Scallion-8808
OP
•
1mo ago
I feel it’s good and after the final discount it will be even less Review- same as laneige texture , has a slight cooling feeling after 2mins of application which I like but might annoy some people (good kinda cooling )
 
Upvote
4",,,,reddit_manual,thread1.txt,thread1.txt_27,PRICE_VALUE,,['skincare'],False,positive
thread1.txt_30,"Share
 
bluffinhot
•
1mo ago
Profile Badge for the Achievement Top 1% Commenter Top 1% Commenter
Thanks for a review!
 
Upvote
3",,,,reddit_manual,thread1.txt,thread1.txt_30,SERVICE_NOISE,,[],False,positive
thread1.txt_33,"Share
 
sensitivesoul23
•
1mo ago
They were for 250 something on myntra as well
 
Upvote
1",,,,reddit_manual,thread1.txt,thread1.txt_33,PRICE_VALUE,,['skincare'],False,neutral
thread1.txt_36,"Share
 
Front-Newspaper8051
•
1mo ago
2112 FOR EUCERINN I’M JEALOUSSS!!!
 
Upvote
1",,,,reddit_manual,thread1.txt,thread1.txt_36,PRICE_VALUE,,['skincare'],False,positive
thread1.txt_39,"Share
 
 u/Still-Scallion-8808 avatar
Still-Scallion-8808
OP
•
1mo ago
It was a steal
 
Upvote
1",,,,reddit_manual,thread1.txt,thread1.txt_39,PRICE_VALUE,,[],False,positive
thread1.txt_42,"Share
 
_riroo0
•
1mo ago
Review of and mist longevity smell
 
Upvote
1",,,,reddit_manual,thread1.txt,thread1.txt_42,SERVICE_NOISE,,[],False,neutral
thread1.txt_45,"Share
 
 u/Still-Scallion-8808 avatar
Still-Scallion-8808
OP
•
1mo ago
Like I said I won’t be using it on body but it’s ok nothing amazing
 
Upvote
1",,,,reddit_manual,thread1.txt,thread1.txt_45,SERVICE_NOISE,,[],False,negative
thread1.txt_48,"Share
 
 u/currentbackyard avatar
u/currentbackyard
Ad
 
Perfect crispy crust in minutes. No turning or guesswork required.
Shop Now
currentbackyard.com
 Thumbnail image: Perfect crispy crust in minutes. No turning or guesswork required. 
MissPopGirl
•
1mo ago
Bro...it's showing 3402 for me
 
Upvote
1",,,,reddit_manual,thread1.txt,thread1.txt_48,PRICE_VALUE,,[],False,neutral
thread1.txt_51,"Share
 
 u/Still-Scallion-8808 avatar
Still-Scallion-8808
OP
•
1mo ago
🥹🥹🥹🥹
 
Upvote
1",,,,reddit_manual,thread1.txt,thread1.txt_51,SERVICE_NOISE,,[],False,neutral
thread1.txt_54,"Share
 
MissPopGirl
•
1mo ago
Bro, can u tell me on which pincode is it for 2112
 
Upvote
1",,,,reddit_manual,thread1.txt,thread1.txt_54,SERVICE_NOISE,,[],False,neutral
thread1.txt_57,"Share
 
 u/Still-Scallion-8808 avatar
Still-Scallion-8808
OP
•
1mo ago
It was in the evening for 560068
 
Upvote
1",,,,reddit_manual,thread1.txt,thread1.txt_57,SERVICE_NOISE,,[],False,neutral
thread1.txt_60,"Share
 
MissPopGirl
•
1mo ago
Ahh... Bommanahalli, very near to my place..missed it
 
Upvote
1",,,,reddit_manual,thread1.txt,thread1.txt_60,SERVICE_NOISE,,[],False,neutral
thread1.txt_63,"Share
 
 u/Still-Scallion-8808 avatar
Still-Scallion-8808
OP
•
1mo ago
Maybe keep an eye at odd hrs , as payday sale is going on there
 
Upvote
1",,,,reddit_manual,thread1.txt,thread1.txt_63,SERVICE_NOISE,,[],False,neutral
thread1.txt_69,"Share
 
 u/United_Sea2037 avatar
United_Sea2037
•
1mo ago
Did the eucerin have some outer seal or even the bottle had some seal?
 
Upvote
1",,,,reddit_manual,thread1.txt,thread1.txt_69,TRUST_AUTHENTICITY,,['skincare'],False,negative
thread1.txt_72,"Share
 
 u/Still-Scallion-8808 avatar
Still-Scallion-8808
OP
•
1mo ago
Also don’t get the mist - I just got it for bedspray as it was dirt cheap
 
Upvote
1",,,,reddit_manual,thread1.txt,thread1.txt_72,PRICE_VALUE,,['skincare'],False,mixed
thread1.txt_75,"Share
 
Community Info Section
r/IndianBeautyDeals
 Join
IndianBeautyDeals
Sharing latest Deals / Discounts on the Indian Beauty Market.
Created Oct 15, 2020
Public",,,,reddit_manual,thread1.txt,thread1.txt_75,SERVICE_NOISE,,[],False,neutral
thread1.txt_76,"Community Guide
59K
Weekly visitors
3.4K
Weekly contributions
R/INDIANBEAUTYDEALS RULES
1
No Affiliates
Affiliate links, referrals, other subs etc. which monetarily (or otherwise) profit the benefactor, are not encouraged in the sub. Offenders will be banned. We are very strict about this rule.
2
No Haul Posts
Hauls are not encouraged (unless for feedback). Repeated offenders can get banned.
3
No Spamming
If someone has already made a post discussing a topic, avoid creating a new post regarding the same.
4
No Irrelevant Posts & Repeat
This sub is limited to deals, discounts and occasionally feedback on the deals. Posts unrelated to the sub or generic queries like ""is this a good deal"" are removed under this rule as soon as we find them. Coupons get removed after a while. Offenders of the rule may get banned. Repeat posts get removed to boost the original post so everyone can see it instead of multiple posts
5
Be kind and Respectful.
Kindness and respect are core values of this community. Please ensure your words are considerate and do not cause harm to others.",,,,reddit_manual,thread1.txt,thread1.txt_76,SERVICE_NOISE,,[],False,neutral
thread1.txt_77,"Any violation of this rule may result in a ban.
6
No Sales
Transactional content is not allowed in this subreddit. No types of sales. splits, DM me for better discounts are allowed here. Please use r/IndianBeautyDeclutter instead.
MODERATORS
Message Mods
 u/Public_Strain_5181 avatar
u/Public_Strain_5181
 
Moderator
u/Any_Boat9461
Nerdforlife
u/AutoModerator avatar
u/AutoModerator
 u/IndianBeautyDealsMod avatar
u/IndianBeautyDealsMod
 u/Cultural-Duty5452 avatar
u/Cultural-Duty5452
 u/spotlight-app avatar
u/spotlight-app
 
Mod Bot 🤖
 u/subscriber-goal avatar
u/subscriber-goal
 u/banhammerapp avatar
u/banhammerapp
View all moderators
INSTALLED APPS
Spotlight
​Subscriber Goal - "" Subscribe Now"" Button
Banhammer
Comment Mop
Reddit Rules
Privacy Policy
User Agreement
Accessibility
Reddit, Inc. © 2026. All rights reserved.",,,,reddit_manual,thread1.txt,thread1.txt_77,SERVICE_NOISE,,[],False,neutral
thread10.txt_0,"Skip to main content
[deleted by user] : r/FuckZepto",,,,reddit_manual,thread10.txt,thread10.txt_0,SERVICE_NOISE,,[],False,negative
thread10.txt_4,"User Avatar
Expand user menu
Skip to Navigation Skip to Right Sidebar
 
Back
 
Go to FuckZepto
r/FuckZepto
•
6mo ago
[deleted]",,,,reddit_manual,thread10.txt,thread10.txt_4,SERVICE_NOISE,,[],False,neutral
thread10.txt_9,"Best
 
Search Comments
Expand comment search
Comments Section
Acrobatic-North-6047
•
6mo ago
i use zepto, its under 1km for me and i was really skeptical about buying fruits as vegetables because of their reputation around, especially for fruits and veggies. but I gave in and it was so fresh and strawberries were packed well and also tasted well! I've never had bad experience with zepto, once i accidentally ordered wrong sized dustbin cover and when i wanted to return i was refunded instead and was told to keep the dustbin cover.
 
Upvote
9",,,,reddit_manual,thread10.txt,thread10.txt_9,TRUST_QUALITY,HABIT_AUTOPILOT,"['fruits', 'vegetables']",True,positive
thread10.txt_12,"Share
 
 u/Rejuvenate_2021 avatar
Rejuvenate_2021
•
6mo ago
Not 1-2 but few 3/4 kms and Zepto green leafy veggies are usually fair except for a few that we now stopped ordering from them; colocasia leaves were repeatedly low Q.",,,,reddit_manual,thread10.txt,thread10.txt_12,TRUST_QUALITY,HABIT_AUTOPILOT,['vegetables'],False,negative
thread10.txt_13,"What really bugged me was their dark patterns on the apps and membership requirements & repeated MOQ changes.
 
Upvote
2",,,,reddit_manual,thread10.txt,thread10.txt_13,SERVICE_NOISE,,[],False,negative
thread10.txt_16,"Share
 
Upbeat_Albatross_926
•
6mo ago
True that. I too have the zepto store under 1km, I won't tell that I've never had a bad experience but I can say that maybe 1/50 times there was a rotten vege or fruit. Besides they are cheaper compared to any other platforms and I always get it in 4-5minutes. My only major issues were with ice creams n drinks. Because the cold drinks are never completely chilled and same with ice creams 90% of the time they're either melted or cracked inside and frozen in the broken state or they are broken n melted by the time I receive them. Also don't buy meat from these apps they all suck in whole. I feel meat is better purchased in store at a lower price.
 
Upvote
1",,,,reddit_manual,thread10.txt,thread10.txt_16,TRUST_QUALITY,PRICE_VALUE,"['fruits', 'vegetables', 'ice cream', 'drinks', 'meat']",False,mixed
thread10.txt_19,"Share
 
Acrobatic-North-6047
•
6mo ago
never bought meat online, i didn't have such experience with ice creams or so but once i ordered an ice cream it tasted awful, I've had it before and it didn't taste like it at all, tasted like its expired but it was way within the expiry date so i felt it was company's fault rather than zepto itself
 
Upvote
0",,,,reddit_manual,thread10.txt,thread10.txt_19,TRUST_QUALITY,,['ice cream'],False,negative
thread10.txt_22,"Share
 
 u/Strict-Second-5656 avatar
Strict-Second-5656
•
6mo ago
Regarding fruits and vegetables order in the morning....when their stock actually comes...then it is fresh ....if you order at 9pm coriander leaves...then they are bound to be wilted and dry ...so timing is important for any online store
 
Upvote
6",,,,reddit_manual,thread10.txt,thread10.txt_22,TRUST_QUALITY,,"['fruits', 'vegetables']",False,mixed
thread10.txt_25,"Share
 
Tamz191
•
6mo ago
for groceries i’ve always got the best ones from big basket. especially if it’s a scheduled order.
 
Upvote
0",,,,reddit_manual,thread10.txt,thread10.txt_25,MENTAL_MODEL,,['groceries'],False,positive
thread10.txt_28,"Share
 
Your78Ranger
•
6mo ago
Isn't Jio Mart cheaper?
 
Upvote
0",,,,reddit_manual,thread10.txt,thread10.txt_28,PRICE_VALUE,,[],False,negative
thread10.txt_31,"Share
 
Tamz191
•
6mo ago
it is but they don’t always have their deliveries open.
 
Upvote
1",,,,reddit_manual,thread10.txt,thread10.txt_31,SERVICE_NOISE,,[],False,negative
thread10.txt_34,"Share
 
scarllet93
•
6mo ago
Jiomart always gives rotten stuff
 
Upvote
1",,,,reddit_manual,thread10.txt,thread10.txt_34,TRUST_QUALITY,,[],False,negative
thread10.txt_37,"Share
 
Your78Ranger
•
6mo ago
Well I only buy packaged food and that's what I was talking about. 
 
Upvote
0",,,,reddit_manual,thread10.txt,thread10.txt_37,MENTAL_MODEL,,['packaged food'],False,neutral
thread10.txt_40,"Share
 
scarllet93
•
6mo ago
Yeah those are good and great prices. This comment was more on fruits and veggies which are absolutely pathetic and have fungus a lot of times
 
Upvote
1",,,,reddit_manual,thread10.txt,thread10.txt_40,TRUST_QUALITY,,"['fruits', 'vegetables']",False,negative
thread10.txt_43,"Share
 
Tamz191
•
6mo ago
i’m lucky i’ve never received rotten groceries
 
Upvote
2",,,,reddit_manual,thread10.txt,thread10.txt_43,SERVICE_NOISE,,['groceries'],False,positive
thread10.txt_46,"Share
 
[deleted]
•
6mo ago
I use zepto, amazon now and flipkart minutes often. Never had any issues with them so far
 
Upvote
3",,,,reddit_manual,thread10.txt,thread10.txt_46,SERVICE_NOISE,,[],False,positive
thread10.txt_49,"Share
 
 u/NoNameYet256 avatar
NoNameYet256
•
6mo ago
locality ka fark padta hai i think. never had bad experience with zepto products till now, blinkit is just faster in my area
 
Upvote
1",,,,reddit_manual,thread10.txt,thread10.txt_49,SERVICE_NOISE,,[],False,positive
thread10.txt_52,"Share
 
Scared-dipshit
•
6mo ago
I mostly use it because it took me and half an hour to travel to the area with groceries and on moat days i am tired cuz of work
 
Upvote
1",,,,reddit_manual,thread10.txt,thread10.txt_52,MENTAL_MODEL,,['groceries'],False,positive
thread10.txt_55,"Share
 
 u/Miserable_Arm9991 avatar
Miserable_Arm9991
•
6mo ago
Tumne kyu kiya order fir? Khud se poocho use karan sb krte hain
 
Upvote
1",,,,reddit_manual,thread10.txt,thread10.txt_55,SERVICE_NOISE,,[],False,neutral
thread10.txt_58,"Share
 
the_itchy_beard
•
6mo ago
I am using Zepto from 2 years and had very few issues.",,,,reddit_manual,thread10.txt,thread10.txt_58,SERVICE_NOISE,,[],False,positive
thread10.txt_59,Almost zero issues when it comes to packaged goods.,,,,reddit_manual,thread10.txt,thread10.txt_59,TRUST_QUALITY,,['packaged goods'],False,positive
thread10.txt_60,Few issues wrt vegetables. So I mostly prefer to buy from market.,,,,reddit_manual,thread10.txt,thread10.txt_60,TRUST_QUALITY,MENTAL_MODEL,['vegetables'],False,negative
thread10.txt_61,Fruits are a hit and miss. Fruits like apples are always good. Bananas are refrigerated. So I prefer fruit market unless urgent.,,,,reddit_manual,thread10.txt,thread10.txt_61,MENTAL_MODEL,TRUST_QUALITY,"['fruits', 'apples', 'bananas']",False,negative
thread10.txt_62,So except vegetables and fruits I am highly satisfied with other products. And even for vegetables and fruits i still order if I need it urgently.,,,,reddit_manual,thread10.txt,thread10.txt_62,MENTAL_MODEL,,"['vegetables', 'fruits']",False,mixed
thread10.txt_63,"My only concern with Zepto is its overwhelming dark patterns.
 
Upvote
1",,,,reddit_manual,thread10.txt,thread10.txt_63,SERVICE_NOISE,,[],False,negative
thread10.txt_66,"Share
 
 u/The-Volumee avatar
The-Volumee
•
6mo ago
I'm a frequent user of zepto.",,,,reddit_manual,thread10.txt,thread10.txt_66,HABIT_AUTOPILOT,,[],False,positive
thread10.txt_67,Probably closest to my location.,,,,reddit_manual,thread10.txt,thread10.txt_67,SERVICE_NOISE,,[],False,positive
thread10.txt_68,"Never received any rotten fruit or veggies. Now I only order packaged things. For veggies and fruits, I have started visiting my regular vendor.",,,,reddit_manual,thread10.txt,thread10.txt_68,MENTAL_MODEL,TRUST_QUALITY,"['fruits', 'vegetables', 'packaged things']",False,mixed
thread10.txt_69,"No delivery or handling charges now. Earlier my go to was bb.
 
Upvote
1",,,,reddit_manual,thread10.txt,thread10.txt_69,PRICE_VALUE,,[],False,positive
thread10.txt_72,"Share
 
 u/Cheese_cake3 avatar
Cheese_cake3
•
6mo ago
Please! You’re a Zepto PR employee that’s it
 
Upvote
1",,,,reddit_manual,thread10.txt,thread10.txt_72,SERVICE_NOISE,,[],False,negative
thread10.txt_75,"Share
 
 u/nowayaddict avatar
nowayaddict
•
6mo ago
Coz.....free shit
 
Upvote
1",,,,reddit_manual,thread10.txt,thread10.txt_75,SERVICE_NOISE,,[],False,positive
thread10.txt_78,"Share
 
 u/Comfortable_Gur8346 avatar
Comfortable_Gur8346
•
6mo ago
Zepto is waste
 
Upvote
1",,,,reddit_manual,thread10.txt,thread10.txt_78,SERVICE_NOISE,,[],False,negative
thread10.txt_81,"Share
 
 u/Fun-Gas3117 avatar
Fun-Gas3117
•
6mo ago
my outlet is pretty good
 
Upvote
1",,,,reddit_manual,thread10.txt,thread10.txt_81,SERVICE_NOISE,,[],False,positive
thread10.txt_84,"Share
 
 u/Open-Bend-5466 avatar
Open-Bend-5466
•
6mo ago
Never had any issues
 
Upvote
1",,,,reddit_manual,thread10.txt,thread10.txt_84,SERVICE_NOISE,,[],False,positive
thread10.txt_87,"Share
 
 u/Cheese_cake3 avatar
Cheese_cake3
•
6mo ago
Okay Zepto employee 🤣😂
 
Upvote
1",,,,reddit_manual,thread10.txt,thread10.txt_87,SERVICE_NOISE,,[],False,negative
thread10.txt_90,"Share
 
 u/Remote-Following-372 avatar
Remote-Following-372
•
6mo ago
vegetables sometimes are not of good quality and fruits from zepto are overpriced and and bad quality or low quantity but their​ grocery items are fine I use them only for grocery items and vegetables and what I think is your dark store is run by money hungry people who are sending rotten fruits and vegetables to cut costs and the dark store is not properly maintained ​
 
Upvote
1",,,,reddit_manual,thread10.txt,thread10.txt_90,TRUST_QUALITY,MENTAL_MODEL,"['vegetables', 'fruits', 'grocery items']",False,negative
thread10.txt_93,"Share
 
Community Info Section
r/FuckZepto
 Join
FuckZepto
a platform for customers to call out anything unethical related to Zepto. This community aims to hold Zepto accountable by exposing(if any): • Dark patterns and deceptive UX • Selective pricing (e.g. Android vs iPhone) • Hiding fees in the UI (handling, processing, rain fee, small cart fee etc.) • MRP manipulation and misleading discounts • Frequent term changes and bait offers Share your experiences, receipts, and insights. The goal is not hate, but awareness and accountability. NO HATE",,,,reddit_manual,thread10.txt,thread10.txt_93,SERVICE_NOISE,,[],False,negative
thread10.txt_94,"Show more
Created Jan 18, 2025
Public
59K
customers
802
exposing zepto
MODERATORS
Message Mods
u/iSmokeEveryweek
u/iRefactor
 u/icatchbs avatar
u/icatchbs
View all moderators
Reddit Rules
Privacy Policy
User Agreement
Accessibility
Reddit, Inc. © 2026. All rights reserved.",,,,reddit_manual,thread10.txt,thread10.txt_94,SERVICE_NOISE,,[],False,negative
thread2.txt_0,"Skip to main content
Products on zepto : r/IndianBeautyDeals",,,,reddit_manual,thread2.txt,thread2.txt_0,SERVICE_NOISE,,[],False,neutral
thread2.txt_4,"User Avatar
Expand user menu
Skip to Navigation Skip to Right Sidebar
 
Back
 
Go to IndianBeautyDeals
r/IndianBeautyDeals
•
5mo ago
Yes-no-yes-no93",,,,reddit_manual,thread2.txt,thread2.txt_4,SERVICE_NOISE,,[],False,neutral
thread2.txt_6,"Zepto
 r/IndianBeautyDeals - Products on zepto
I was scrolling Zepto and then I found this. Why is it so cheap? Even the other makeup products like lipsticks or colour corrector. The price difference is huge when compared to Nykaa.",,,,reddit_manual,thread2.txt,thread2.txt_6,PRICE_VALUE,TRUST_AUTHENTICITY,"['skincare', 'makeup']",False,negative
thread2.txt_7,Is it authentic or just some kind of scam??,,,,reddit_manual,thread2.txt,thread2.txt_7,TRUST_AUTHENTICITY,,[],False,negative
thread2.txt_10,"Share
 u/ClickUp_App avatar
ClickUp_App
Ad
 
Campaign plans in docs. Tasks in another tool. Feedback in Slack. ClickUp brings your marketing work into one place so your team can move faster.
View More
clickup.com
 Thumbnail image: Campaign plans in docs. Tasks in another tool. Feedback in Slack.
ClickUp brings your marketing work into one place so your team can move faster.
Sort by:",,,,reddit_manual,thread2.txt,thread2.txt_10,SERVICE_NOISE,,[],False,neutral
thread2.txt_11,"Best
 
Search Comments
Expand comment search
Comments Section
Kookie69420
•
5mo ago
People are still buying aqualogica? Lol
 
Upvote
26",,,,reddit_manual,thread2.txt,thread2.txt_11,SERVICE_NOISE,,['skincare'],False,negative
thread2.txt_14,"Share
 
Yes-no-yes-no93
OP
•
5mo ago
Yes. People like me. Poor people😅
 
Upvote
5",,,,reddit_manual,thread2.txt,thread2.txt_14,PRICE_VALUE,,[],False,mixed
thread2.txt_17,"Share
 
 u/cubicalbox avatar
cubicalbox
•
5mo ago
you know what? youre just buying moisturiser , youre better off by not using anything cause it doesnt protect
not using sunscreen is better than using something which claims to be sunscreen and expecting it to protect you
 
Upvote
5",,,,reddit_manual,thread2.txt,thread2.txt_17,TRUST_QUALITY,,['skincare'],False,negative
thread2.txt_20,"Share
 
 u/Standard_Bluejay4152 avatar
Standard_Bluejay4152
•
5mo ago
Is this brand no good ? I recently ordered their sunscreen 😭😭
 
Upvote
1",,,,reddit_manual,thread2.txt,thread2.txt_20,TRUST_QUALITY,,['skincare'],True,negative
thread2.txt_23,"Share
 
Yes-no-yes-no93
OP
•
5mo ago
Its decent for this price range
 
Upvote
-1",,,,reddit_manual,thread2.txt,thread2.txt_23,PRICE_VALUE,,['skincare'],False,positive
thread2.txt_26,"Share
 
 u/Standard_Bluejay4152 avatar
Standard_Bluejay4152
•
5mo ago
Thanks. Even I liked their moisturisers a lot and recently got their sunscreen in bogo. By far I love the look n feel of this product let’s see in peek summers how it will work
 
Upvote
3",,,,reddit_manual,thread2.txt,thread2.txt_26,HABIT_AUTOPILOT,PRICE_VALUE,['skincare'],True,positive
thread2.txt_29,"Share
 
 u/BankHolidayyy avatar
BankHolidayyy
•
5mo ago
Their sunscreen is absolutely useless tho. It’s fine if you only stay indoors but if you’re going out then you’ll need a better sunscreen for sure!
 
Upvote
3",,,,reddit_manual,thread2.txt,thread2.txt_29,TRUST_QUALITY,,['skincare'],False,negative
thread2.txt_32,"Share
 
 u/Sea-Buy-4271 avatar
Sea-Buy-4271
•
5mo ago
I got small freebie in Myntra of Aqualogica sunscreen and I have never used sunscreen except Sun scoop which I like but this one I tried and it's actually good.",,,,reddit_manual,thread2.txt,thread2.txt_32,TRUST_QUALITY,,['skincare'],True,positive
thread2.txt_33,It's amazing and I don't know why people hate it. At this point everything expensive is considered good.,,,,reddit_manual,thread2.txt,thread2.txt_33,PRICE_VALUE,,[],False,positive
thread2.txt_34,"And this makes it easy for capitalists to sell anything expensive and say it's good quality.
 
Upvote
1",,,,reddit_manual,thread2.txt,thread2.txt_34,TRUST_AUTHENTICITY,,[],False,negative
thread2.txt_37,"Share
 
chudeeeznuts
•
5mo ago
people hate it bcuz it failed all the protection tests , and even while wearing it tanning is caused, it doesnt provide any spf which is the basic thing a sunscreen has to do unfortunately its better to not waste ur money on something which does not even protect
 
Upvote
4",,,,reddit_manual,thread2.txt,thread2.txt_37,TRUST_QUALITY,,['skincare'],False,negative
thread2.txt_43,"Share
 
Yes-no-yes-no93
OP
•
5mo ago
I see. Is it few months at least?
 
Upvote
1",,,,reddit_manual,thread2.txt,thread2.txt_43,SERVICE_NOISE,,[],False,neutral
thread2.txt_46,"Share
 
 u/Shreshth- avatar
Shreshth-
•
5mo ago
Yes
 
Upvote
2",,,,reddit_manual,thread2.txt,thread2.txt_46,SERVICE_NOISE,,[],False,neutral
thread2.txt_49,"Share
 
 u/Bunny_8102 avatar
Bunny_8102
•
5mo ago
They are legit OP , i get most of my stuff from zepto ! Also very easy to contact customer care if any issues , the prices go really low at times , I usually wishlist mine and grab them when available at good price:-)
 
Upvote
4",,,,reddit_manual,thread2.txt,thread2.txt_49,HABIT_AUTOPILOT,PRICE_VALUE,[],False,positive
thread2.txt_52,"Share
 
 u/bioderma_in avatar
u/bioderma_in
Ad
 
Has acne ever stopped you from showing up for something you were excited about?
Learn More
bioderma.naosindia.in
 Thumbnail image: Has acne ever stopped you from showing up for something you were excited about?
u/Resident_Platypus12 avatar
Resident_Platypus12
•
5mo ago
I've bought skincare from zepto multiple times. Never faced an issue till now thankfully. The stuff is legit and mostly has a decent amount of time left before expiry
 
Upvote
4",,,,reddit_manual,thread2.txt,thread2.txt_52,TRUST_AUTHENTICITY,,['skincare'],False,positive
thread2.txt_58,"Share
 
Yes-no-yes-no93
OP
•
5mo ago
The aqualogica pink sunscreen
 
Upvote
1",,,,reddit_manual,thread2.txt,thread2.txt_58,SERVICE_NOISE,,['skincare'],False,neutral
thread2.txt_61,"Share
 
iloveyoumwah
•
5mo ago
Its not cheap lol. I've literally seen it go cheaper on their own site, myntra or big basket.",,,,reddit_manual,thread2.txt,thread2.txt_61,PRICE_VALUE,,['skincare'],False,negative
thread2.txt_62,"Zepto is legit btw. I got vaseline body lotion for 180. 400 ml.
 
Upvote
5",,,,reddit_manual,thread2.txt,thread2.txt_62,PRICE_VALUE,,['skincare'],False,positive
thread2.txt_65,"Share
 
Yes-no-yes-no93
OP
•
5mo ago
Really? Thanks!
 
Upvote
1",,,,reddit_manual,thread2.txt,thread2.txt_65,SERVICE_NOISE,,[],False,neutral
thread2.txt_68,"Share
 
exclaim_bot
•
5mo ago
Really? Thanks!
You're welcome!
 
Upvote
2",,,,reddit_manual,thread2.txt,thread2.txt_68,SERVICE_NOISE,,[],False,neutral
thread2.txt_71,"Share
 
ruckus500
•
5mo ago
Yes, they're authentic.
 
Upvote
1",,,,reddit_manual,thread2.txt,thread2.txt_71,TRUST_AUTHENTICITY,,[],False,positive
thread2.txt_74,"Share
 
Evolime
•
5mo ago
they are legit just they might be closer to expiry dates
 
Upvote
1",,,,reddit_manual,thread2.txt,thread2.txt_74,TRUST_QUALITY,TRUST_AUTHENTICITY,[],False,mixed
thread3.txt_0,"Skip to main content
Zepto : r/IndianBeautyDeals",,,,reddit_manual,thread3.txt,thread3.txt_0,SERVICE_NOISE,,[],False,neutral
thread3.txt_4,"User Avatar
Expand user menu
Skip to Navigation Skip to Right Sidebar
 
Back
 
Go to IndianBeautyDeals
r/IndianBeautyDeals
•
1mo ago
Book_girliee",,,,reddit_manual,thread3.txt,thread3.txt_4,SERVICE_NOISE,,[],False,neutral
thread3.txt_9,"Best
 
Search Comments
Expand comment search
Comments Section
u/Book_girliee avatar
Book_girliee
OP
•
1mo ago
Lowest I have seen
 
Upvote
6",,,,reddit_manual,thread3.txt,thread3.txt_9,PRICE_VALUE,,[],False,positive
thread3.txt_12,"Share
 
 u/Book_girliee avatar
Book_girliee
OP
•
1mo ago
Comment Image
It’s on special section. When you add something in cart it will show up at checkout …
 
Upvote
5",,,,reddit_manual,thread3.txt,thread3.txt_12,SERVICE_NOISE,,[],False,neutral
thread3.txt_15,"Share
 
WeirdCockroach3208
•
1mo ago
Not available for me :(
 
Upvote
2",,,,reddit_manual,thread3.txt,thread3.txt_15,SERVICE_NOISE,,[],False,negative
thread3.txt_18,"Share
 
 u/Book_girliee avatar
Book_girliee
OP
•
1mo ago
￼​It’s on special section. When you add something in cart it will show up at checkout …
 
Upvote
2",,,,reddit_manual,thread3.txt,thread3.txt_18,SERVICE_NOISE,,[],False,neutral
thread3.txt_21,"Share
 
WeirdCockroach3208
•
1mo ago
It’s not available only buddy, location specific
 
Upvote
2",,,,reddit_manual,thread3.txt,thread3.txt_21,SERVICE_NOISE,,[],False,neutral
thread3.txt_24,"Share
 
 u/Book_girliee avatar
Book_girliee
OP
•
1mo ago
Ohkkk but do search dove.. so many great discounts.
 
Upvote
2",,,,reddit_manual,thread3.txt,thread3.txt_24,PRICE_VALUE,,['beauty'],False,positive
thread3.txt_27,"Share
 
 u/usetactiq avatar
u/usetactiq
Ad
 
I just got full context on 3 months of decisions in seconds. Right in my Google Meet call
View More
tactiq.io
 Thumbnail image: I just got full context on 3 months of decisions in seconds. Right in my Google Meet call
u/Infinity-111 avatar
Infinity-111
•
1mo ago
It’s Location specific
 
Upvote
2",,,,reddit_manual,thread3.txt,thread3.txt_27,SERVICE_NOISE,,[],False,neutral
thread3.txt_30,"Share
 
 u/Skincare_Meow avatar
Skincare_Meow
•
1mo ago
Ohh you’re the one posted this deal? Awesome 👏
 
Upvote
2",,,,reddit_manual,thread3.txt,thread3.txt_30,SERVICE_NOISE,,[],False,positive
thread3.txt_33,"Share
 
 u/One_Researcher4897 avatar
One_Researcher4897
•
1mo ago
Location please
 
Upvote
1",,,,reddit_manual,thread3.txt,thread3.txt_33,SERVICE_NOISE,,[],False,neutral
thread3.txt_36,"Share
 
 u/Book_girliee avatar
Book_girliee
OP
•
1mo ago
302017",,,,reddit_manual,thread3.txt,thread3.txt_36,SERVICE_NOISE,,[],False,neutral
thread3.txt_37,"￼​It’s on special section. When you add something in cart it will show up at checkout … so please check that section!
 
Upvote
3",,,,reddit_manual,thread3.txt,thread3.txt_37,SERVICE_NOISE,,[],False,neutral
thread3.txt_44,"￼​It’s on special section. When you add something in cart it will show up at checkout …
 
Upvote
3",,,,reddit_manual,thread3.txt,thread3.txt_44,SERVICE_NOISE,,[],False,neutral
thread3.txt_47,"Share
 
ActiveJealous8058
•
1mo ago
someone plsss plss order this for meeeeee
 
Upvote
1",,,,reddit_manual,thread3.txt,thread3.txt_47,SERVICE_NOISE,,[],False,neutral
thread3.txt_50,"Share
 
 u/Book_girliee avatar
Book_girliee
OP
•
1mo ago
DM
 
Upvote
1",,,,reddit_manual,thread3.txt,thread3.txt_50,SERVICE_NOISE,,[],False,neutral
thread4.txt_0,"Skip to main content
Beware! Zepto selling fake beauty care products! : r/IndianSkincareAddicts",,,,reddit_manual,thread4.txt,thread4.txt_0,TRUST_AUTHENTICITY,,['beauty'],False,negative
thread4.txt_4,"User Avatar
Expand user menu
Skip to Navigation Skip to Right Sidebar
 
Back
 
Go to IndianSkincareAddicts
r/IndianSkincareAddicts
•
2y ago
Appropriate-Cutie",,,,reddit_manual,thread4.txt,thread4.txt_4,SERVICE_NOISE,,[],False,neutral
thread4.txt_5,"SPOILER
Beware! Zepto selling fake beauty care products!",,,,reddit_manual,thread4.txt,thread4.txt_5,TRUST_AUTHENTICITY,,['beauty'],False,negative
thread4.txt_6,"I Followed Posting Rules
 
View spoiler
r/IndianSkincareAddicts - Beware! Zepto selling fake beauty care products!
 
View spoiler
Bought these Sanfe Pimple patches from Zepto( Left ) (2nd pic) because of emergency. I had already tried Sanfe Pimple patches so I know how they are like, the ones that came through zepto were super thin, hard to even remove from the plastic( see 2nd pic) they legit felt like cello tape cut outs. Didn't even work on and get on any remove any out of pimple like they usually did when I bought them form Nykaa. Definitely felt like fake patches. Now this time I ordered from Nykaa and they came how they usually are. Easy to peel and not cello tape like, they were thick. (Right ones in the first pic) (3rd slide) . Don't buy from zepto. They'll send you fake products and don't know might probably ruin skin even more.
 
Upvote
65",,,,reddit_manual,thread4.txt,thread4.txt_6,TRUST_AUTHENTICITY,MENTAL_MODEL,['beauty'],False,negative
thread4.txt_8,"Share
 u/FigmaOfficial avatar
FigmaOfficial
Ad
 
Designers, meet Figma's AI agent. Explore ideas, make bulk edits, and finish repetitive tasks in record time.
Learn More
figma.com
 Thumbnail image: Designers, meet Figma's AI agent. Explore ideas, make bulk edits, and finish repetitive tasks in record time.
Sort by:",,,,reddit_manual,thread4.txt,thread4.txt_8,SERVICE_NOISE,,[],False,neutral
thread4.txt_9,"Best
 
Search Comments
Expand comment search
Comments Section
AutoModerator
MOD
•
2y ago
•
Stickied comment
icedlattez
•
2y ago
Your first mistake was buying from Sanfe lmao
 
Upvote
223",,,,reddit_manual,thread4.txt,thread4.txt_9,SERVICE_NOISE,,[],False,neutral
thread4.txt_12,"Share
 
Appropriate-Cutie
OP
•
2y ago
Omg really??? I thought they were good! What would you recommend?
 
Upvote
-2",,,,reddit_manual,thread4.txt,thread4.txt_12,SERVICE_NOISE,,[],False,neutral
thread4.txt_15,"Share
 
Beneficial_Sport5771
•
2y ago
Cosrx pimple patches I use them they helped me so much in removing my pimples.
 
Upvote
45",,,,reddit_manual,thread4.txt,thread4.txt_15,SERVICE_NOISE,,['beauty'],False,positive
thread4.txt_18,"Share
 
[deleted]
•
2y ago
Can’t find them on nyka
 
Upvote
2",,,,reddit_manual,thread4.txt,thread4.txt_18,SERVICE_NOISE,,[],False,neutral
thread4.txt_21,"Share
 
icedlattez
•
2y ago
Yeah Sanfe is a big NO. For me the Cosrx and Acne Squad patched have worked wonderfully.I have Oily Acne Prone skin, hope it helps!
 
Upvote
16",,,,reddit_manual,thread4.txt,thread4.txt_21,SERVICE_NOISE,,['beauty'],False,positive
thread4.txt_24,"Share
 
 u/peaceisahoax avatar
peaceisahoax
•
2y ago
Who's out there making fakes of sanfe out of every company in the world? 😭
 
Upvote
142",,,,reddit_manual,thread4.txt,thread4.txt_24,SERVICE_NOISE,,[],False,neutral
thread4.txt_27,"Share
 
Appropriate-Cutie
OP
•
2y ago
•
Edited 2y ago
Yaar Aaj pata chal raha hai sanfe on it's own kaafi badnaam hai 😂😂😂😂
 
Upvote
10",,,,reddit_manual,thread4.txt,thread4.txt_27,SERVICE_NOISE,,[],False,neutral
thread4.txt_30,"Share
 
 u/peaceisahoax avatar
peaceisahoax
•
2y ago
It's a misogynistic company that bets on creating new insecurities among woc for business. Their ads are disgusting and they drag everything melanated. Like wtf is nipple lightening cream, intimate area lightening serum, butt lightening cream etc etc And their products are subpar in general anyways
 
Upvote
52",,,,reddit_manual,thread4.txt,thread4.txt_30,SERVICE_NOISE,,['beauty'],False,negative
thread4.txt_33,"Share
 
 u/TotalSea6477 avatar
TotalSea6477
•
2y ago
Sanfe products aren't even that good to fake I guess. get corsx
 
Upvote
30",,,,reddit_manual,thread4.txt,thread4.txt_33,SERVICE_NOISE,,['beauty'],False,neutral
thread4.txt_36,"Share
 
juztfokix
•
2y ago
Overwritten
Why would anyone make fake Sanfe products? Fakes are made of extremely popular products so that the people making fakes can earn profit from it. I think it’s original product and just trash brand.
 
Upvote
24",,,,reddit_manual,thread4.txt,thread4.txt_36,SERVICE_NOISE,,[],False,neutral
thread4.txt_39,"Share
 
NijiKun_35
•
2y ago
Girl sanfe?????Try cosrx or quench. Personally big fan of quench. Removed the gunk out in 5-6 hours.
 
Upvote
13",,,,reddit_manual,thread4.txt,thread4.txt_39,SERVICE_NOISE,,['beauty'],False,positive
thread4.txt_42,"Share
 
newmclarens
•
2y ago
quench is so op. it does all the work and so fast. personally, i prefer it over cosrx, because quench is much more adhesive and stays on for longer. also feels more efficient but that might be just me.
 
Upvote
2",,,,reddit_manual,thread4.txt,thread4.txt_42,PRICE_VALUE,,['skincare'],False,positive
thread4.txt_45,"Share
 
 u/PatsnapEurekaIP avatar
u/PatsnapEurekaIP
Ad
 
Most skincare formulas fail at the brief, not the bench. Before AI can generate a stronger skincare formula, it needs a tighter ask. PatSnap Eureka guides formulators from structured brief to traceable evidence to confident refinement.
 Most skincare formulas fail at the brief, not the bench.
Before AI can generate a stronger skincare formula, it needs a tighter ask. PatSnap Eureka guides formulators from structured brief to traceable evidence to confident refinement.
 Most skincare formulas fail at the brief, not the bench.
Before AI can generate a stronger skincare formula, it needs a tighter ask. PatSnap Eureka guides formulators from structured brief to traceable evidence to confident refinement.
 Most skincare formulas fail at the brief, not the bench.
Before AI can generate a stronger skincare formula, it needs a tighter ask. PatSnap Eureka guides formulators from structured brief to traceable evidence to confident refinement.
 Most skincare formulas fail at the brief, not the bench.
Before AI can generate a stronger skincare formula, it needs a tighter ask. PatSnap Eureka guides formulators from structured brief to traceable evidence to confident refinement.
 Most skincare formulas fail at the brief, not the bench.
Before AI can generate a stronger skincare formula, it needs a tighter ask. PatSnap Eureka guides formulators from structured brief to traceable evidence to confident refinement.
 Most skincare formulas fail at the brief, not the bench.
Before AI can generate a stronger skincare formula, it needs a tighter ask. PatSnap Eureka guides formulators from structured brief to traceable evidence to confident refinement.
eureka.patsnap.com
Sign Up
Fluffybunbun00
•
2y ago
I highly doubt someone would make a Sanfe fake. It’s more likely a different batch before they fixed the product and sold it off to other companies for cheap. I’ve seen many products including minimalist come out with crappy versions of products first and then change it. I’ve even written to manufacturers when I’ve seen differences in the product on different sites. It happens all the time.
 
Upvote
10",,,,reddit_manual,thread4.txt,thread4.txt_45,,,[],False,
thread4.txt_48,"Share
 
chimmy_520
•
2y ago
I didn't know sanfe is bad 😭 I brought two recently
 
Upvote
7",,,,reddit_manual,thread4.txt,thread4.txt_48,INFO_GAP,,['skincare'],False,negative
thread4.txt_51,"Share
 
killmeontheinside
•
2y ago
Sanfe is just a trash brand lmao
 
Upvote
13",,,,reddit_manual,thread4.txt,thread4.txt_51,TRUST_QUALITY,,[],False,negative
thread4.txt_54,"Share
 
fattestassoutthere
•
2y ago
I've bought them blink it. Both times I received different products. The first one was very thin and the second time it was very thick. I don't know which one is legit.
 
Upvote
6",,,,reddit_manual,thread4.txt,thread4.txt_54,TRUST_AUTHENTICITY,,[],False,negative
thread4.txt_57,"Share
 
Appropriate-Cutie
OP
•
2y ago
•
Edited 2y ago
The thin ones didn't do anything for my skin, didn't even stick properly. And super difficult to remove from the plastic
 
Upvote
1",,,,reddit_manual,thread4.txt,thread4.txt_57,TRUST_QUALITY,,['skincare'],False,negative
thread4.txt_60,"Share
 
[deleted]
•
2y ago
u/OpenAI avatar
u/OpenAI
Ad
 
Edit your photos without losing what makes them look like you.
Sign Up
chatgpt.com
 Thumbnail image: Edit your photos without losing what makes them look like you.
[deleted]
•
2y ago
zepto is shit! recently got a live moth packed inside a sealed makhana packet
 
Upvote
2",,,,reddit_manual,thread4.txt,thread4.txt_60,TRUST_QUALITY,,['snacks'],False,negative
thread4.txt_63,"Share
 
CaffeinatedSim
•
2y ago
Girl, I just made the mistake of buying Sanfe pimple patch too, that shit doesn't work at alll, such a waste of money
 
Upvote
2",,,,reddit_manual,thread4.txt,thread4.txt_63,TRUST_QUALITY,,['skincare'],False,negative
thread4.txt_66,"Share
 
 u/AutoModerator avatar
AutoModerator
MOD
•
2y ago
Warnings and Reminders",,,,reddit_manual,thread4.txt,thread4.txt_66,,,[],False,
thread4.txt_68,Posting Rules + Ban Policy:,,,,reddit_manual,thread4.txt,thread4.txt_68,,,[],False,
thread4.txt_69,"Posting rules 4, 5, 7 and 8 are currently being enforced by members, not mods. Please report posts if you feel a need.",,,,reddit_manual,thread4.txt,thread4.txt_69,,,[],False,
thread4.txt_70,"All other sub rules are in effect. Refer sidebar, or view in full here. Please report rulebreaking comments. Offenders will be banned.",,,,reddit_manual,thread4.txt,thread4.txt_70,,,[],False,
thread4.txt_72,Rx/medical advice policy is STRICTLY ENFORCED:,,,,reddit_manual,thread4.txt,thread4.txt_72,,,[],False,
thread4.txt_73,Your peers will interpret your comments as expert recommendations.,,,,reddit_manual,thread4.txt,thread4.txt_73,,,[],False,
thread4.txt_74,"Therefore, ALL comments mentioning Rx products, giving opinions on a doctor's treatment plan, speculating visual diagnoses from photos, or any other borderline medical scope MUST INCLUDE EXPLICIT DISCLAIMERS. If in doubt, include disclaimer. If sharing anecdotal experience, include disclaimers.",,,,reddit_manual,thread4.txt,thread4.txt_74,,,[],False,
thread4.txt_75,ERR ON THE SIDE OF CAUTION. BE MINDFUL OF THE SAFETY AND WELLBEING OF YOUR PEERS. BANS WILL BE ENFORCED FOR RECKLESS/POOR ADVICE.,,,,reddit_manual,thread4.txt,thread4.txt_75,SERVICE_NOISE,,[],False,negative
thread4.txt_77,"All image posts are automatically spoilered, out of consideration for fellow members. If spoiler is removed, use the trigger phrase ""!spoilerthis "" to respoiler the post yourself.",,,,reddit_manual,thread4.txt,thread4.txt_77,SERVICE_NOISE,,[],False,neutral
thread4.txt_78,"Report posts with images unspoiled that show any part of a human (skin, hair, etc).",,,,reddit_manual,thread4.txt,thread4.txt_78,SERVICE_NOISE,,[],False,neutral
thread4.txt_79,"I am a bot, and this action was performed automatically. Please contact the moderators of this subreddit if you have any questions or concerns.
 
Upvote
1",,,,reddit_manual,thread4.txt,thread4.txt_79,SERVICE_NOISE,,[],False,neutral
thread4.txt_82,"Share
 
 u/Same-Computer8225 avatar
Same-Computer8225
•
2y ago
Sorry that they didn’t work for you OP. I ordered Quench patches from Zepto. I could see changes.
 
Upvote
1",,,,reddit_manual,thread4.txt,thread4.txt_82,HABIT_AUTOPILOT,,['skincare'],False,positive
thread4.txt_85,"Share
 
Yes-no-yes-no93
•
2y ago
Didnt know sanfe is this much in demand. I have this same pimple patch. Yes its thick i got from nykaa. But man its not at al good its useless. I just use it because i have it. For any skincare product go to there company site or nykaa. Like these are the safest option
 
Upvote
1",,,,reddit_manual,thread4.txt,thread4.txt_85,MENTAL_MODEL,TRUST_QUALITY,['skincare'],False,negative
thread4.txt_88,"Share
 
coffeewalanibba
•
2y ago
I ordered a face mask from Sanfe, never gonna buy it again, it would be weird for every face shape.
 
Upvote
1",,,,reddit_manual,thread4.txt,thread4.txt_88,TRUST_QUALITY,,['skincare'],False,negative
thread4.txt_91,"Share
 
Community Info Section
r/IndianSkincareAddicts
 Join
IndianSkincareAddicts
A space for Indians to discuss their varied experiences with beauty, with a strong emphasis on science. Our mission will be to explore international offerings as well as our equally effective desi products, particularly those found at our ever-dependable, local chemists across the road. We discuss anything related to Skincare, Haircare, Makeup, Personal care and Wellness here. Let the glow commence!",,,,reddit_manual,thread4.txt,thread4.txt_91,SERVICE_NOISE,,[],False,neutral
thread4.txt_92,"Show more
Created Mar 16, 2018
Public
316K
Weekly visitors
3.4K
Weekly contributions
COMMUNITY BOOKMARKS",,,,reddit_manual,thread4.txt,thread4.txt_92,SERVICE_NOISE,,[],False,neutral
thread4.txt_94,"Weekly Threads
IMPORTANT POINTS TO NOTE
As of 17th July 2024, manual approval is suspended. User-curation will determine content on the feed. We are assessing member reactions to baseline posts, without mod influence enhancing quality or chances of engagement. Refer this post for more context.",,,,reddit_manual,thread4.txt,thread4.txt_94,SERVICE_NOISE,,[],False,neutral
thread4.txt_95,"Posts that don't follow posting guidelines will only be removed if they're reported. Mods will not remove Rule 4, 5, 7, 8 violations on our own.",,,,reddit_manual,thread4.txt,thread4.txt_95,SERVICE_NOISE,,[],False,neutral
thread4.txt_96,"Everyone is responsible for policing themselves. Post appropriately. If you do not like what your peers are posting, report it. Only reported posts will be removed.
R/INDIANSKINCAREADDICTS RULES
1
Be mindful of your behaviour. Follow Redditquette.
2
You are expected to read sub rules, mod communications and mod posts. Ignorance is no excuse.
3
Be scientific / Factual. No Misinformation.
4
No standalone Personal Queries. Post in the pinned personal help thread only.
5
No Low Effort Posts. Follow flair formats.
6
Spam will be removed.
7
Search the sub before posting.
8
This sub is not your personal consultation service. Don't ask for a routine.
9
This sub is not a substitute for medical advice. Consult a doctor.
10
Do not recommend Rx medicines. Violations may result in an instant ban.
11
Full Disclosure is mandatory for Brands reps/SMEs/Influencers.
12
No Solicitation or using this Forum for buying/selling/exchange/Group buys. Violators will be banned
13
Mods will ban all users engaging in entitled behavior/disruptive activity, including meta activity.
14
Do NOT Steal Content/Information without giving Credit.
15
Mods reserve the right to remove users/content In violation of rules and/or goals of this sub
READ THE EXPANDED RULES
The Rules listed above are in Brief. Please refer this for links to expanded rules.",,,,reddit_manual,thread4.txt,thread4.txt_96,SERVICE_NOISE,,[],False,neutral
thread4.txt_97,"Expanded rules supercede rules in brief.
POSTING GUIDELINES & FORMATS
Copy paste formats found in the Flair Guide here",,,,reddit_manual,thread4.txt,thread4.txt_97,SERVICE_NOISE,,[],False,neutral
thread4.txt_98,Individual Flair Formats are linked below.,,,,reddit_manual,thread4.txt,thread4.txt_98,SERVICE_NOISE,,[],False,neutral
thread4.txt_99,Seeking Recommendations - for product category recommendations,,,,reddit_manual,thread4.txt,thread4.txt_99,SERVICE_NOISE,,[],False,neutral
thread4.txt_100,Seeking Product Reviews - for reviews on a specific product,,,,reddit_manual,thread4.txt,thread4.txt_100,INFO_GAP,,[],False,neutral
thread4.txt_101,Dupe / Alternative request,,,,reddit_manual,thread4.txt,thread4.txt_101,INFO_GAP,,[],False,neutral
thread4.txt_111,"What to buy from Country
IF YOU'RE NEW BEGIN HERE!
Subreddit Rules
Subreddit Rules
FAQ
FAQ
How to ask for help
How to ask for help
Wiki
Wiki
Search the Sub
Search the Sub
Beginner Product Recs
Beginner Product Recs
GUIDES / RESOURCES
Important Links
Introduction to Skincare
Introduction to Skincare
Step 1: Cleansing
Step 1: Cleansing
All about Exfoliation
All about Exfoliation
Incorporating Actives
Incorporating Actives
All about Purging
All about Purging
What to ask your Derm?
What to ask your Derm?
Frequent Rec Library
Frequent Rec Library
Dental Hygiene: A-B-C
Dental Hygiene: A-B-C
Everything Vitamin C
Everything Vitamin C
WEEKLY POSTING SCHEDULE
Day	Post	Rule
Every 3 days	Personal Help Thread	Personal Queries go here
TUE	Critique my Thread	Not for curating a routine from scratch
WED	Rants, Rambles & Ruminations	Let it all out, friend (except politics & religion)
THU	Shopping Addiction Rehab	Try to stick to skincare/haircare/ personal care/makeup
FRI	Chill Thread	Anything goes
SAT	Hauls, First Impressions & Empties	Instagram style content allowed
FILTER BY FLAIR
Weekly Routine Help
Review
Resource
Skincare Discussion
Shelfie
Haircare Discussion
Makeup Discussion
PSA / Beauty News
Before & After / Journey
Brand Feedback
Influencer Related Content Discussion
Weekly: On Wednesdays we rant
Weekly: Critique my Routine
Weekly: Shopping Rehab
Weekly: Hauls & Empties
Weekly: Friday Chill
RELATED COMMUNITIES",,,,reddit_manual,thread4.txt,thread4.txt_111,SERVICE_NOISE,,[],False,neutral
thread4.txt_112,"r/IndianBeautyDeals
153,389 members
 
r/AsianBeauty
3,761,409 members
 
r/SkincareAddiction
4,994,932 members
MODERATORS
Message Mods
 u/Avaale avatar
u/Avaale
 
Overwritten
 u/AutoModerator avatar
u/AutoModerator
u/Aayu07
 
Overwritten
she.awoke
u/fadetonoire
 
Moderator
 u/Saby1307 avatar
u/Saby1307
 
Moderator
 u/sriv_m avatar
u/sriv_m
 
Overwritten
S
u/SouthernResolution avatar
u/SouthernResolution
 
Overwritten
 u/BotDefense avatar
u/BotDefense
u/ISCAModTeam
 u/auto-modmail avatar
u/auto-modmail
View all moderators
INSTALLED APPS
Discord Relay
Flooding Assistant
Mod App: Send to Any
Mobile Links
LLM Bot Swatter
Modqueue Alerts
Flair Assistant
Remove Macro
Moderator Mentions
Spam Nuke
Modmail Quick User Summary
Modmail Assistant
Modqueue Nuke
Modqueue Tools
Evasion Guard
Modmail Automator
Modmail To Discord or Slack
Press App
Comment Mop
ReputatorBot
Reddit Rules
Privacy Policy
User Agreement
Accessibility
Reddit, Inc. © 2026. All rights reserved.",,,,reddit_manual,thread4.txt,thread4.txt_112,SERVICE_NOISE,,[],False,neutral
thread5.txt_0,"Skip to main content
Never buy any electronics from zepto. : r/delhi",,,,reddit_manual,thread5.txt,thread5.txt_0,SERVICE_NOISE,,[],False,neutral
thread5.txt_4,"User Avatar
Expand user menu
Skip to Navigation Skip to Right Sidebar
 
Back
 
Go to delhi
r/delhi
•
1y ago
Delpnaz",,,,reddit_manual,thread5.txt,thread5.txt_4,SERVICE_NOISE,,[],False,neutral
thread5.txt_5,Never buy any electronics from zepto.,,,,reddit_manual,thread5.txt,thread5.txt_5,SERVICE_NOISE,,['electronics'],False,negative
thread5.txt_6,"AskDelhi
Been buying from zepto since the app was launched,",,,,reddit_manual,thread5.txt,thread5.txt_6,HABIT_AUTOPILOT,,['groceries'],False,neutral
thread5.txt_7,"Yesterday bought earphones along with groceries,",,,,reddit_manual,thread5.txt,thread5.txt_7,SERVICE_NOISE,,"['electronics', 'groceries']",False,neutral
thread5.txt_8,"It was defective from one side,",,,,reddit_manual,thread5.txt,thread5.txt_8,TRUST_QUALITY,,['electronics'],False,negative
thread5.txt_9,"Contacted customer care the same day , Had a chat and call with him for good 15 mins,",,,,reddit_manual,thread5.txt,thread5.txt_9,SERVICE_NOISE,,[],False,neutral
thread5.txt_10,"The guy straight up told me to go contact the brand for help & replacement,",,,,reddit_manual,thread5.txt,thread5.txt_10,SERVICE_NOISE,,[],False,negative
thread5.txt_11,"I mean how shameless can you be, I just bought stuff from you that's not working and they simply refuse and replacement/refund for the same.",,,,reddit_manual,thread5.txt,thread5.txt_11,SERVICE_NOISE,,[],False,negative
thread5.txt_12,"Learned a good lesson today, Never buy any electronics from these idiots.",,,,reddit_manual,thread5.txt,thread5.txt_12,SERVICE_NOISE,,['electronics'],False,negative
thread5.txt_13,"Good thing it was a cheap earphone, not a costly one.
 
Upvote
8",,,,reddit_manual,thread5.txt,thread5.txt_13,PRICE_VALUE,,['electronics'],False,negative
thread5.txt_15,"Share
 u/UndetectableBrowser avatar
UndetectableBrowser
Ad
 
Your residential proxies are useless if your browser leaks fingerprints. Manage multi-accounts safely with the best antidetect browser on the market. Zero cloud leaks, infinite local storage, and 100% consistent profiles for web scraping and ad farming. Get 45% off - Use code: RDdi1145.
View More
undetectable.io
 Thumbnail image: Your residential proxies are useless if your browser leaks fingerprints. Manage multi-accounts safely with the best antidetect browser on the market. Zero cloud leaks, infinite local storage, and 100% consistent profiles for web scraping and ad farming. Get 45% off - Use code: RDdi1145.
Sort by:",,,,reddit_manual,thread5.txt,thread5.txt_15,SERVICE_NOISE,,[],False,negative
thread5.txt_16,"Best
 
Search Comments
Expand comment search
Comments Section
Seeker_hu
•
1y ago
Zepto is a shady company. Full of dark patterns on their app",,,,reddit_manual,thread5.txt,thread5.txt_16,SERVICE_NOISE,,[],False,negative
thread5.txt_17,Pathetic customer support,,,,reddit_manual,thread5.txt,thread5.txt_17,SERVICE_NOISE,,[],False,negative
thread5.txt_18,I deleted the app few months back and never gone back,,,,reddit_manual,thread5.txt,thread5.txt_18,SERVICE_NOISE,,[],False,negative
thread5.txt_19,"Bigbasket sahi hai. Saala kharab aaye , refund ya return aaram se ho jaata hai
 
Upvote
2",,,,reddit_manual,thread5.txt,thread5.txt_19,SERVICE_NOISE,,[],False,negative
thread5.txt_22,"Share
 
_Edgar_Allan_Poe_
•
1y ago
Never buy any *thing from Zepto
 
Upvote
2",,,,reddit_manual,thread5.txt,thread5.txt_22,SERVICE_NOISE,,[],False,negative
thread5.txt_25,"Share
 
_Edgar_Allan_Poe_
•
1y ago
Last used it in 2023
 
Upvote
3",,,,reddit_manual,thread5.txt,thread5.txt_25,SERVICE_NOISE,,[],False,negative
thread5.txt_28,"Share
 
 u/Klutzy-Film18 avatar
Klutzy-Film18
•
1y ago
same case with all e commerce
 
Upvote
1",,,,reddit_manual,thread5.txt,thread5.txt_28,SERVICE_NOISE,,[],False,neutral
thread5.txt_31,"Share
 
Community Info Section
r/delhi
snoo_hug
 Join
r/Delhi
r/Delhi is the place dedicated to Delhi NCR and all that engulfs it
Created Mar 7, 2009
Public",,,,reddit_manual,thread5.txt,thread5.txt_31,SERVICE_NOISE,,[],False,neutral
thread5.txt_32,"Community Guide
373K
Dilliwaale
17K
Travelling in Metro
USER FLAIR
 u/ShiftBackground5617 avatar
ShiftBackground5617
COMMUNITY BOOKMARKS
r/Delhi Rules
R/DELHI RULES
1
Title and Language
2
Content Quality
3
Language and Translation
4
No Relationship Posts
5
No Promos/Referrals/Ticket Selling or Self Promotion or Illegal Activity
6
No Sexism, Misogyny or Incel Commentary
7
Personal Info and Doxxing
8
Respect and Behavior
9
Content Verification
10
Relevance to r/Delhi
11
No thirsty content
BANNER",,,,reddit_manual,thread5.txt,thread5.txt_32,SERVICE_NOISE,,[],False,neutral
thread5.txt_33,"DISCOVER
New to the City? Read up the Wiki to find out what's what. Join us on the Discord server to see what's happening!
WIKI BUTTON",,,,reddit_manual,thread5.txt,thread5.txt_33,SERVICE_NOISE,,[],False,neutral
thread5.txt_34,"FILTER BY FLAIR
AskDelhi
News
Photos/Videos (OC)
Discussion
RELATED SUBREDDITS",,,,reddit_manual,thread5.txt,thread5.txt_34,SERVICE_NOISE,,[],False,neutral
thread5.txt_35,"r/india
3,462,821 members
 
r/indiasocial
1,755,629 members
 
r/delhicapitals
49,150 members
 
r/mumbai
1,087,868 members
 
r/bangalore
1,089,320 members
 
r/kolkata
464,724 members
 
r/jaipur
96,989 members
 
r/Chandigarh
121,159 members
 
r/kanpur
22,295 members
MODERATORS
Message Mods
 u/neoronin avatar
u/neoronin
 u/vyperfox avatar
u/vyperfox
u/Bezerkingly_Zero
 
South Delhi
 u/IAmMohit avatar
u/IAmMohit
 u/AutoModerator avatar
u/AutoModerator
u/Kimo_imposta
 
South Delhi
Imposta
u/viksi
 
Dilli Se Hun!
u/doc_two_thirty
 u/comment-nuke avatar
u/comment-nuke
 u/evasion-guard avatar
u/evasion-guard
View all moderators
INSTALLED APPS
Bot Bouncer
Banhammer
Self Ban
Flair Assistant
Ban extended: Ban user and remove all of their content.
Evasion Guard
Spotlight
Admin Tattler
Comment Mop
Spam Source Spotter
Manipulation Detector
Reddit Rules
Privacy Policy
User Agreement
Accessibility
Reddit, Inc. © 2026. All rights reserved.",,,,reddit_manual,thread5.txt,thread5.txt_35,SERVICE_NOISE,,[],False,neutral
thread6.txt_0,"Skip to main content
Is it safe to buy electronic items from zepto? : r/delhi",,,,reddit_manual,thread6.txt,thread6.txt_0,SERVICE_NOISE,,['electronics'],False,neutral
thread6.txt_4,"User Avatar
Expand user menu
Skip to Navigation Skip to Right Sidebar
 
Back
 
Go to delhi
r/delhi
•
2y ago
WinterSurprise3230",,,,reddit_manual,thread6.txt,thread6.txt_4,SERVICE_NOISE,,[],False,neutral
thread6.txt_5,Is it safe to buy electronic items from zepto?,,,,reddit_manual,thread6.txt,thread6.txt_5,TRUST_AUTHENTICITY,,['electronics'],False,negative
thread6.txt_6,"AskDelhi
 r/delhi - Is it safe to buy electronic items from zepto?
Don't have time really to go out and buy, do zepto accept returns if they deliver a damaged electronic item?",,,,reddit_manual,thread6.txt,thread6.txt_6,TRUST_AUTHENTICITY,SERVICE_NOISE,['electronics'],False,negative
thread6.txt_7,"Is warranty also covered in these items? Please tell if anyone has ordered any electronic item from zepto? Do you get any options for return?
 
Upvote
6",,,,reddit_manual,thread6.txt,thread6.txt_7,TRUST_AUTHENTICITY,INFO_GAP,['electronics'],False,negative
thread6.txt_9,"Share
 u/AxeIndia avatar
AxeIndia
Ad
 
Expensive-Smelling Fragrance. Not-So-Expensive Price
Shop Now
amazon.in
 Thumbnail image: Expensive-Smelling Fragrance. Not-So-Expensive Price
Sort by:",,,,reddit_manual,thread6.txt,thread6.txt_9,SERVICE_NOISE,,[],False,neutral
thread6.txt_10,"Best
 
Search Comments
Expand comment search
Comments Section
DANtheMAN_2099
•
2y ago
Central Delhi
Everything is safe except pagers
 
Upvote
7",,,,reddit_manual,thread6.txt,thread6.txt_10,TRUST_AUTHENTICITY,,['electronics'],False,mixed
thread6.txt_16,"Share
 
WinterSurprise3230
OP
•
2y ago
Hojata return?
 
Upvote
2",,,,reddit_manual,thread6.txt,thread6.txt_16,SERVICE_NOISE,,[],False,neutral
thread6.txt_22,"Share
 
WinterSurprise3230
OP
•
2y ago
Okay thanks
 
Upvote
2",,,,reddit_manual,thread6.txt,thread6.txt_22,SERVICE_NOISE,,[],False,neutral
thread6.txt_25,"Share
 
[deleted]
•
2y ago
How to return i dont see the option
 
Upvote
1",,,,reddit_manual,thread6.txt,thread6.txt_25,SERVICE_NOISE,,[],False,negative
thread6.txt_28,"Share
 
Mr_youneverknow007
•
2y ago
South West Delhi
yup i also purchased a calculator a month ago from zepto
 
Upvote
2",,,,reddit_manual,thread6.txt,thread6.txt_28,HABIT_AUTOPILOT,,['electronics'],True,positive
thread6.txt_31,"Share
 
 u/Discount_Ramps avatar
u/Discount_Ramps
Ad
 
Forklift operators: Are you using the wrong yard ramp? A simple sizing mistake can slow loading times, damage equipment, and create safety risks. Learn the 4 key factors that determine the right yard ramp for your operation before you buy.
 For Loading & Unloading With No Dock Space
 For Loading & Unloading With No Dock Space
 For Loading & Unloading With No Dock Space
 For Loading & Unloading With No Dock Space
discountramps.com
Learn More
JustYourAverageGuy99
•
2y ago
82ms calculator mujhe flipkart me 500, zepto/blinkit(10min delivery) wale me 600 aur stationary me 400 ka milra tha
 
Upvote
1",,,,reddit_manual,thread6.txt,thread6.txt_31,PRICE_VALUE,,['electronics'],False,negative
thread6.txt_34,"Share
 
WinterSurprise3230
OP
•
2y ago
Thanks Bhai ,uth ke chala hi jata hu bahar, bas fake na mil jaye bahar🤡
 
Upvote
1",,,,reddit_manual,thread6.txt,thread6.txt_34,TRUST_AUTHENTICITY,,[],False,negative
thread6.txt_37,"Share
 
[deleted]
•
2y ago
blastedshark
•
2y ago
Same calculator I got for 500 in my local stationery
 
Upvote
1",,,,reddit_manual,thread6.txt,thread6.txt_37,PRICE_VALUE,,['electronics'],False,negative
thread6.txt_44,"Share
 
[deleted]
•
2y ago
Bro, college ke saamne shop hai. Wahan se lele sasta milega
 
Upvote
1",,,,reddit_manual,thread6.txt,thread6.txt_44,PRICE_VALUE,,[],False,negative
thread6.txt_47,"Share
 
WinterSurprise3230
OP
•
2y ago
Stationary wali pe?
 
Upvote
1",,,,reddit_manual,thread6.txt,thread6.txt_47,SERVICE_NOISE,,[],False,neutral
thread6.txt_50,"Share
 
[deleted]
•
2y ago
Naah, gate ke bahar ek shop hai. Wahan se mere classmate ne lia tha 991cw. Mai khud kl lunga
 
Upvote
1",,,,reddit_manual,thread6.txt,thread6.txt_50,PRICE_VALUE,,['electronics'],False,negative
thread6.txt_53,"Share
 
WinterSurprise3230
OP
•
2y ago
Okay thankss , dekhta me bhi fir vahi se
 
Upvote
1",,,,reddit_manual,thread6.txt,thread6.txt_53,SERVICE_NOISE,,[],False,neutral
thread6.txt_59,"Share
 
WinterSurprise3230
OP
•
2y ago
Kal nhi hai , bohot fucked up datesheet aayi hai",,,,reddit_manual,thread6.txt,thread6.txt_59,SERVICE_NOISE,,[],False,negative
thread6.txt_63,"Share
 
[deleted]
•
2y ago
Damn, mera mon-tues-wed and sat ko 2.
 
Upvote
1",,,,reddit_manual,thread6.txt,thread6.txt_63,SERVICE_NOISE,,[],False,neutral
thread6.txt_66,"Share
 
WinterSurprise3230
OP
•
2y ago
Aaye , chal best of luck for exams
 
Upvote
1",,,,reddit_manual,thread6.txt,thread6.txt_66,SERVICE_NOISE,,[],False,neutral
thread6.txt_72,"Share
 
 u/Bottleworkslabs avatar
u/Bottleworkslabs
Ad
 
Shopify POS stores! Are you tired of missing customers at checkout? CounterConnect lets shoppers sign in or sign up during the sale, capturing missing email and phone. Works with all of your existing loyalty and CRM apps.
Learn More
counterconnect.app
Clickable image which will reveal the video player: Shopify POS stores! Are you tired of missing customers at checkout? CounterConnect lets shoppers sign in or sign up during the sale, capturing missing email and phone. Works with all of your existing loyalty and CRM apps.  
Collapse video player",,,,reddit_manual,thread6.txt,thread6.txt_72,SERVICE_NOISE,,[],False,neutral
thread6.txt_81,"Share
 
Charge8
•
2y ago
Is zepto a startup e commerce site ?
 
Upvote
1",,,,reddit_manual,thread6.txt,thread6.txt_81,SERVICE_NOISE,,[],False,neutral
thread6.txt_87,"Share
 
 u/Visual-Maximum-8117 avatar
Visual-Maximum-8117
•
2y ago
You are worried about a 600 Rupee calculator!
 
Upvote
1",,,,reddit_manual,thread6.txt,thread6.txt_87,SERVICE_NOISE,,[],False,neutral
thread6.txt_93,"Share
 
azure1716
•
1y ago
bhai 600 rupees kbse km hone lge
 
Upvote
0",,,,reddit_manual,thread6.txt,thread6.txt_93,SERVICE_NOISE,,[],False,neutral
thread6.txt_96,"Share
 
 u/Visual-Maximum-8117 avatar
Visual-Maximum-8117
•
1y ago
Depends upon your financial status. For most people who are at least middle class, it is a tiny amount not worth worrying about.
 
Upvote
1",,,,reddit_manual,thread6.txt,thread6.txt_96,SERVICE_NOISE,,[],False,neutral
thread6.txt_99,"Share
 
 u/Dramatic_Kale_9853 avatar
Dramatic_Kale_9853
•
1y ago
Thora tiny amount mereko bhi dede bhai
 
Upvote
0",,,,reddit_manual,thread6.txt,thread6.txt_99,SERVICE_NOISE,,[],False,neutral
thread6.txt_102,"Share
 
 u/Visual-Maximum-8117 avatar
Visual-Maximum-8117
•
1y ago
I will give you some advice: learn to improve qualifications and work hard. After 10 to 20 years, you will succeed.
 
Upvote
1",,,,reddit_manual,thread6.txt,thread6.txt_102,SERVICE_NOISE,,[],False,neutral
thread6.txt_105,"Share
 
[deleted]
•
2y ago
They are selling iphone 16, lelo bhyi ye to calculator hai
 
Upvote
1",,,,reddit_manual,thread6.txt,thread6.txt_105,SERVICE_NOISE,,['electronics'],False,neutral
thread6.txt_108,"Share
 
 u/No_Rest6131 avatar
No_Rest6131
•
2y ago
Answer galat aata hai
 
Upvote
1",,,,reddit_manual,thread6.txt,thread6.txt_108,SERVICE_NOISE,,[],False,neutral
thread6.txt_111,"Share
 
 u/Dramatic_Kale_9853 avatar
Dramatic_Kale_9853
•
1y ago
🤣🤣
 
Upvote
1",,,,reddit_manual,thread6.txt,thread6.txt_111,SERVICE_NOISE,,[],False,neutral
thread6.txt_114,"Share
 
CommunityCurrencyBot
•
2y ago
As an appreciation for your content contributions to this community, you have been rewarded the following community currency rewards.",,,,reddit_manual,thread6.txt,thread6.txt_114,SERVICE_NOISE,,[],False,neutral
thread6.txt_115,💱Learn more about Community Currency!💱,,,,reddit_manual,thread6.txt,thread6.txt_115,SERVICE_NOISE,,[],False,neutral
thread6.txt_119,"Share
 
[deleted]
•
2y ago
Humare seniors passed their calculators to us 😭😭
 
Upvote
1",,,,reddit_manual,thread6.txt,thread6.txt_119,SERVICE_NOISE,,[],False,neutral
thread6.txt_122,"Share
 
WinterSurprise3230
OP
•
2y ago
Mujhe mila hi nhi koi dene wala 😃🤕
 
Upvote
1",,,,reddit_manual,thread6.txt,thread6.txt_122,SERVICE_NOISE,,[],False,neutral
thread6.txt_125,"Share
 
 u/Excellent_Dare118 avatar
Excellent_Dare118
•
1y ago
I just bought an boAt airdopes Blass ANC and the packaging was good and authorised product was delivered 
 
Upvote
1",,,,reddit_manual,thread6.txt,thread6.txt_125,TRUST_AUTHENTICITY,,['electronics'],False,positive
thread7.txt_0,"Skip to main content
Buying fruits from Zepto is becoming a waste of money : r/IndianFood",,,,reddit_manual,thread7.txt,thread7.txt_0,TRUST_QUALITY,PRICE_VALUE,['fruits'],False,negative
thread7.txt_4,"User Avatar
Expand user menu
Skip to Navigation Skip to Right Sidebar
 
Back
 
Go to IndianFood
r/IndianFood
•
21d ago
[deleted]",,,,reddit_manual,thread7.txt,thread7.txt_4,SERVICE_NOISE,,[],False,neutral
thread7.txt_5,Buying fruits from Zepto is becoming a waste of money,,,,reddit_manual,thread7.txt,thread7.txt_5,TRUST_QUALITY,PRICE_VALUE,['fruits'],False,negative
thread7.txt_6,"Sorry, this post was deleted by the person who originally posted it.",,,,reddit_manual,thread7.txt,thread7.txt_6,SERVICE_NOISE,,[],False,neutral
thread7.txt_10,"Best
 
Search Comments
Expand comment search
Comments Section
ibarmy
•
21d ago
Profile Badge for the Achievement Top 1% Commenter Top 1% Commenter
Please head to r / frugal indian or your citys subreddit. While it is food but this seems very low effort to qualify as indian food. 
 
Upvote
8",,,,reddit_manual,thread7.txt,thread7.txt_10,SERVICE_NOISE,,[],False,neutral
thread7.txt_12,"Share
 
tetlee
•
21d ago
This is what this thread is talking about",,,,reddit_manual,thread7.txt,thread7.txt_12,SERVICE_NOISE,,[],False,neutral
thread7.txt_13,https://www.reddit.com/r/IndianFood/s/M63NHnK1bF,,,,reddit_manual,thread7.txt,thread7.txt_13,SERVICE_NOISE,,[],False,neutral
thread7.txt_16,"Share
 
neela-aasman
•
21d ago
Wrong sub , post this in r/fuckzepto
 
Upvote
4",,,,reddit_manual,thread7.txt,thread7.txt_16,SERVICE_NOISE,,[],False,negative
thread7.txt_18,"Share
 
Adventurous_applepie
•
21d ago
Looks like you ordered bananas but received plantains (kachche kele) which is used to make vegetable dish. We make a stir fried version in summers which is very tasty.
 
Upvote
0",,,,reddit_manual,thread7.txt,thread7.txt_18,TRUST_QUALITY,,['fruits'],False,mixed
thread7.txt_20,"Share
 
quite_chaos_blr
•
21d ago
I have faced same issue and from multiple quick commerce platforms, including Zepto. I had to move to Firstclub now atleast there is a guarantee of getting good edible fruita
 
Upvote
-1",,,,reddit_manual,thread7.txt,thread7.txt_20,TRUST_QUALITY,,['fruits'],False,negative
thread7.txt_22,"Share
 
Community Info Section
r/IndianFood
 Join
Indian Food
Indian Food is your step by step guide to simple and delicious home cooking. From regional Indian cuisine to popular dishes from around the globe, our community's focus is to make cooking easy. Come join us and learn!",,,,reddit_manual,thread7.txt,thread7.txt_22,SERVICE_NOISE,,[],False,neutral
thread7.txt_23,"Show more
Created Nov 4, 2010
Public
136K
Weekly visitors
1.2K
Weekly contributions
USER FLAIR
 u/ShiftBackground5617 avatar
ShiftBackground5617
R/INDIANFOOD RULES
1
Indian food only
2
Posted recipe must include both ingredients and instructions.
3
Spam or low-effort posts.
4
Respectful conduct
MODERATORS
Message Mods
 u/zem avatar
u/zem
 u/AutoModerator avatar
u/AutoModerator
u/pentosephosphate
u/paranoidandroid7312
The Paranoid Android
View all moderators
Reddit Rules
Privacy Policy
User Agreement
Accessibility
Reddit, Inc. © 2026. All rights reserved.",,,,reddit_manual,thread7.txt,thread7.txt_23,SERVICE_NOISE,,[],False,neutral
thread8.txt_0,"Skip to main content
Zepto sending stale/rotten veggies for cheap prices : r/india",,,,reddit_manual,thread8.txt,thread8.txt_0,TRUST_QUALITY,,['vegetables'],False,negative
thread8.txt_4,"User Avatar
Expand user menu
Skip to Navigation Skip to Right Sidebar
 
Back
 
Go to india
r/india
•
1y ago
sickpsychopathicfuck
Maharashtra",,,,reddit_manual,thread8.txt,thread8.txt_4,SERVICE_NOISE,,[],False,neutral
thread8.txt_5,Zepto sending stale/rotten veggies for cheap prices,,,,reddit_manual,thread8.txt,thread8.txt_5,TRUST_QUALITY,,['vegetables'],False,negative
thread8.txt_6,"Food
 
r/india - Zepto sending stale/rotten veggies for cheap prices
Page 1 (Current page)
Page 2
Page 3",,,,reddit_manual,thread8.txt,thread8.txt_6,SERVICE_NOISE,,[],False,neutral
thread8.txt_7,"Item 1 of 3
Ordered some veggies from zepto and got stale/rotten veggies for cheap prices. Could have willingly paid extra for good quality. Don't know when they will fix this!! Ordered this on 6th March, 2025 (fyi).
 
Upvote
93",,,,reddit_manual,thread8.txt,thread8.txt_7,TRUST_QUALITY,,['vegetables'],False,negative
thread8.txt_9,"Share
 u/agora-io avatar
agora-io
Ad
 
Build AI sales agents that initiate and qualify — handing SDRs only the calls worth having.
 Build AI SDRs for Any Industry
 AI Outbound Calls that Scale
 Build AI SDRs for Any Industry
 Improve No. of Meetings Booked
 Configure Using a No-Code Studio
 Powered by Agora's SDRTN®
agora.io
Learn More
Sort by:",,,,reddit_manual,thread8.txt,thread8.txt_9,SERVICE_NOISE,,[],False,neutral
thread8.txt_10,"Best
 
Search Comments
Expand comment search
Comments Section
[deleted]
•
1y ago
Step out of the house to purchase basic grocerries do not give money to that fraud .
 
Upvote
75",,,,reddit_manual,thread8.txt,thread8.txt_10,TRUST_QUALITY,,['groceries'],False,negative
thread8.txt_13,"Share
 
 u/sickpsychopathicfuck avatar
sickpsychopathicfuck
OP
•
1y ago
Maharashtra
Only if I could come home before 10, lol. Anyway, not against local shops. We usually get our veggies locally from the market. The problem here is the company allowing this to happen without any consequences.
 
Upvote
6",,,,reddit_manual,thread8.txt,thread8.txt_13,TRUST_QUALITY,,['vegetables'],False,negative
thread8.txt_16,"Share
 
Ginevod2023
•
1y ago
The company thinks they have a captive crowd,  so they are taking advantage.",,,,reddit_manual,thread8.txt,thread8.txt_16,TRUST_QUALITY,,[],False,negative
thread8.txt_17,"At local sabjiwala, no one buys the bad pieces. Eventually he throws them away, or sells them at throwaway prices.  Meanwhile you have zero control over what piece of vegetable you will get here, Zepto chooses what to give you. Every now and then they can give bad stock like this. If this is infrequent enough, many customers will keep using their services.
 
Upvote
5",,,,reddit_manual,thread8.txt,thread8.txt_17,TRUST_QUALITY,,['vegetables'],False,negative
thread8.txt_20,"Share
 
 u/sickpsychopathicfuck avatar
sickpsychopathicfuck
OP
•
1y ago
Maharashtra
Valid point made!
 
Upvote
1",,,,reddit_manual,thread8.txt,thread8.txt_20,SERVICE_NOISE,,[],False,neutral
thread8.txt_23,"Share
 
Tata840
•
1y ago
zepto's entire business is based on fraud and dark pattern.
 
Upvote
8",,,,reddit_manual,thread8.txt,thread8.txt_23,TRUST_QUALITY,,[],False,negative
thread8.txt_26,"Share
 
Ginevod2023
•
1y ago
It is based on taking advantage of lazy bums.
 
Upvote
2",,,,reddit_manual,thread8.txt,thread8.txt_26,SERVICE_NOISE,,[],False,negative
thread8.txt_32,"Share
 
 u/Forsaken-Sundae4797 avatar
Forsaken-Sundae4797
•
1y ago
Could you elaborate?
 
Upvote
1",,,,reddit_manual,thread8.txt,thread8.txt_32,SERVICE_NOISE,,[],False,neutral
thread8.txt_35,"Share
 
Tata840
•
1y ago
showing different prices on android and I-phone, showing fake cash available, canceling order and refunding only order money but not refunding GST charges (they will only refund GST if you point out), even if you have pass, you still need to tick in tick boxes, charges are hidden.
 
Upvote
3",,,,reddit_manual,thread8.txt,thread8.txt_35,SERVICE_NOISE,,[],False,negative
thread8.txt_38,"Share
 
 u/sickpsychopathicfuck avatar
sickpsychopathicfuck
OP
•
1y ago
Maharashtra
isshhh, how is the government letting this happen? or maybe they don't even care...",,,,reddit_manual,thread8.txt,thread8.txt_38,SERVICE_NOISE,,[],False,negative
thread8.txt_39,"but I agree, the free cash marketing is a little over the board.
 
Upvote
1",,,,reddit_manual,thread8.txt,thread8.txt_39,SERVICE_NOISE,,[],False,negative
thread8.txt_42,"Share
 
NightSoul005
•
1y ago
Our work life balance is doomed !!!
 
Upvote
2",,,,reddit_manual,thread8.txt,thread8.txt_42,SERVICE_NOISE,,[],False,negative
thread8.txt_45,"Share
 
 u/sickpsychopathicfuck avatar
sickpsychopathicfuck
OP
•
1y ago
Maharashtra
Couldn't agree more ;-;
 
Upvote
1",,,,reddit_manual,thread8.txt,thread8.txt_45,SERVICE_NOISE,,[],False,negative
thread8.txt_48,"Share
 
[deleted]
•
1y ago
ahh sh*t miserable work life with worst quality food I wish you escape from this worst loop .
 
Upvote
2",,,,reddit_manual,thread8.txt,thread8.txt_48,SERVICE_NOISE,,[],False,negative
thread8.txt_51,"Share
 
 u/sickpsychopathicfuck avatar
sickpsychopathicfuck
OP
•
1y ago
Maharashtra
;-;
 
Upvote
1",,,,reddit_manual,thread8.txt,thread8.txt_51,SERVICE_NOISE,,[],False,negative
thread8.txt_54,"Share
 
Venkatesh__Kumar
•
1y ago
That's How a Silent Stock Clearance is done by pitching it to you for the lowest prices making you buy that thing even when it's not in need.(I've experienced it once)
 
Upvote
6",,,,reddit_manual,thread8.txt,thread8.txt_54,PRICE_VALUE,,[],False,negative
thread8.txt_57,"Share
 
Pixi_Dust_408
•
1y ago
Zepto is worse than other delivery services in my opinion. Swiggy isn't the best but the products on it aren't as bad as Zepto.
 
Upvote
4",,,,reddit_manual,thread8.txt,thread8.txt_57,TRUST_QUALITY,,[],False,negative
thread8.txt_60,"Share
 
 u/EloquentPickle avatar
u/EloquentPickle
Ad
 
open source and MIT
latitude.so
 Thumbnail image: open source and MIT
NoReasonToLive99
•
1y ago
I found that long time ago. Stopped using it since then
 
Upvote
7",,,,reddit_manual,thread8.txt,thread8.txt_60,SERVICE_NOISE,,[],False,negative
thread8.txt_63,"Share
 
 u/sickpsychopathicfuck avatar
sickpsychopathicfuck
OP
•
1y ago
Maharashtra
Gonna do that too now. Maybe okay for chips and snacks, but groceries otherwise are a scam.
 
Upvote
0",,,,reddit_manual,thread8.txt,thread8.txt_63,MENTAL_MODEL,TRUST_QUALITY,"['chips', 'snacks', 'groceries']",False,negative
thread8.txt_66,"Share
 
philosopher4_2_0
•
1y ago
I am buying only ginger from zepto. Kyuki vo thoda purana chal jata h jldi kharab nhi jota
 
Upvote
3",,,,reddit_manual,thread8.txt,thread8.txt_66,HABIT_AUTOPILOT,TRUST_QUALITY,['ginger'],False,mixed
thread8.txt_69,"Share
 
Kakashi-san-
•
1y ago
[deleted]
•
1y ago
Same experience. Had ordered brinjal. Stale, worm infested pieces were sent 🥲
 
Upvote
2",,,,reddit_manual,thread8.txt,thread8.txt_69,TRUST_QUALITY,,['brinjal'],False,negative
thread8.txt_72,"Share
 
 u/sickpsychopathicfuck avatar
sickpsychopathicfuck
OP
•
1y ago
Maharashtra
Ew, ugh. Badly wish there's legal action that could be taken against quick commerce companies for allowing us to go through this.
 
Upvote
1",,,,reddit_manual,thread8.txt,thread8.txt_72,SERVICE_NOISE,,[],False,negative
thread8.txt_75,"Share
 
Anishx
•
1y ago
•
Edited 1y ago
I don't think those mushrooms are bad. It looks a bit dusty, if you're using it within 1-2 days (refrigerate) , it should be perfectly fine.
Idk what's wrong in the lettuce as well. It looks a bit withered, that's it. Are you planning to post pics on insta ?
Both look perfectly fine to me.Am i missing something ?",,,,reddit_manual,thread8.txt,thread8.txt_75,TRUST_QUALITY,,"['mushrooms', 'lettuce']",False,mixed
thread8.txt_76,"Get mushroom from local market, and Lettuce from places like Namdhari's.
Boomers go directly to buy & there's a reason for that, and you are paying for someone to choose, not for the freshness. They choose what's right in front. If you wanna choose, you gotta get up from that chair, step out of the house to put in the effort to purchase
 
Upvote
2",,,,reddit_manual,thread8.txt,thread8.txt_76,MENTAL_MODEL,,"['mushroom', 'lettuce']",False,negative
thread8.txt_79,"Share
 
 u/sickpsychopathicfuck avatar
sickpsychopathicfuck
OP
•
1y ago
Maharashtra
the mushrooms look dusty, yes. and the lettuce is in absolutely in the worst condition. if you look closely, it looks like someone has actually cut the main lettuce from the stalk and just packed the stalk and a few leaves. also, they looked like a crushed piece of paper in the package.",,,,reddit_manual,thread8.txt,thread8.txt_79,TRUST_QUALITY,,"['mushrooms', 'lettuce']",False,negative
thread8.txt_80,"i agree on buying local here, just that some exotic veggies are sold out when I go to buy them so I end up buying them online where I have not faced such issue before (ordered twice before and received decent ones. still stale but decent ones). this time was worse fs.
 
Upvote
1",,,,reddit_manual,thread8.txt,thread8.txt_80,TRUST_QUALITY,DISCOVERY_GAP,['exotic veggies'],False,negative
thread8.txt_83,"Share
 
Anishx
•
1y ago
It's Rs 17. Ofc they're going to do that. Lettuce I buy is like Rs.100",,,,reddit_manual,thread8.txt,thread8.txt_83,PRICE_VALUE,,['lettuce'],False,mixed
thread8.txt_84,"What did u expect for Rs 17? This isn't lettuce iceberg, this lettuce is kinda supposed to look like that. And + it's edible.",,,,reddit_manual,thread8.txt,thread8.txt_84,PRICE_VALUE,,['lettuce'],False,mixed
thread8.txt_85,"Are are looking to Instagram vegetables or looking to eat them?
 
Upvote
1",,,,reddit_manual,thread8.txt,thread8.txt_85,PRICE_VALUE,,['vegetables'],False,mixed
thread8.txt_88,"Share
 
[deleted]
•
1y ago
Don’t order veggies online please. I ordered cabbage from zepto and got food poisoning.
 
Upvote
1",,,,reddit_manual,thread8.txt,thread8.txt_88,TRUST_QUALITY,,['cabbage'],False,negative
thread8.txt_91,"Share
 
 u/sickpsychopathicfuck avatar
sickpsychopathicfuck
OP
•
1y ago
Maharashtra
I am gonna do that only now. Fuck online groceries.
 
Upvote
1",,,,reddit_manual,thread8.txt,thread8.txt_91,MENTAL_MODEL,,[],False,negative
thread8.txt_94,"Share
 
[deleted]
•
1y ago
Yeah don’t take chances. I was literally crying from pain of body ache during the illness.🥲
 
Upvote
2",,,,reddit_manual,thread8.txt,thread8.txt_94,TRUST_QUALITY,,[],False,negative
thread8.txt_97,"Share
 
[deleted]
•
1y ago
These quick commerce businesses are getting out of hand now, unrealistic delivery charges for repeat customers, such incidents even after they charge a platform fee, consumer complaint is the only solution now
 
Upvote
1",,,,reddit_manual,thread8.txt,thread8.txt_97,SERVICE_NOISE,,[],False,negative
thread8.txt_103,"Share
 
 u/sickpsychopathicfuck avatar
sickpsychopathicfuck
OP
•
1y ago
Maharashtra
lettuce for 17 and broccoli for 30 is kinda cheap bro, I don't get stuff at that cost near me
 
Upvote
1",,,,reddit_manual,thread8.txt,thread8.txt_103,PRICE_VALUE,,"['lettuce', 'broccoli']",False,positive
thread8.txt_109,"Share
 
 u/Autodesk avatar
u/Autodesk
Ad
 
Free Fusion Training for Educators
 Start teaching with our ready-to-use curriculum
 Empower your students with industry grade software
autodesk.in
Sign Up
No-man_show
•
1y ago
Location like which city ? I usually order veegatablez from zepto since past 3 months , faced issue 1-2 times like this but most of the remaining times got freshly packed vegetables with actually good quality .
 
Upvote
1",,,,reddit_manual,thread8.txt,thread8.txt_109,HABIT_AUTOPILOT,,['vegetables'],False,positive
thread8.txt_112,"Share
 
 u/sickpsychopathicfuck avatar
sickpsychopathicfuck
OP
•
1y ago
Maharashtra
mumbai, and many people i work with who come from different regions of thane, Mumbai and navi Mumbai have expressed the same issue.
 
Upvote
1",,,,reddit_manual,thread8.txt,thread8.txt_112,SERVICE_NOISE,,[],False,negative
thread8.txt_115,"Share
 
No-man_show
•
1y ago
I am from thane too .That's why asked , which city
 
Upvote
1",,,,reddit_manual,thread8.txt,thread8.txt_115,SERVICE_NOISE,,[],False,neutral
thread8.txt_118,"Share
 
Ok-Situation-2068
•
1y ago
And Nikhil kamath wants Indian people to survive on restro and on this corporates.
 
Upvote
1",,,,reddit_manual,thread8.txt,thread8.txt_118,SERVICE_NOISE,,[],False,negative
thread8.txt_121,"Share
 
syedatif59plus10
•
1y ago
Support local markets , you get fresh produce at cheaper prices
 
Upvote
1",,,,reddit_manual,thread8.txt,thread8.txt_121,PRICE_VALUE,,['produce'],False,negative
thread8.txt_124,"Share
 
ActiveCommittee8202
•
1y ago
Consumer rights is a joke on India
 
Upvote
1",,,,reddit_manual,thread8.txt,thread8.txt_124,SERVICE_NOISE,,[],False,negative
thread8.txt_127,"Share
 
[deleted]
•
1y ago
Is that mushroom mouldy
 
Upvote
1",,,,reddit_manual,thread8.txt,thread8.txt_127,TRUST_QUALITY,,['mushroom'],False,negative
thread8.txt_130,"Share
 
[deleted]
•
1y ago
u/Awkward_Breath2748 avatar
Awkward_Breath2748
•
8mo ago
I received the rotten full of fungus annd smelling tapioca today.
 
Upvote
1",,,,reddit_manual,thread8.txt,thread8.txt_130,TRUST_QUALITY,,['tapioca'],False,negative
thread8.txt_133,"Share
 
Crimson_Scarlt
•
1y ago
Aur karo quick commerce...
 
Upvote
0",,,,reddit_manual,thread8.txt,thread8.txt_133,SERVICE_NOISE,,[],False,negative
thread8.txt_136,"Share
 
 u/sickpsychopathicfuck avatar
sickpsychopathicfuck
OP
•
1y ago
Maharashtra
I never usually. Just use it to buy some exotic veggies not available in local shops. But of course, won't anymore.
 
Upvote
3",,,,reddit_manual,thread8.txt,thread8.txt_136,DISCOVERY_GAP,TRUST_QUALITY,['vegetables'],True,negative
thread8.txt_139,"Share
 
Zaboo_007
•
1y ago
Itne paiso me itna hi milega madam...cheap price me cheap products
 
Upvote
0",,,,reddit_manual,thread8.txt,thread8.txt_139,PRICE_VALUE,,[],False,negative
thread8.txt_142,"Share
 
galemekharash
•
1y ago
Good toh abhi market jaake insaano lena seekho kyunke wohi insaan kaam ayenge aage jaake.
 
Upvote
-2",,,,reddit_manual,thread8.txt,thread8.txt_142,MENTAL_MODEL,,[],False,negative
thread8.txt_145,"Share
 
 u/sickpsychopathicfuck avatar
sickpsychopathicfuck
OP
•
1y ago
Maharashtra
Woh insaan 8 baje dukaan band karke chale jaate hai aur hum office se hi 10 baje ghar aate hai :)
 
Upvote
2",,,,reddit_manual,thread8.txt,thread8.txt_145,MENTAL_MODEL,,[],False,positive
thread8.txt_148,"Share
 
ashdragoncatcher
•
1y ago
Stock it up during weekends? Or go to reliance fresh
 
Upvote
0",,,,reddit_manual,thread8.txt,thread8.txt_148,MENTAL_MODEL,,[],False,negative
thread8.txt_151,"Share
 
 u/sickpsychopathicfuck avatar
sickpsychopathicfuck
OP
•
1y ago
Maharashtra
considering this option already, thanks!
 
Upvote
2",,,,reddit_manual,thread8.txt,thread8.txt_151,SERVICE_NOISE,,[],False,neutral
thread8.txt_154,"Share
 
Rosesh_I_Sarabhai
•
1y ago
Kavita_Sunata_Hu
Hey_Rishabh
•
1y ago
Pichwada sofe pe se uthao, phone feko side mein, ghar se bahar niklo, aur ghar ke basic necessities khud se lekar aao be.
 
Upvote
-1",,,,reddit_manual,thread8.txt,thread8.txt_154,MENTAL_MODEL,,[],False,negative
thread8.txt_157,"Share
 
 u/sickpsychopathicfuck avatar
sickpsychopathicfuck
OP
•
1y ago
Maharashtra
Desh k saare yuva unemployed nahi hote Rishabh.
 
Upvote
2",,,,reddit_manual,thread8.txt,thread8.txt_157,SERVICE_NOISE,,[],False,neutral
thread8.txt_160,"Share
 
Hey_Rishabh
•
1y ago
Toh Blinkit/zepto ke aane se pehle living room mein sabzi ugate the?
 
Upvote
0",,,,reddit_manual,thread8.txt,thread8.txt_160,SERVICE_NOISE,,[],False,neutral
thread8.txt_163,"Share
 
 u/sickpsychopathicfuck avatar
sickpsychopathicfuck
OP
•
1y ago
Maharashtra
i don't know what problem you have here. i have already said in the threads (not sure if you spent 2 mins reading them) that we usually buy from local shops. anyhoo, the problem here is not my inability to go and buy personally, the problem is quick commerce companies being able to get away with exploiting us indians with such practises.",,,,reddit_manual,thread8.txt,thread8.txt_163,TRUST_QUALITY,,[],False,negative
thread8.txt_164,"tum alag victim blaming game khel rahe ho yaha :)
 
Upvote
2",,,,reddit_manual,thread8.txt,thread8.txt_164,SERVICE_NOISE,,[],False,negative
thread8.txt_171,"Share
 
[deleted]
•
1y ago
Community Info Section
r/india
icons8-india-48
 Join
India: United We Stand
The Official Subreddit for India
Created Jan 25, 2008
Public",,,,reddit_manual,thread8.txt,thread8.txt_171,SERVICE_NOISE,,[],False,negative
thread8.txt_172,"Community Guide
739K
Weekly visitors
13K
Weekly contributions
USER FLAIR
 u/ShiftBackground5617 avatar
ShiftBackground5617
COMMUNITY BOOKMARKS
Wiki
Non-Political Feed
📃 Submission Rules
 
🤝 Reddit IndiaVerse
🗨️ AskIndia Threads
SEARCH BY FLAIR
Politics
Non Political
Art/Photo (OC)
Science/Technology
Business/Finance
Policy/Economy
Sports
Food
Foreign Relations
History
Scheduled
Culture & Heritage
People
Law & Courts
Memes/Satire (OC)
Environment
Media Matters
Health
NOTE FROM THE MODERATION TEAM
Read the complete set of rules before posting or commenting.",,,,reddit_manual,thread8.txt,thread8.txt_172,SERVICE_NOISE,,[],False,negative
thread8.txt_173,"Modmail us if you have any questions, need help or want to set up an AMA.",,,,reddit_manual,thread8.txt,thread8.txt_173,SERVICE_NOISE,,[],False,negative
thread8.txt_174,"Wiki Index
List of Past AMAs
Related Subreddits
R/INDIA RULES
1
All posts must be specific to India/Indians
2
Submission should only be in English
3
Personal attacks | Abuse | Hate speech
4
Witch-Hunting | Personal Information | Meta
5
Original/Relevant Title | Incorrect flair
6
Old content | Reposts
7
TIL | Image Posts | Memes
8
Submissions Must Have Reputed Source
9
Porn/Gore/NSFW | Self Promotion
10
Generative AI Content is Prohibited
11
AskIndia Queries Go in Stickied Thread
12
Mental Health Posts Go in the Weekly Thread
13
No Spam | No Low-Effort Submissions
14
No Misinformation or Disinformation
MAINSTREAM INDIAN SUBREDDITS",,,,reddit_manual,thread8.txt,thread8.txt_174,SERVICE_NOISE,,[],False,negative
thread8.txt_175,"r/TwoXIndia
365,475 members
 
r/bharat
10,836 members
 
r/Indianbooks
426,818 members
 
r/indiansports
418,112 members
 
r/IndianFootball
243,631 members
 
r/IndianFood
1,162,075 members
 
r/IndiaInvestments
950,683 members
 
r/LegalAdviceIndia
333,352 members
 
r/unitedstatesofindia
564,539 members
 
r/IndiaTech
780,300 members
CITY SUBREDDITS",,,,reddit_manual,thread8.txt,thread8.txt_175,SERVICE_NOISE,,[],False,negative
thread8.txt_176,"r/bangalore
1,089,320 members
 
r/Bhubaneswar
33,452 members
 
r/delhi
1,368,961 members
 
r/kolkata
464,724 members
 
r/mumbai
1,087,868 members
NICHÉ SUBREDDITS",,,,reddit_manual,thread8.txt,thread8.txt_176,SERVICE_NOISE,,[],False,negative
thread8.txt_177,"r/shitbjpsays
13,580 members
 
r/ShitINCSays
2,227 members
 
r/IndianPublicFreakout
7,018 members
 
r/NotThePyaaz
56,922 members
OUTREACH",,,,reddit_manual,thread8.txt,thread8.txt_177,SERVICE_NOISE,,[],False,negative
thread8.txt_182,"MODERATORS
Message Mods
 u/neoronin avatar
u/neoronin
 
emoji:icons8-india-national-em:
 u/rahulthewall avatar
u/rahulthewall
 
Uttarakhand
 u/kash_if avatar
u/kash_if
 u/Fluttershy_qtest avatar
u/Fluttershy_qtest
u/doc_two_thirty
I read, therefore I think, therefore I am.
 u/IAmMohit avatar
u/IAmMohit
 u/ppatra avatar
u/ppatra
 
emoji:icons8-smiling-48:
 u/freddledgruntbugly avatar
u/freddledgruntbugly
 
Karnataka
u/shhhhhhhhhh
Gujarat - Gaay hamari maata hai, iske aage kuch nahi aata hai
u/msquarea
 
glycerine guru
View all moderators
INSTALLED APPS
Banhammer
Spotlight
Flooding Assistant
Modmail Assistant
Toolbox Notes Transfer
Modmail Automator
Admin Tattler
Comment Mop
Hive Protector
Reddit Rules
Privacy Policy
User Agreement
Accessibility
Reddit, Inc. © 2026. All rights reserved.",,,,reddit_manual,thread8.txt,thread8.txt_182,SERVICE_NOISE,,[],False,negative
